{
  "matchId": "4486637050044",
  "timestamp": 1648690566,
  "timeAgo": {
    "number": 7,
    "unit": "days"
  },
  "clubs": {
    "106367": {
      "clubDivision": "8",
      "cNhlOnlineGameType": "5",
      "garaw": "5",
      "gfraw": "4",
      "losses": "0",
      "memberString": "6 / 6",
      "opponentClubId": "106991",
      "opponentScore": "5",
      "opponentTeamArtAbbr": "EASHL",
      "passa": "243",
      "passc": "173",
      "ppg": "0",
      "ppo": "6",
      "result": "6",
      "score": "4",
      "scoreString": "4 - 5",
      "shots": "12",
      "teamArtAbbr": "DROP",
      "teamSide": "1",
      "toa": "718",
      "winnerByDnf": "0",
      "winnerByGoalieDnf": "0",
      "details": {
        "name": "NoMaDiC WiLDCaTS oRDeR",
        "clubId": 106367,
        "regionId": 2,
        "teamId": 5139,
        "customKit": {
          "isCustomTeam": "1",
          "crestAssetId": "33",
          "useBaseAsset": "1"
        }
      },
      "goals": "4",
      "goalsAgainst": "5"
    },
    "106991": {
      "clubDivision": "9",
      "cNhlOnlineGameType": "5",
      "garaw": "4",
      "gfraw": "5",
      "losses": "0",
      "memberString": "6 / 6",
      "opponentClubId": "106367",
      "opponentScore": "4",
      "opponentTeamArtAbbr": "DROP",
      "passa": "284",
      "passc": "213",
      "ppg": "2",
      "ppo": "9",
      "result": "5",
      "score": "5",
      "scoreString": "5 - 4",
      "shots": "28",
      "teamArtAbbr": "EASHL",
      "teamSide": "0",
      "toa": "709",
      "winnerByDnf": "0",
      "winnerByGoalieDnf": "0",
      "details": {
        "name": "Fuego",
        "clubId": 106991,
        "regionId": 5,
        "teamId": 5103,
        "customKit": {
          "isCustomTeam": "1",
          "crestAssetId": "88",
          "useBaseAsset": "1"
        }
      },
      "goals": "5",
      "goalsAgainst": "4"
    }
  },
  "players": {
    "106367": {
      "710847": {
        "class": "1",
        "glbrksavepct": "0.00",
        "glbrksaves": "0",
        "glbrkshots": "0",
        "gldsaves": "0",
        "glga": "0",
        "glgaa": "0.00",
        "glpensavepct": "0.00",
        "glpensaves": "0",
        "glpenshots": "0",
        "glpkclearzone": "0",
        "glpokechecks": "0",
        "glsavepct": "0.00",
        "glsaves": "0",
        "glshots": "0",
        "glsoperiods": "0",
        "isGuest": "1",
        "memberString": "6 / 6",
        "opponentClubId": "106991",
        "opponentScore": "5",
        "player_dnf": "0",
        "playerLevel": "162",
        "pNhlOnlineGameType": "5",
        "position": "leftWing",
        "posSorted": "4",
        "rankpoints": "--",
        "ranktierassetid": "0",
        "ratingDefense": "100.00",
        "ratingOffense": "100.00",
        "ratingTeamplay": "10.00",
        "removedReason": "6",
        "result": "6",
        "score": "4",
        "scoreRaw": "4",
        "scoreString": "4 - 5",
        "skassists": "3",
        "skbs": "1",
        "skdeflections": "0",
        "skfol": "0",
        "skfopct": "0.00",
        "skfow": "0",
        "skgiveaways": "23",
        "skgoals": "0",
        "skgwg": "0",
        "skhits": "2",
        "skinterceptions": "19",
        "skpassattempts": "63",
        "skpasses": "44",
        "skpasspct": "69.84",
        "skpenaltiesdrawn": "1",
        "skpim": "8",
        "skpkclearzone": "1",
        "skplusmin": "1",
        "skpossession": "621",
        "skppg": "0",
        "sksaucerpasses": "1",
        "skshg": "0",
        "skshotattempts": "2",
        "skshotonnetpct": "50.00",
        "skshotpct": "0.00",
        "skshots": "1",
        "sktakeaways": "8",
        "teamSide": "1",
        "toi": "125",
        "toiseconds": "7482",
        "playername": "Barnabas_5"
      },
      "250249217": {
        "class": "21",
        "glbrksavepct": "1.00",
        "glbrksaves": "3",
        "glbrkshots": "3",
        "gldsaves": "1",
        "glga": "5",
        "glgaa": "2.27",
        "glpensavepct": "0.00",
        "glpensaves": "0",
        "glpenshots": "0",
        "glpkclearzone": "0",
        "glpokechecks": "0",
        "glsavepct": "0.82",
        "glsaves": "23",
        "glshots": "28",
        "glsoperiods": "0",
        "isGuest": "1",
        "memberString": "6 / 6",
        "opponentClubId": "106991",
        "opponentScore": "5",
        "player_dnf": "0",
        "playerLevel": "127",
        "pNhlOnlineGameType": "5",
        "position": "goalie",
        "posSorted": "0",
        "rankpoints": "--",
        "ranktierassetid": "0",
        "ratingDefense": "85.00",
        "ratingOffense": "85.00",
        "ratingTeamplay": "55.00",
        "removedReason": "6",
        "result": "6",
        "score": "4",
        "scoreRaw": "4",
        "scoreString": "4 - 5",
        "skassists": "0",
        "skbs": "0",
        "skdeflections": "0",
        "skfol": "0",
        "skfopct": "0.00",
        "skfow": "0",
        "skgiveaways": "0",
        "skgoals": "0",
        "skgwg": "0",
        "skhits": "0",
        "skinterceptions": "0",
        "skpassattempts": "0",
        "skpasses": "0",
        "skpasspct": "0.00",
        "skpenaltiesdrawn": "0",
        "skpim": "0",
        "skpkclearzone": "0",
        "skplusmin": "0",
        "skpossession": "0",
        "skppg": "0",
        "sksaucerpasses": "0",
        "skshg": "0",
        "skshotattempts": "0",
        "skshotonnetpct": "0.00",
        "skshotpct": "0.00",
        "skshots": "0",
        "sktakeaways": "0",
        "teamSide": "1",
        "toi": "132",
        "toiseconds": "7929",
        "playername": "BrazGhostt"
      },
      "346524512": {
        "class": "11",
        "glbrksavepct": "0.00",
        "glbrksaves": "0",
        "glbrkshots": "0",
        "gldsaves": "0",
        "glga": "0",
        "glgaa": "0.00",
        "glpensavepct": "0.00",
        "glpensaves": "0",
        "glpenshots": "0",
        "glpkclearzone": "0",
        "glpokechecks": "0",
        "glsavepct": "0.00",
        "glsaves": "0",
        "glshots": "0",
        "glsoperiods": "0",
        "isGuest": "1",
        "memberString": "6 / 6",
        "opponentClubId": "106991",
        "opponentScore": "5",
        "player_dnf": "0",
        "playerLevel": "112",
        "pNhlOnlineGameType": "5",
        "position": "defenseMen",
        "posSorted": "2",
        "rankpoints": "--",
        "ranktierassetid": "0",
        "ratingDefense": "100.00",
        "ratingOffense": "85.00",
        "ratingTeamplay": "100.00",
        "removedReason": "6",
        "result": "6",
        "score": "4",
        "scoreRaw": "4",
        "scoreString": "4 - 5",
        "skassists": "0",
        "skbs": "2",
        "skdeflections": "0",
        "skfol": "0",
        "skfopct": "0.00",
        "skfow": "0",
        "skgiveaways": "22",
        "skgoals": "0",
        "skgwg": "0",
        "skhits": "26",
        "skinterceptions": "6",
        "skpassattempts": "49",
        "skpasses": "38",
        "skpasspct": "77.55",
        "skpenaltiesdrawn": "0",
        "skpim": "4",
        "skpkclearzone": "3",
        "skplusmin": "1",
        "skpossession": "380",
        "skppg": "0",
        "sksaucerpasses": "0",
        "skshg": "0",
        "skshotattempts": "8",
        "skshotonnetpct": "12.50",
        "skshotpct": "0.00",
        "skshots": "1",
        "sktakeaways": "2",
        "teamSide": "1",
        "toi": "128",
        "toiseconds": "7691",
        "playername": "iMurphy757"
      },
      "347327387": {
        "class": "3",
        "glbrksavepct": "0.00",
        "glbrksaves": "0",
        "glbrkshots": "0",
        "gldsaves": "0",
        "glga": "0",
        "glgaa": "0.00",
        "glpensavepct": "0.00",
        "glpensaves": "0",
        "glpenshots": "0",
        "glpkclearzone": "0",
        "glpokechecks": "0",
        "glsavepct": "0.00",
        "glsaves": "0",
        "glshots": "0",
        "glsoperiods": "0",
        "isGuest": "1",
        "memberString": "6 / 6",
        "opponentClubId": "106991",
        "opponentScore": "5",
        "player_dnf": "0",
        "playerLevel": "133",
        "pNhlOnlineGameType": "5",
        "position": "center",
        "posSorted": "5",
        "rankpoints": "--",
        "ranktierassetid": "0",
        "ratingDefense": "100.00",
        "ratingOffense": "100.00",
        "ratingTeamplay": "100.00",
        "removedReason": "6",
        "result": "6",
        "score": "4",
        "scoreRaw": "4",
        "scoreString": "4 - 5",
        "skassists": "2",
        "skbs": "1",
        "skdeflections": "0",
        "skfol": "23",
        "skfopct": "59.65",
        "skfow": "34",
        "skgiveaways": "26",
        "skgoals": "1",
        "skgwg": "0",
        "skhits": "15",
        "skinterceptions": "7",
        "skpassattempts": "62",
        "skpasses": "46",
        "skpasspct": "74.19",
        "skpenaltiesdrawn": "4",
        "skpim": "2",
        "skpkclearzone": "0",
        "skplusmin": "1",
        "skpossession": "532",
        "skppg": "0",
        "sksaucerpasses": "1",
        "skshg": "0",
        "skshotattempts": "6",
        "skshotonnetpct": "33.33",
        "skshotpct": "50.00",
        "skshots": "2",
        "sktakeaways": "6",
        "teamSide": "1",
        "toi": "130",
        "toiseconds": "7809",
        "playername": "l_DominanDo_l"
      },
      "1796106302": {
        "class": "15",
        "glbrksavepct": "0.00",
        "glbrksaves": "0",
        "glbrkshots": "0",
        "gldsaves": "0",
        "glga": "0",
        "glgaa": "0.00",
        "glpensavepct": "0.00",
        "glpensaves": "0",
        "glpenshots": "0",
        "glpkclearzone": "0",
        "glpokechecks": "0",
        "glsavepct": "0.00",
        "glsaves": "0",
        "glshots": "0",
        "glsoperiods": "0",
        "isGuest": "0",
        "memberString": "6 / 6",
        "opponentClubId": "106991",
        "opponentScore": "5",
        "player_dnf": "0",
        "playerLevel": "114",
        "pNhlOnlineGameType": "5",
        "position": "defenseMen",
        "posSorted": "1",
        "rankpoints": "--",
        "ranktierassetid": "0",
        "ratingDefense": "100.00",
        "ratingOffense": "70.00",
        "ratingTeamplay": "75.00",
        "removedReason": "6",
        "result": "6",
        "score": "4",
        "scoreRaw": "4",
        "scoreString": "4 - 5",
        "skassists": "0",
        "skbs": "6",
        "skdeflections": "0",
        "skfol": "0",
        "skfopct": "0.00",
        "skfow": "0",
        "skgiveaways": "18",
        "skgoals": "0",
        "skgwg": "0",
        "skhits": "4",
        "skinterceptions": "13",
        "skpassattempts": "39",
        "skpasses": "29",
        "skpasspct": "74.36",
        "skpenaltiesdrawn": "1",
        "skpim": "2",
        "skpkclearzone": "4",
        "skplusmin": "1",
        "skpossession": "269",
        "skppg": "0",
        "sksaucerpasses": "0",
        "skshg": "0",
        "skshotattempts": "2",
        "skshotonnetpct": "0.00",
        "skshotpct": "0.00",
        "skshots": "0",
        "sktakeaways": "9",
        "teamSide": "1",
        "toi": "130",
        "toiseconds": "7810",
        "playername": "DiSaSTeRxPieCeX"
      },
      "1005108125005": {
        "class": "2",
        "glbrksavepct": "0.00",
        "glbrksaves": "0",
        "glbrkshots": "0",
        "gldsaves": "0",
        "glga": "0",
        "glgaa": "0.00",
        "glpensavepct": "0.00",
        "glpensaves": "0",
        "glpenshots": "0",
        "glpkclearzone": "0",
        "glpokechecks": "0",
        "glsavepct": "0.00",
        "glsaves": "0",
        "glshots": "0",
        "glsoperiods": "0",
        "isGuest": "1",
        "memberString": "6 / 6",
        "opponentClubId": "106991",
        "opponentScore": "5",
        "player_dnf": "0",
        "playerLevel": "191",
        "pNhlOnlineGameType": "5",
        "position": "rightWing",
        "posSorted": "3",
        "rankpoints": "--",
        "ranktierassetid": "0",
        "ratingDefense": "100.00",
        "ratingOffense": "100.00",
        "ratingTeamplay": "30.00",
        "removedReason": "6",
        "result": "6",
        "score": "4",
        "scoreRaw": "4",
        "scoreString": "4 - 5",
        "skassists": "0",
        "skbs": "3",
        "skdeflections": "0",
        "skfol": "2",
        "skfopct": "0.00",
        "skfow": "0",
        "skgiveaways": "29",
        "skgoals": "3",
        "skgwg": "0",
        "skhits": "3",
        "skinterceptions": "7",
        "skpassattempts": "26",
        "skpasses": "13",
        "skpasspct": "50.00",
        "skpenaltiesdrawn": "0",
        "skpim": "2",
        "skpkclearzone": "0",
        "skplusmin": "1",
        "skpossession": "379",
        "skppg": "0",
        "sksaucerpasses": "0",
        "skshg": "0",
        "skshotattempts": "8",
        "skshotonnetpct": "75.00",
        "skshotpct": "50.00",
        "skshots": "6",
        "sktakeaways": "6",
        "teamSide": "1",
        "toi": "132",
        "toiseconds": "7896",
        "playername": "Fatt_Sajak"
      }
    },
    "106991": {
      "218250708": {
        "class": "6",
        "glbrksavepct": "0.00",
        "glbrksaves": "0",
        "glbrkshots": "0",
        "gldsaves": "0",
        "glga": "0",
        "glgaa": "0.00",
        "glpensavepct": "0.00",
        "glpensaves": "0",
        "glpenshots": "0",
        "glpkclearzone": "0",
        "glpokechecks": "0",
        "glsavepct": "0.00",
        "glsaves": "0",
        "glshots": "0",
        "glsoperiods": "0",
        "isGuest": "1",
        "memberString": "6 / 6",
        "opponentClubId": "106367",
        "opponentScore": "4",
        "player_dnf": "0",
        "playerLevel": "209",
        "pNhlOnlineGameType": "5",
        "position": "rightWing",
        "posSorted": "3",
        "rankpoints": "--",
        "ranktierassetid": "0",
        "ratingDefense": "100.00",
        "ratingOffense": "100.00",
        "ratingTeamplay": "70.00",
        "removedReason": "6",
        "result": "5",
        "score": "5",
        "scoreRaw": "5",
        "scoreString": "5 - 4",
        "skassists": "1",
        "skbs": "0",
        "skdeflections": "0",
        "skfol": "5",
        "skfopct": "44.44",
        "skfow": "4",
        "skgiveaways": "22",
        "skgoals": "2",
        "skgwg": "1",
        "skhits": "1",
        "skinterceptions": "12",
        "skpassattempts": "68",
        "skpasses": "46",
        "skpasspct": "67.65",
        "skpenaltiesdrawn": "0",
        "skpim": "2",
        "skpkclearzone": "0",
        "skplusmin": "-1",
        "skpossession": "500",
        "skppg": "0",
        "sksaucerpasses": "1",
        "skshg": "0",
        "skshotattempts": "8",
        "skshotonnetpct": "87.50",
        "skshotpct": "28.57",
        "skshots": "7",
        "sktakeaways": "9",
        "teamSide": "0",
        "toi": "130",
        "toiseconds": "7810",
        "playername": "Bufford80"
      },
      "291659669": {
        "class": "15",
        "glbrksavepct": "0.00",
        "glbrksaves": "0",
        "glbrkshots": "0",
        "gldsaves": "0",
        "glga": "0",
        "glgaa": "0.00",
        "glpensavepct": "0.00",
        "glpensaves": "0",
        "glpenshots": "0",
        "glpkclearzone": "0",
        "glpokechecks": "0",
        "glsavepct": "0.00",
        "glsaves": "0",
        "glshots": "0",
        "glsoperiods": "0",
        "isGuest": "1",
        "memberString": "6 / 6",
        "opponentClubId": "106367",
        "opponentScore": "4",
        "player_dnf": "0",
        "playerLevel": "179",
        "pNhlOnlineGameType": "5",
        "position": "defenseMen",
        "posSorted": "2",
        "rankpoints": "--",
        "ranktierassetid": "0",
        "ratingDefense": "100.00",
        "ratingOffense": "100.00",
        "ratingTeamplay": "100.00",
        "removedReason": "6",
        "result": "5",
        "score": "5",
        "scoreRaw": "5",
        "scoreString": "5 - 4",
        "skassists": "1",
        "skbs": "3",
        "skdeflections": "0",
        "skfol": "0",
        "skfopct": "0.00",
        "skfow": "0",
        "skgiveaways": "11",
        "skgoals": "1",
        "skgwg": "0",
        "skhits": "7",
        "skinterceptions": "19",
        "skpassattempts": "60",
        "skpasses": "52",
        "skpasspct": "86.67",
        "skpenaltiesdrawn": "2",
        "skpim": "0",
        "skpkclearzone": "2",
        "skplusmin": "-1",
        "skpossession": "427",
        "skppg": "1",
        "sksaucerpasses": "1",
        "skshg": "0",
        "skshotattempts": "11",
        "skshotonnetpct": "54.55",
        "skshotpct": "16.67",
        "skshots": "6",
        "sktakeaways": "7",
        "teamSide": "0",
        "toi": "132",
        "toiseconds": "7929",
        "playername": "LEAFS-FAN-"
      },
      "788009627": {
        "class": "4",
        "glbrksavepct": "0.00",
        "glbrksaves": "0",
        "glbrkshots": "0",
        "gldsaves": "0",
        "glga": "0",
        "glgaa": "0.00",
        "glpensavepct": "0.00",
        "glpensaves": "0",
        "glpenshots": "0",
        "glpkclearzone": "0",
        "glpokechecks": "0",
        "glsavepct": "0.00",
        "glsaves": "0",
        "glshots": "0",
        "glsoperiods": "0",
        "isGuest": "1",
        "memberString": "6 / 6",
        "opponentClubId": "106367",
        "opponentScore": "4",
        "player_dnf": "0",
        "playerLevel": "182",
        "pNhlOnlineGameType": "5",
        "position": "center",
        "posSorted": "5",
        "rankpoints": "--",
        "ranktierassetid": "0",
        "ratingDefense": "100.00",
        "ratingOffense": "100.00",
        "ratingTeamplay": "80.00",
        "removedReason": "6",
        "result": "5",
        "score": "5",
        "scoreRaw": "5",
        "scoreString": "5 - 4",
        "skassists": "1",
        "skbs": "0",
        "skdeflections": "0",
        "skfol": "29",
        "skfopct": "40.82",
        "skfow": "20",
        "skgiveaways": "18",
        "skgoals": "2",
        "skgwg": "0",
        "skhits": "7",
        "skinterceptions": "16",
        "skpassattempts": "48",
        "skpasses": "37",
        "skpasspct": "77.08",
        "skpenaltiesdrawn": "4",
        "skpim": "8",
        "skpkclearzone": "0",
        "skplusmin": "-1",
        "skpossession": "432",
        "skppg": "1",
        "sksaucerpasses": "0",
        "skshg": "0",
        "skshotattempts": "8",
        "skshotonnetpct": "87.50",
        "skshotpct": "28.57",
        "skshots": "7",
        "sktakeaways": "10",
        "teamSide": "0",
        "toi": "124",
        "toiseconds": "7453",
        "playername": "DREAM-LXIX"
      },
      "1692118818": {
        "class": "15",
        "glbrksavepct": "0.00",
        "glbrksaves": "0",
        "glbrkshots": "0",
        "gldsaves": "0",
        "glga": "0",
        "glgaa": "0.00",
        "glpensavepct": "0.00",
        "glpensaves": "0",
        "glpenshots": "0",
        "glpkclearzone": "0",
        "glpokechecks": "0",
        "glsavepct": "0.00",
        "glsaves": "0",
        "glshots": "0",
        "glsoperiods": "0",
        "isGuest": "0",
        "memberString": "6 / 6",
        "opponentClubId": "106367",
        "opponentScore": "4",
        "player_dnf": "0",
        "playerLevel": "168",
        "pNhlOnlineGameType": "5",
        "position": "leftWing",
        "posSorted": "4",
        "rankpoints": "--",
        "ranktierassetid": "0",
        "ratingDefense": "100.00",
        "ratingOffense": "100.00",
        "ratingTeamplay": "45.00",
        "removedReason": "6",
        "result": "5",
        "score": "5",
        "scoreRaw": "5",
        "scoreString": "5 - 4",
        "skassists": "4",
        "skbs": "1",
        "skdeflections": "0",
        "skfol": "0",
        "skfopct": "100.00",
        "skfow": "1",
        "skgiveaways": "21",
        "skgoals": "0",
        "skgwg": "0",
        "skhits": "0",
        "skinterceptions": "10",
        "skpassattempts": "52",
        "skpasses": "30",
        "skpasspct": "57.69",
        "skpenaltiesdrawn": "2",
        "skpim": "2",
        "skpkclearzone": "0",
        "skplusmin": "-1",
        "skpossession": "331",
        "skppg": "0",
        "sksaucerpasses": "0",
        "skshg": "0",
        "skshotattempts": "12",
        "skshotonnetpct": "41.67",
        "skshotpct": "0.00",
        "skshots": "5",
        "sktakeaways": "6",
        "teamSide": "0",
        "toi": "130",
        "toiseconds": "7810",
        "playername": "Madaia23"
      },
      "1705605309": {
        "class": "14",
        "glbrksavepct": "0.00",
        "glbrksaves": "0",
        "glbrkshots": "0",
        "gldsaves": "0",
        "glga": "0",
        "glgaa": "0.00",
        "glpensavepct": "0.00",
        "glpensaves": "0",
        "glpenshots": "0",
        "glpkclearzone": "0",
        "glpokechecks": "0",
        "glsavepct": "0.00",
        "glsaves": "0",
        "glshots": "0",
        "glsoperiods": "0",
        "isGuest": "1",
        "memberString": "6 / 6",
        "opponentClubId": "106367",
        "opponentScore": "4",
        "player_dnf": "0",
        "playerLevel": "148",
        "pNhlOnlineGameType": "5",
        "position": "defenseMen",
        "posSorted": "1",
        "rankpoints": "--",
        "ranktierassetid": "0",
        "ratingDefense": "100.00",
        "ratingOffense": "100.00",
        "ratingTeamplay": "75.00",
        "removedReason": "6",
        "result": "5",
        "score": "5",
        "scoreRaw": "5",
        "scoreString": "5 - 4",
        "skassists": "2",
        "skbs": "4",
        "skdeflections": "0",
        "skfol": "0",
        "skfopct": "0.00",
        "skfow": "0",
        "skgiveaways": "11",
        "skgoals": "0",
        "skgwg": "0",
        "skhits": "2",
        "skinterceptions": "20",
        "skpassattempts": "51",
        "skpasses": "43",
        "skpasspct": "84.31",
        "skpenaltiesdrawn": "1",
        "skpim": "0",
        "skpkclearzone": "2",
        "skplusmin": "-1",
        "skpossession": "390",
        "skppg": "0",
        "sksaucerpasses": "0",
        "skshg": "0",
        "skshotattempts": "6",
        "skshotonnetpct": "16.67",
        "skshotpct": "0.00",
        "skshots": "1",
        "sktakeaways": "9",
        "teamSide": "0",
        "toi": "132",
        "toiseconds": "7929",
        "playername": "Bxrtzyy-_-"
      },
      "1865860893": {
        "class": "21",
        "glbrksavepct": "0.00",
        "glbrksaves": "0",
        "glbrkshots": "0",
        "gldsaves": "0",
        "glga": "4",
        "glgaa": "1.82",
        "glpensavepct": "0.00",
        "glpensaves": "0",
        "glpenshots": "0",
        "glpkclearzone": "0",
        "glpokechecks": "0",
        "glsavepct": "0.67",
        "glsaves": "8",
        "glshots": "12",
        "glsoperiods": "0",
        "isGuest": "1",
        "memberString": "6 / 6",
        "opponentClubId": "106367",
        "opponentScore": "4",
        "player_dnf": "0",
        "playerLevel": "80",
        "pNhlOnlineGameType": "5",
        "position": "goalie",
        "posSorted": "0",
        "rankpoints": "--",
        "ranktierassetid": "0",
        "ratingDefense": "100.00",
        "ratingOffense": "55.00",
        "ratingTeamplay": "75.00",
        "removedReason": "6",
        "result": "5",
        "score": "5",
        "scoreRaw": "5",
        "scoreString": "5 - 4",
        "skassists": "0",
        "skbs": "0",
        "skdeflections": "0",
        "skfol": "0",
        "skfopct": "0.00",
        "skfow": "0",
        "skgiveaways": "0",
        "skgoals": "0",
        "skgwg": "0",
        "skhits": "0",
        "skinterceptions": "0",
        "skpassattempts": "0",
        "skpasses": "0",
        "skpasspct": "0.00",
        "skpenaltiesdrawn": "0",
        "skpim": "0",
        "skpkclearzone": "0",
        "skplusmin": "0",
        "skpossession": "0",
        "skppg": "0",
        "sksaucerpasses": "0",
        "skshg": "0",
        "skshotattempts": "0",
        "skshotonnetpct": "0.00",
        "skshotpct": "0.00",
        "skshots": "0",
        "sktakeaways": "0",
        "teamSide": "0",
        "toi": "132",
        "toiseconds": "7929",
        "playername": "I_HaveHighPing"
      }
    }
  },
  "aggregate": {
    "106367": {
      "class": 53,
      "glbrksavepct": 1,
      "glbrksaves": 3,
      "glbrkshots": 3,
      "gldsaves": 1,
      "glga": 5,
      "glgaa": 2.27,
      "glpensavepct": 0,
      "glpensaves": 0,
      "glpenshots": 0,
      "glpkclearzone": 0,
      "glpokechecks": 0,
      "glsavepct": 0.82,
      "glsaves": 23,
      "glshots": 28,
      "glsoperiods": 0,
      "isGuest": 5,
      "memberString": 0,
      "opponentClubId": 641946,
      "opponentScore": 30,
      "player_dnf": 0,
      "playerLevel": 839,
      "pNhlOnlineGameType": 30,
      "position": 0,
      "posSorted": 15,
      "rankpoints": 0,
      "ranktierassetid": 0,
      "ratingDefense": 585,
      "ratingOffense": 540,
      "ratingTeamplay": 370,
      "removedReason": 36,
      "result": 36,
      "score": 24,
      "scoreRaw": 24,
      "scoreString": 0,
      "skassists": 5,
      "skbs": 13,
      "skdeflections": 0,
      "skfol": 25,
      "skfopct": 59.65,
      "skfow": 34,
      "skgiveaways": 118,
      "skgoals": 4,
      "skgwg": 0,
      "skhits": 50,
      "skinterceptions": 52,
      "skpassattempts": 239,
      "skpasses": 170,
      "skpasspct": 345.94,
      "skpenaltiesdrawn": 6,
      "skpim": 18,
      "skpkclearzone": 8,
      "skplusmin": 5,
      "skpossession": 2181,
      "skppg": 0,
      "sksaucerpasses": 2,
      "skshg": 0,
      "skshotattempts": 26,
      "skshotonnetpct": 170.83,
      "skshotpct": 100,
      "skshots": 10,
      "sktakeaways": 31,
      "teamSide": 6,
      "toi": 777,
      "toiseconds": 46617
    },
    "106991": {
      "class": 75,
      "glbrksavepct": 0,
      "glbrksaves": 0,
      "glbrkshots": 0,
      "gldsaves": 0,
      "glga": 4,
      "glgaa": 1.82,
      "glpensavepct": 0,
      "glpensaves": 0,
      "glpenshots": 0,
      "glpkclearzone": 0,
      "glpokechecks": 0,
      "glsavepct": 0.67,
      "glsaves": 8,
      "glshots": 12,
      "glsoperiods": 0,
      "isGuest": 5,
      "memberString": 0,
      "opponentClubId": 638202,
      "opponentScore": 24,
      "player_dnf": 0,
      "playerLevel": 966,
      "pNhlOnlineGameType": 30,
      "position": 0,
      "posSorted": 15,
      "rankpoints": 0,
      "ranktierassetid": 0,
      "ratingDefense": 600,
      "ratingOffense": 555,
      "ratingTeamplay": 445,
      "removedReason": 36,
      "result": 30,
      "score": 30,
      "scoreRaw": 30,
      "scoreString": 0,
      "skassists": 9,
      "skbs": 8,
      "skdeflections": 0,
      "skfol": 34,
      "skfopct": 185.26,
      "skfow": 25,
      "skgiveaways": 83,
      "skgoals": 5,
      "skgwg": 1,
      "skhits": 17,
      "skinterceptions": 77,
      "skpassattempts": 279,
      "skpasses": 208,
      "skpasspct": 373.4,
      "skpenaltiesdrawn": 9,
      "skpim": 12,
      "skpkclearzone": 4,
      "skplusmin": -5,
      "skpossession": 2080,
      "skppg": 2,
      "sksaucerpasses": 2,
      "skshg": 0,
      "skshotattempts": 45,
      "skshotonnetpct": 287.89,
      "skshotpct": 73.81,
      "skshots": 26,
      "sktakeaways": 41,
      "teamSide": 0,
      "toi": 780,
      "toiseconds": 46860
    }
  }
}