{
  "matchId": "6622977560424",
  "timestamp": 1662684922,
  "timeAgo": {
    "number": 14,
    "unit": "days"
  },
  "clubs": {
    "440740": {
      "clubDivision": "1",
      "cNhlOnlineGameType": "5",
      "garaw": "0",
      "gfraw": "3",
      "losses": "0",
      "memberString": "6 / 6",
      "opponentClubId": "450721",
      "opponentScore": "0",
      "opponentTeamArtAbbr": "DROP",
      "passa": "60",
      "passc": "40",
      "ppg": "1",
      "ppo": "1",
      "result": "16385",
      "score": "3",
      "scoreString": "3 - 0",
      "shots": "5",
      "teamArtAbbr": "EASHL",
      "teamSide": "0",
      "toa": "145",
      "winnerByDnf": "1",
      "winnerByGoalieDnf": "0",
      "details": {
        "name": "M6 Electrified",
        "clubId": 440740,
        "regionId": 5,
        "teamId": 5070,
        "customKit": {
          "isCustomTeam": "1",
          "crestAssetId": "183",
          "useBaseAsset": "1"
        }
      },
      "goals": "3",
      "goalsAgainst": "0"
    },
    "450721": {
      "clubDivision": "2",
      "cNhlOnlineGameType": "5",
      "garaw": "3",
      "gfraw": "0",
      "losses": "1",
      "memberString": "6 / 6",
      "opponentClubId": "440740",
      "opponentScore": "3",
      "opponentTeamArtAbbr": "EASHL",
      "passa": "44",
      "passc": "33",
      "ppg": "0",
      "ppo": "0",
      "result": "10",
      "score": "0",
      "scoreString": "0 - 3",
      "shots": "6",
      "teamArtAbbr": "DROP",
      "teamSide": "1",
      "toa": "178",
      "winnerByDnf": "0",
      "winnerByGoalieDnf": "0",
      "details": {
        "name": "M6 Troublemakers",
        "clubId": 450721,
        "regionId": 5,
        "teamId": 5137,
        "customKit": {
          "isCustomTeam": "1",
          "crestAssetId": "242",
          "useBaseAsset": "1"
        }
      },
      "goals": "0",
      "goalsAgainst": "3"
    }
  },
  "players": {
    "440740": {
      "385985151": {
        "class": "15",
        "glbrksavepct": "0.00",
        "glbrksaves": "0",
        "glbrkshots": "0",
        "gldsaves": "0",
        "glga": "0",
        "glgaa": "0.00",
        "glpensavepct": "0.00",
        "glpensaves": "0",
        "glpenshots": "0",
        "glpkclearzone": "0",
        "glpokechecks": "0",
        "glsavepct": "0.00",
        "glsaves": "0",
        "glshots": "0",
        "glsoperiods": "0",
        "isGuest": "0",
        "opponentClubId": "450721",
        "opponentScore": "0",
        "opponentTeamId": "501",
        "player_dnf": "0",
        "playerLevel": "82",
        "pNhlOnlineGameType": "5",
        "position": "defenseMen",
        "posSorted": "2",
        "ratingDefense": "70.00",
        "ratingOffense": "65.00",
        "ratingTeamplay": "60.00",
        "score": "3",
        "skassists": "1",
        "skbs": "1",
        "skdeflections": "0",
        "skfol": "0",
        "skfopct": "0.00",
        "skfow": "0",
        "skgiveaways": "9",
        "skgoals": "0",
        "skgwg": "0",
        "skhits": "2",
        "skinterceptions": "1",
        "skpassattempts": "13",
        "skpasses": "7",
        "skpasspct": "53.85",
        "skpenaltiesdrawn": "0",
        "skpim": "0",
        "skpkclearzone": "0",
        "skplusmin": "2",
        "skpossession": "163",
        "skppg": "0",
        "sksaucerpasses": "3",
        "skshg": "0",
        "skshotattempts": "0",
        "skshotonnetpct": "0.00",
        "skshotpct": "0.00",
        "skshots": "0",
        "sktakeaways": "1",
        "teamId": "500",
        "teamSide": "0",
        "toi": "40",
        "toiseconds": "2400",
        "playername": "Sauc---y"
      },
      "787537987": {
        "class": "1",
        "glbrksavepct": "0.00",
        "glbrksaves": "0",
        "glbrkshots": "0",
        "gldsaves": "0",
        "glga": "0",
        "glgaa": "0.00",
        "glpensavepct": "0.00",
        "glpensaves": "0",
        "glpenshots": "0",
        "glpkclearzone": "0",
        "glpokechecks": "0",
        "glsavepct": "0.00",
        "glsaves": "0",
        "glshots": "0",
        "glsoperiods": "0",
        "isGuest": "1",
        "opponentClubId": "450721",
        "opponentScore": "0",
        "opponentTeamId": "501",
        "player_dnf": "0",
        "playerLevel": "10",
        "pNhlOnlineGameType": "5",
        "position": "center",
        "posSorted": "5",
        "ratingDefense": "90.00",
        "ratingOffense": "85.00",
        "ratingTeamplay": "65.00",
        "score": "3",
        "skassists": "2",
        "skbs": "0",
        "skdeflections": "0",
        "skfol": "7",
        "skfopct": "46.15",
        "skfow": "6",
        "skgiveaways": "4",
        "skgoals": "1",
        "skgwg": "0",
        "skhits": "0",
        "skinterceptions": "3",
        "skpassattempts": "11",
        "skpasses": "7",
        "skpasspct": "63.64",
        "skpenaltiesdrawn": "1",
        "skpim": "0",
        "skpkclearzone": "0",
        "skplusmin": "2",
        "skpossession": "102",
        "skppg": "0",
        "sksaucerpasses": "1",
        "skshg": "0",
        "skshotattempts": "1",
        "skshotonnetpct": "100.00",
        "skshotpct": "100.00",
        "skshots": "1",
        "sktakeaways": "3",
        "teamId": "500",
        "teamSide": "0",
        "toi": "40",
        "toiseconds": "2400",
        "playername": "BarryWoodsDong"
      },
      "880469871": {
        "class": "21",
        "glbrksavepct": "0.00",
        "glbrksaves": "0",
        "glbrkshots": "0",
        "gldsaves": "0",
        "glga": "0",
        "glgaa": "0.00",
        "glpensavepct": "0.00",
        "glpensaves": "0",
        "glpenshots": "0",
        "glpkclearzone": "0",
        "glpokechecks": "0",
        "glsavepct": "1.00",
        "glsaves": "6",
        "glshots": "6",
        "glsoperiods": "0",
        "isGuest": "0",
        "opponentClubId": "450721",
        "opponentScore": "0",
        "opponentTeamId": "501",
        "player_dnf": "0",
        "playerLevel": "186",
        "pNhlOnlineGameType": "5",
        "position": "goalie",
        "posSorted": "0",
        "ratingDefense": "65.00",
        "ratingOffense": "60.00",
        "ratingTeamplay": "50.00",
        "score": "3",
        "skassists": "0",
        "skbs": "0",
        "skdeflections": "0",
        "skfol": "0",
        "skfopct": "0.00",
        "skfow": "0",
        "skgiveaways": "0",
        "skgoals": "0",
        "skgwg": "0",
        "skhits": "0",
        "skinterceptions": "0",
        "skpassattempts": "0",
        "skpasses": "0",
        "skpasspct": "0.00",
        "skpenaltiesdrawn": "0",
        "skpim": "0",
        "skpkclearzone": "0",
        "skplusmin": "0",
        "skpossession": "0",
        "skppg": "0",
        "sksaucerpasses": "0",
        "skshg": "0",
        "skshotattempts": "0",
        "skshotonnetpct": "0.00",
        "skshotpct": "0.00",
        "skshots": "0",
        "sktakeaways": "0",
        "teamId": "500",
        "teamSide": "0",
        "toi": "40",
        "toiseconds": "2397",
        "playername": "Seagull_3134"
      },
      "1135212727": {
        "class": "15",
        "glbrksavepct": "0.00",
        "glbrksaves": "0",
        "glbrkshots": "0",
        "gldsaves": "0",
        "glga": "0",
        "glgaa": "0.00",
        "glpensavepct": "0.00",
        "glpensaves": "0",
        "glpenshots": "0",
        "glpkclearzone": "0",
        "glpokechecks": "0",
        "glsavepct": "0.00",
        "glsaves": "0",
        "glshots": "0",
        "glsoperiods": "0",
        "isGuest": "1",
        "opponentClubId": "450721",
        "opponentScore": "0",
        "opponentTeamId": "501",
        "player_dnf": "0",
        "playerLevel": "160",
        "pNhlOnlineGameType": "5",
        "position": "defenseMen",
        "posSorted": "1",
        "ratingDefense": "75.00",
        "ratingOffense": "65.00",
        "ratingTeamplay": "65.00",
        "score": "3",
        "skassists": "0",
        "skbs": "0",
        "skdeflections": "0",
        "skfol": "0",
        "skfopct": "0.00",
        "skfow": "0",
        "skgiveaways": "6",
        "skgoals": "0",
        "skgwg": "0",
        "skhits": "2",
        "skinterceptions": "6",
        "skpassattempts": "15",
        "skpasses": "12",
        "skpasspct": "80.00",
        "skpenaltiesdrawn": "0",
        "skpim": "0",
        "skpkclearzone": "0",
        "skplusmin": "2",
        "skpossession": "111",
        "skppg": "0",
        "sksaucerpasses": "1",
        "skshg": "0",
        "skshotattempts": "0",
        "skshotonnetpct": "0.00",
        "skshotpct": "0.00",
        "skshots": "0",
        "sktakeaways": "2",
        "teamId": "500",
        "teamSide": "0",
        "toi": "40",
        "toiseconds": "2400",
        "playername": "Mr_Janack12"
      },
      "1905054658": {
        "class": "2",
        "glbrksavepct": "0.00",
        "glbrksaves": "0",
        "glbrkshots": "0",
        "gldsaves": "0",
        "glga": "0",
        "glgaa": "0.00",
        "glpensavepct": "0.00",
        "glpensaves": "0",
        "glpenshots": "0",
        "glpkclearzone": "0",
        "glpokechecks": "0",
        "glsavepct": "0.00",
        "glsaves": "0",
        "glshots": "0",
        "glsoperiods": "0",
        "isGuest": "0",
        "opponentClubId": "450721",
        "opponentScore": "0",
        "opponentTeamId": "501",
        "player_dnf": "0",
        "playerLevel": "103",
        "pNhlOnlineGameType": "5",
        "position": "leftWing",
        "posSorted": "4",
        "ratingDefense": "65.00",
        "ratingOffense": "90.00",
        "ratingTeamplay": "60.00",
        "score": "3",
        "skassists": "2",
        "skbs": "0",
        "skdeflections": "0",
        "skfol": "0",
        "skfopct": "0.00",
        "skfow": "0",
        "skgiveaways": "4",
        "skgoals": "1",
        "skgwg": "0",
        "skhits": "1",
        "skinterceptions": "0",
        "skpassattempts": "8",
        "skpasses": "5",
        "skpasspct": "62.50",
        "skpenaltiesdrawn": "0",
        "skpim": "0",
        "skpkclearzone": "0",
        "skplusmin": "2",
        "skpossession": "127",
        "skppg": "0",
        "sksaucerpasses": "0",
        "skshg": "0",
        "skshotattempts": "2",
        "skshotonnetpct": "100.00",
        "skshotpct": "50.00",
        "skshots": "2",
        "sktakeaways": "0",
        "teamId": "500",
        "teamSide": "0",
        "toi": "40",
        "toiseconds": "2400",
        "playername": "xTrxshy-_-"
      },
      "1975762195": {
        "class": "2",
        "glbrksavepct": "0.00",
        "glbrksaves": "0",
        "glbrkshots": "0",
        "gldsaves": "0",
        "glga": "0",
        "glgaa": "0.00",
        "glpensavepct": "0.00",
        "glpensaves": "0",
        "glpenshots": "0",
        "glpkclearzone": "0",
        "glpokechecks": "0",
        "glsavepct": "0.00",
        "glsaves": "0",
        "glshots": "0",
        "glsoperiods": "0",
        "isGuest": "0",
        "opponentClubId": "450721",
        "opponentScore": "0",
        "opponentTeamId": "501",
        "player_dnf": "0",
        "playerLevel": "155",
        "pNhlOnlineGameType": "5",
        "position": "rightWing",
        "posSorted": "3",
        "ratingDefense": "75.00",
        "ratingOffense": "85.00",
        "ratingTeamplay": "55.00",
        "score": "3",
        "skassists": "1",
        "skbs": "0",
        "skdeflections": "0",
        "skfol": "0",
        "skfopct": "0.00",
        "skfow": "0",
        "skgiveaways": "6",
        "skgoals": "1",
        "skgwg": "0",
        "skhits": "0",
        "skinterceptions": "5",
        "skpassattempts": "13",
        "skpasses": "9",
        "skpasspct": "69.23",
        "skpenaltiesdrawn": "0",
        "skpim": "0",
        "skpkclearzone": "0",
        "skplusmin": "2",
        "skpossession": "127",
        "skppg": "1",
        "sksaucerpasses": "0",
        "skshg": "0",
        "skshotattempts": "3",
        "skshotonnetpct": "66.67",
        "skshotpct": "50.00",
        "skshots": "2",
        "sktakeaways": "4",
        "teamId": "500",
        "teamSide": "0",
        "toi": "40",
        "toiseconds": "2400",
        "playername": "Vaniskov"
      }
    },
    "450721": {
      "846525480": {
        "class": "2",
        "glbrksavepct": "0.00",
        "glbrksaves": "0",
        "glbrkshots": "0",
        "gldsaves": "0",
        "glga": "0",
        "glgaa": "0.00",
        "glpensavepct": "0.00",
        "glpensaves": "0",
        "glpenshots": "0",
        "glpkclearzone": "0",
        "glpokechecks": "0",
        "glsavepct": "0.00",
        "glsaves": "0",
        "glshots": "0",
        "glsoperiods": "0",
        "isGuest": "1",
        "opponentClubId": "440740",
        "opponentScore": "3",
        "opponentTeamId": "500",
        "player_dnf": "0",
        "playerLevel": "184",
        "pNhlOnlineGameType": "5",
        "position": "rightWing",
        "posSorted": "3",
        "ratingDefense": "60.00",
        "ratingOffense": "55.00",
        "ratingTeamplay": "55.00",
        "score": "0",
        "skassists": "0",
        "skbs": "0",
        "skdeflections": "0",
        "skfol": "0",
        "skfopct": "0.00",
        "skfow": "0",
        "skgiveaways": "8",
        "skgoals": "0",
        "skgwg": "0",
        "skhits": "0",
        "skinterceptions": "3",
        "skpassattempts": "5",
        "skpasses": "2",
        "skpasspct": "40.00",
        "skpenaltiesdrawn": "0",
        "skpim": "0",
        "skpkclearzone": "0",
        "skplusmin": "-2",
        "skpossession": "93",
        "skppg": "0",
        "sksaucerpasses": "0",
        "skshg": "0",
        "skshotattempts": "3",
        "skshotonnetpct": "100.00",
        "skshotpct": "0.00",
        "skshots": "3",
        "sktakeaways": "3",
        "teamId": "501",
        "teamSide": "1",
        "toi": "40",
        "toiseconds": "2400",
        "playername": "alonzi401"
      },
      "1248857979": {
        "class": "15",
        "glbrksavepct": "0.00",
        "glbrksaves": "0",
        "glbrkshots": "0",
        "gldsaves": "0",
        "glga": "0",
        "glgaa": "0.00",
        "glpensavepct": "0.00",
        "glpensaves": "0",
        "glpenshots": "0",
        "glpkclearzone": "0",
        "glpokechecks": "0",
        "glsavepct": "0.00",
        "glsaves": "0",
        "glshots": "0",
        "glsoperiods": "0",
        "isGuest": "1",
        "opponentClubId": "440740",
        "opponentScore": "3",
        "opponentTeamId": "500",
        "player_dnf": "0",
        "playerLevel": "244",
        "pNhlOnlineGameType": "5",
        "position": "defenseMen",
        "posSorted": "2",
        "ratingDefense": "75.00",
        "ratingOffense": "55.00",
        "ratingTeamplay": "65.00",
        "score": "0",
        "skassists": "0",
        "skbs": "1",
        "skdeflections": "0",
        "skfol": "0",
        "skfopct": "0.00",
        "skfow": "0",
        "skgiveaways": "5",
        "skgoals": "0",
        "skgwg": "0",
        "skhits": "2",
        "skinterceptions": "6",
        "skpassattempts": "10",
        "skpasses": "7",
        "skpasspct": "70.00",
        "skpenaltiesdrawn": "0",
        "skpim": "0",
        "skpkclearzone": "0",
        "skplusmin": "-2",
        "skpossession": "186",
        "skppg": "0",
        "sksaucerpasses": "1",
        "skshg": "0",
        "skshotattempts": "0",
        "skshotonnetpct": "0.00",
        "skshotpct": "0.00",
        "skshots": "0",
        "sktakeaways": "2",
        "teamId": "501",
        "teamSide": "1",
        "toi": "40",
        "toiseconds": "2400",
        "playername": "YuNgWuN413"
      },
      "1677503527": {
        "class": "1",
        "glbrksavepct": "0.00",
        "glbrksaves": "0",
        "glbrkshots": "0",
        "gldsaves": "0",
        "glga": "0",
        "glgaa": "0.00",
        "glpensavepct": "0.00",
        "glpensaves": "0",
        "glpenshots": "0",
        "glpkclearzone": "0",
        "glpokechecks": "0",
        "glsavepct": "0.00",
        "glsaves": "0",
        "glshots": "0",
        "glsoperiods": "0",
        "isGuest": "1",
        "opponentClubId": "440740",
        "opponentScore": "3",
        "opponentTeamId": "500",
        "player_dnf": "0",
        "playerLevel": "107",
        "pNhlOnlineGameType": "5",
        "position": "center",
        "posSorted": "5",
        "ratingDefense": "70.00",
        "ratingOffense": "55.00",
        "ratingTeamplay": "65.00",
        "score": "0",
        "skassists": "0",
        "skbs": "0",
        "skdeflections": "0",
        "skfol": "6",
        "skfopct": "53.85",
        "skfow": "7",
        "skgiveaways": "6",
        "skgoals": "0",
        "skgwg": "0",
        "skhits": "0",
        "skinterceptions": "4",
        "skpassattempts": "11",
        "skpasses": "9",
        "skpasspct": "81.82",
        "skpenaltiesdrawn": "0",
        "skpim": "0",
        "skpkclearzone": "0",
        "skplusmin": "-2",
        "skpossession": "132",
        "skppg": "0",
        "sksaucerpasses": "0",
        "skshg": "0",
        "skshotattempts": "3",
        "skshotonnetpct": "66.67",
        "skshotpct": "0.00",
        "skshots": "2",
        "sktakeaways": "2",
        "teamId": "501",
        "teamSide": "1",
        "toi": "40",
        "toiseconds": "2400",
        "playername": "Toeffoli"
      },
      "1725195881": {
        "class": "2",
        "glbrksavepct": "0.00",
        "glbrksaves": "0",
        "glbrkshots": "0",
        "gldsaves": "0",
        "glga": "0",
        "glgaa": "0.00",
        "glpensavepct": "0.00",
        "glpensaves": "0",
        "glpenshots": "0",
        "glpkclearzone": "0",
        "glpokechecks": "0",
        "glsavepct": "0.00",
        "glsaves": "0",
        "glshots": "0",
        "glsoperiods": "0",
        "isGuest": "1",
        "opponentClubId": "440740",
        "opponentScore": "3",
        "opponentTeamId": "500",
        "player_dnf": "1",
        "playerLevel": "157",
        "pNhlOnlineGameType": "5",
        "position": "leftWing",
        "posSorted": "4",
        "ratingDefense": "60.00",
        "ratingOffense": "50.00",
        "ratingTeamplay": "15.00",
        "score": "0",
        "skassists": "0",
        "skbs": "0",
        "skdeflections": "0",
        "skfol": "0",
        "skfopct": "0.00",
        "skfow": "0",
        "skgiveaways": "2",
        "skgoals": "0",
        "skgwg": "0",
        "skhits": "0",
        "skinterceptions": "4",
        "skpassattempts": "1",
        "skpasses": "1",
        "skpasspct": "100.00",
        "skpenaltiesdrawn": "0",
        "skpim": "2",
        "skpkclearzone": "0",
        "skplusmin": "-2",
        "skpossession": "73",
        "skppg": "0",
        "sksaucerpasses": "0",
        "skshg": "0",
        "skshotattempts": "2",
        "skshotonnetpct": "50.00",
        "skshotpct": "0.00",
        "skshots": "1",
        "sktakeaways": "1",
        "teamId": "501",
        "teamSide": "1",
        "toi": "27",
        "toiseconds": "1592",
        "playername": "TuffLinkzz"
      },
      "1926645693": {
        "class": "21",
        "glbrksavepct": "0.00",
        "glbrksaves": "0",
        "glbrkshots": "0",
        "gldsaves": "0",
        "glga": "3",
        "glgaa": "4.50",
        "glpensavepct": "0.00",
        "glpensaves": "0",
        "glpenshots": "0",
        "glpkclearzone": "0",
        "glpokechecks": "0",
        "glsavepct": "0.40",
        "glsaves": "2",
        "glshots": "5",
        "glsoperiods": "0",
        "isGuest": "0",
        "opponentClubId": "440740",
        "opponentScore": "3",
        "opponentTeamId": "500",
        "player_dnf": "1",
        "playerLevel": "129",
        "pNhlOnlineGameType": "5",
        "position": "goalie",
        "posSorted": "0",
        "ratingDefense": "60.00",
        "ratingOffense": "55.00",
        "ratingTeamplay": "50.00",
        "score": "0",
        "skassists": "0",
        "skbs": "0",
        "skdeflections": "0",
        "skfol": "0",
        "skfopct": "0.00",
        "skfow": "0",
        "skgiveaways": "0",
        "skgoals": "0",
        "skgwg": "0",
        "skhits": "0",
        "skinterceptions": "0",
        "skpassattempts": "0",
        "skpasses": "0",
        "skpasspct": "0.00",
        "skpenaltiesdrawn": "0",
        "skpim": "0",
        "skpkclearzone": "0",
        "skplusmin": "0",
        "skpossession": "0",
        "skppg": "0",
        "sksaucerpasses": "0",
        "skshg": "0",
        "skshotattempts": "0",
        "skshotonnetpct": "0.00",
        "skshotpct": "0.00",
        "skshots": "0",
        "sktakeaways": "0",
        "teamId": "501",
        "teamSide": "1",
        "toi": "40",
        "toiseconds": "2400",
        "playername": "Rabb1tx14"
      },
      "1004931773441": {
        "class": "15",
        "glbrksavepct": "0.00",
        "glbrksaves": "0",
        "glbrkshots": "0",
        "gldsaves": "0",
        "glga": "0",
        "glgaa": "0.00",
        "glpensavepct": "0.00",
        "glpensaves": "0",
        "glpenshots": "0",
        "glpkclearzone": "0",
        "glpokechecks": "0",
        "glsavepct": "0.00",
        "glsaves": "0",
        "glshots": "0",
        "glsoperiods": "0",
        "isGuest": "1",
        "opponentClubId": "440740",
        "opponentScore": "3",
        "opponentTeamId": "500",
        "player_dnf": "0",
        "playerLevel": "237",
        "pNhlOnlineGameType": "5",
        "position": "defenseMen",
        "posSorted": "1",
        "ratingDefense": "70.00",
        "ratingOffense": "60.00",
        "ratingTeamplay": "60.00",
        "score": "0",
        "skassists": "0",
        "skbs": "0",
        "skdeflections": "0",
        "skfol": "0",
        "skfopct": "0.00",
        "skfow": "0",
        "skgiveaways": "4",
        "skgoals": "0",
        "skgwg": "0",
        "skhits": "1",
        "skinterceptions": "1",
        "skpassattempts": "16",
        "skpasses": "14",
        "skpasspct": "87.50",
        "skpenaltiesdrawn": "0",
        "skpim": "0",
        "skpkclearzone": "0",
        "skplusmin": "-2",
        "skpossession": "206",
        "skppg": "0",
        "sksaucerpasses": "0",
        "skshg": "0",
        "skshotattempts": "0",
        "skshotonnetpct": "0.00",
        "skshotpct": "0.00",
        "skshots": "0",
        "sktakeaways": "1",
        "teamId": "501",
        "teamSide": "1",
        "toi": "40",
        "toiseconds": "2400",
        "playername": "Silverstxin"
      }
    }
  },
  "aggregate": {
    "440740": {
      "class": 56,
      "glbrksavepct": 0,
      "glbrksaves": 0,
      "glbrkshots": 0,
      "gldsaves": 0,
      "glga": 0,
      "glgaa": 0,
      "glpensavepct": 0,
      "glpensaves": 0,
      "glpenshots": 0,
      "glpkclearzone": 0,
      "glpokechecks": 0,
      "glsavepct": 1,
      "glsaves": 6,
      "glshots": 6,
      "glsoperiods": 0,
      "isGuest": 2,
      "opponentClubId": 2704326,
      "opponentScore": 0,
      "opponentTeamId": 3006,
      "player_dnf": 0,
      "playerLevel": 696,
      "pNhlOnlineGameType": 30,
      "position": 0,
      "posSorted": 15,
      "ratingDefense": 440,
      "ratingOffense": 450,
      "ratingTeamplay": 355,
      "score": 18,
      "skassists": 6,
      "skbs": 1,
      "skdeflections": 0,
      "skfol": 7,
      "skfopct": 46.15,
      "skfow": 6,
      "skgiveaways": 29,
      "skgoals": 3,
      "skgwg": 0,
      "skhits": 5,
      "skinterceptions": 15,
      "skpassattempts": 60,
      "skpasses": 40,
      "skpasspct": 329.22,
      "skpenaltiesdrawn": 1,
      "skpim": 0,
      "skpkclearzone": 0,
      "skplusmin": 10,
      "skpossession": 630,
      "skppg": 1,
      "sksaucerpasses": 5,
      "skshg": 0,
      "skshotattempts": 6,
      "skshotonnetpct": 266.67,
      "skshotpct": 200,
      "skshots": 5,
      "sktakeaways": 10,
      "teamId": 3000,
      "teamSide": 0,
      "toi": 240,
      "toiseconds": 14397
    },
    "450721": {
      "class": 56,
      "glbrksavepct": 0,
      "glbrksaves": 0,
      "glbrkshots": 0,
      "gldsaves": 0,
      "glga": 3,
      "glgaa": 4.5,
      "glpensavepct": 0,
      "glpensaves": 0,
      "glpenshots": 0,
      "glpkclearzone": 0,
      "glpokechecks": 0,
      "glsavepct": 0.4,
      "glsaves": 2,
      "glshots": 5,
      "glsoperiods": 0,
      "isGuest": 5,
      "opponentClubId": 2644440,
      "opponentScore": 18,
      "opponentTeamId": 3000,
      "player_dnf": 2,
      "playerLevel": 1058,
      "pNhlOnlineGameType": 30,
      "position": 0,
      "posSorted": 15,
      "ratingDefense": 395,
      "ratingOffense": 330,
      "ratingTeamplay": 310,
      "score": 0,
      "skassists": 0,
      "skbs": 1,
      "skdeflections": 0,
      "skfol": 6,
      "skfopct": 53.85,
      "skfow": 7,
      "skgiveaways": 25,
      "skgoals": 0,
      "skgwg": 0,
      "skhits": 3,
      "skinterceptions": 18,
      "skpassattempts": 43,
      "skpasses": 33,
      "skpasspct": 379.32,
      "skpenaltiesdrawn": 0,
      "skpim": 2,
      "skpkclearzone": 0,
      "skplusmin": -10,
      "skpossession": 690,
      "skppg": 0,
      "sksaucerpasses": 1,
      "skshg": 0,
      "skshotattempts": 8,
      "skshotonnetpct": 216.67,
      "skshotpct": 0,
      "skshots": 6,
      "sktakeaways": 9,
      "teamId": 3006,
      "teamSide": 6,
      "toi": 227,
      "toiseconds": 13592
    }
  }
}