{
  "matchId": "6666411490083",
  "timestamp": 1663116508,
  "timeAgo": {
    "number": 1,
    "unit": "days"
  },
  "clubs": {
    "49842": {
      "clubDivision": "9",
      "cNhlOnlineGameType": "5",
      "garaw": "3",
      "gfraw": "0",
      "losses": "1",
      "memberString": "6 / 6",
      "opponentClubId": "440740",
      "opponentScore": "3",
      "opponentTeamArtAbbr": "DROP",
      "passa": "22",
      "passc": "16",
      "ppg": "0",
      "ppo": "0",
      "result": "10",
      "score": "0",
      "scoreString": "0 - 3",
      "shots": "3",
      "teamArtAbbr": "EASHL",
      "teamSide": "0",
      "toa": "132",
      "winnerByDnf": "0",
      "winnerByGoalieDnf": "0",
      "details": {
        "name": "Dynasty",
        "clubId": 49842,
        "regionId": 5,
        "teamId": 5152,
        "customKit": {
          "isCustomTeam": "1",
          "crestAssetId": "778",
          "useBaseAsset": "1"
        }
      },
      "goals": "0",
      "goalsAgainst": "3"
    },
    "440740": {
      "clubDivision": "1",
      "cNhlOnlineGameType": "5",
      "garaw": "0",
      "gfraw": "3",
      "losses": "0",
      "memberString": "6 / 6",
      "opponentClubId": "49842",
      "opponentScore": "0",
      "opponentTeamArtAbbr": "EASHL",
      "passa": "34",
      "passc": "24",
      "ppg": "0",
      "ppo": "0",
      "result": "16385",
      "score": "3",
      "scoreString": "3 - 0",
      "shots": "3",
      "teamArtAbbr": "DROP",
      "teamSide": "1",
      "toa": "133",
      "winnerByDnf": "1",
      "winnerByGoalieDnf": "1",
      "details": {
        "name": "M6 Electrified",
        "clubId": 440740,
        "regionId": 5,
        "teamId": 5070,
        "customKit": {
          "isCustomTeam": "1",
          "crestAssetId": "183",
          "useBaseAsset": "1"
        }
      },
      "goals": "3",
      "goalsAgainst": "0"
    }
  },
  "players": {
    "49842": {
      "178739994": {
        "class": "15",
        "glbrksavepct": "0.00",
        "glbrksaves": "0",
        "glbrkshots": "0",
        "gldsaves": "0",
        "glga": "0",
        "glgaa": "0.00",
        "glpensavepct": "0.00",
        "glpensaves": "0",
        "glpenshots": "0",
        "glpkclearzone": "0",
        "glpokechecks": "0",
        "glsavepct": "0.00",
        "glsaves": "0",
        "glshots": "0",
        "glsoperiods": "0",
        "isGuest": "1",
        "opponentClubId": "440740",
        "opponentScore": "3",
        "opponentTeamId": "501",
        "player_dnf": "0",
        "playerLevel": "152",
        "pNhlOnlineGameType": "5",
        "position": "defenseMen",
        "posSorted": "1",
        "ratingDefense": "55.00",
        "ratingOffense": "50.00",
        "ratingTeamplay": "55.00",
        "score": "0",
        "skassists": "0",
        "skbs": "0",
        "skdeflections": "0",
        "skfol": "0",
        "skfopct": "0.00",
        "skfow": "0",
        "skgiveaways": "4",
        "skgoals": "0",
        "skgwg": "0",
        "skhits": "0",
        "skinterceptions": "0",
        "skpassattempts": "3",
        "skpasses": "2",
        "skpasspct": "66.67",
        "skpenaltiesdrawn": "0",
        "skpim": "0",
        "skpkclearzone": "0",
        "skplusmin": "-3",
        "skpossession": "37",
        "skppg": "0",
        "sksaucerpasses": "0",
        "skshg": "0",
        "skshotattempts": "0",
        "skshotonnetpct": "0.00",
        "skshotpct": "0.00",
        "skshots": "0",
        "sktakeaways": "0",
        "teamId": "500",
        "teamSide": "0",
        "toi": "20",
        "toiseconds": "1200",
        "playername": "rbobby1420"
      },
      "182593522": {
        "class": "1",
        "glbrksavepct": "0.00",
        "glbrksaves": "0",
        "glbrkshots": "0",
        "gldsaves": "0",
        "glga": "0",
        "glgaa": "0.00",
        "glpensavepct": "0.00",
        "glpensaves": "0",
        "glpenshots": "0",
        "glpkclearzone": "0",
        "glpokechecks": "0",
        "glsavepct": "0.00",
        "glsaves": "0",
        "glshots": "0",
        "glsoperiods": "0",
        "isGuest": "0",
        "opponentClubId": "440740",
        "opponentScore": "3",
        "opponentTeamId": "501",
        "player_dnf": "0",
        "playerLevel": "152",
        "pNhlOnlineGameType": "5",
        "position": "center",
        "posSorted": "5",
        "ratingDefense": "60.00",
        "ratingOffense": "55.00",
        "ratingTeamplay": "45.00",
        "score": "0",
        "skassists": "0",
        "skbs": "0",
        "skdeflections": "0",
        "skfol": "4",
        "skfopct": "33.33",
        "skfow": "2",
        "skgiveaways": "0",
        "skgoals": "0",
        "skgwg": "0",
        "skhits": "0",
        "skinterceptions": "2",
        "skpassattempts": "6",
        "skpasses": "6",
        "skpasspct": "100.00",
        "skpenaltiesdrawn": "0",
        "skpim": "0",
        "skpkclearzone": "0",
        "skplusmin": "-3",
        "skpossession": "93",
        "skppg": "0",
        "sksaucerpasses": "0",
        "skshg": "0",
        "skshotattempts": "3",
        "skshotonnetpct": "66.67",
        "skshotpct": "0.00",
        "skshots": "2",
        "sktakeaways": "2",
        "teamId": "500",
        "teamSide": "0",
        "toi": "20",
        "toiseconds": "1200",
        "playername": "BOO_the_GHOST"
      },
      "1923423377": {
        "class": "11",
        "glbrksavepct": "0.00",
        "glbrksaves": "0",
        "glbrkshots": "0",
        "gldsaves": "0",
        "glga": "0",
        "glgaa": "0.00",
        "glpensavepct": "0.00",
        "glpensaves": "0",
        "glpenshots": "0",
        "glpkclearzone": "0",
        "glpokechecks": "0",
        "glsavepct": "0.00",
        "glsaves": "0",
        "glshots": "0",
        "glsoperiods": "0",
        "isGuest": "1",
        "opponentClubId": "440740",
        "opponentScore": "3",
        "opponentTeamId": "501",
        "player_dnf": "0",
        "playerLevel": "102",
        "pNhlOnlineGameType": "5",
        "position": "defenseMen",
        "posSorted": "2",
        "ratingDefense": "40.00",
        "ratingOffense": "55.00",
        "ratingTeamplay": "70.00",
        "score": "0",
        "skassists": "0",
        "skbs": "0",
        "skdeflections": "0",
        "skfol": "0",
        "skfopct": "0.00",
        "skfow": "0",
        "skgiveaways": "2",
        "skgoals": "0",
        "skgwg": "0",
        "skhits": "5",
        "skinterceptions": "1",
        "skpassattempts": "4",
        "skpasses": "3",
        "skpasspct": "75.00",
        "skpenaltiesdrawn": "0",
        "skpim": "0",
        "skpkclearzone": "0",
        "skplusmin": "-3",
        "skpossession": "43",
        "skppg": "0",
        "sksaucerpasses": "0",
        "skshg": "0",
        "skshotattempts": "1",
        "skshotonnetpct": "0.00",
        "skshotpct": "0.00",
        "skshots": "0",
        "sktakeaways": "1",
        "teamId": "500",
        "teamSide": "0",
        "toi": "20",
        "toiseconds": "1200",
        "playername": "CGS_garbo_69"
      },
      "1975927092": {
        "class": "21",
        "glbrksavepct": "0.00",
        "glbrksaves": "0",
        "glbrkshots": "0",
        "gldsaves": "0",
        "glga": "3",
        "glgaa": "9.00",
        "glpensavepct": "0.00",
        "glpensaves": "0",
        "glpenshots": "0",
        "glpkclearzone": "0",
        "glpokechecks": "0",
        "glsavepct": "0.25",
        "glsaves": "1",
        "glshots": "4",
        "glsoperiods": "0",
        "isGuest": "1",
        "opponentClubId": "440740",
        "opponentScore": "3",
        "opponentTeamId": "501",
        "player_dnf": "1",
        "playerLevel": "241",
        "pNhlOnlineGameType": "5",
        "position": "goalie",
        "posSorted": "0",
        "ratingDefense": "60.00",
        "ratingOffense": "35.00",
        "ratingTeamplay": "50.00",
        "score": "0",
        "skassists": "0",
        "skbs": "0",
        "skdeflections": "0",
        "skfol": "0",
        "skfopct": "0.00",
        "skfow": "0",
        "skgiveaways": "0",
        "skgoals": "0",
        "skgwg": "0",
        "skhits": "0",
        "skinterceptions": "0",
        "skpassattempts": "0",
        "skpasses": "0",
        "skpasspct": "0.00",
        "skpenaltiesdrawn": "0",
        "skpim": "0",
        "skpkclearzone": "0",
        "skplusmin": "0",
        "skpossession": "0",
        "skppg": "0",
        "sksaucerpasses": "0",
        "skshg": "0",
        "skshotattempts": "0",
        "skshotonnetpct": "0.00",
        "skshotpct": "0.00",
        "skshots": "0",
        "sktakeaways": "0",
        "teamId": "500",
        "teamSide": "0",
        "toi": "20",
        "toiseconds": "1200",
        "playername": "v-l-e-x-y-y"
      },
      "1979501370": {
        "class": "15",
        "glbrksavepct": "0.00",
        "glbrksaves": "0",
        "glbrkshots": "0",
        "gldsaves": "0",
        "glga": "0",
        "glgaa": "0.00",
        "glpensavepct": "0.00",
        "glpensaves": "0",
        "glpenshots": "0",
        "glpkclearzone": "0",
        "glpokechecks": "0",
        "glsavepct": "0.00",
        "glsaves": "0",
        "glshots": "0",
        "glsoperiods": "0",
        "isGuest": "1",
        "opponentClubId": "440740",
        "opponentScore": "3",
        "opponentTeamId": "501",
        "player_dnf": "0",
        "playerLevel": "117",
        "pNhlOnlineGameType": "5",
        "position": "leftWing",
        "posSorted": "4",
        "ratingDefense": "50.00",
        "ratingOffense": "50.00",
        "ratingTeamplay": "55.00",
        "score": "0",
        "skassists": "0",
        "skbs": "0",
        "skdeflections": "0",
        "skfol": "0",
        "skfopct": "0.00",
        "skfow": "0",
        "skgiveaways": "11",
        "skgoals": "0",
        "skgwg": "0",
        "skhits": "1",
        "skinterceptions": "5",
        "skpassattempts": "6",
        "skpasses": "2",
        "skpasspct": "33.33",
        "skpenaltiesdrawn": "0",
        "skpim": "0",
        "skpkclearzone": "0",
        "skplusmin": "-3",
        "skpossession": "133",
        "skppg": "0",
        "sksaucerpasses": "0",
        "skshg": "0",
        "skshotattempts": "1",
        "skshotonnetpct": "0.00",
        "skshotpct": "0.00",
        "skshots": "0",
        "sktakeaways": "3",
        "teamId": "500",
        "teamSide": "0",
        "toi": "20",
        "toiseconds": "1200",
        "playername": "BenDuguay"
      },
      "1982919352": {
        "class": "2",
        "glbrksavepct": "0.00",
        "glbrksaves": "0",
        "glbrkshots": "0",
        "gldsaves": "0",
        "glga": "0",
        "glgaa": "0.00",
        "glpensavepct": "0.00",
        "glpensaves": "0",
        "glpenshots": "0",
        "glpkclearzone": "0",
        "glpokechecks": "0",
        "glsavepct": "0.00",
        "glsaves": "0",
        "glshots": "0",
        "glsoperiods": "0",
        "isGuest": "1",
        "opponentClubId": "440740",
        "opponentScore": "3",
        "opponentTeamId": "501",
        "player_dnf": "1",
        "playerLevel": "108",
        "pNhlOnlineGameType": "5",
        "position": "rightWing",
        "posSorted": "3",
        "ratingDefense": "45.00",
        "ratingOffense": "50.00",
        "ratingTeamplay": "50.00",
        "score": "0",
        "skassists": "0",
        "skbs": "0",
        "skdeflections": "0",
        "skfol": "0",
        "skfopct": "0.00",
        "skfow": "0",
        "skgiveaways": "0",
        "skgoals": "0",
        "skgwg": "0",
        "skhits": "0",
        "skinterceptions": "1",
        "skpassattempts": "1",
        "skpasses": "1",
        "skpasspct": "100.00",
        "skpenaltiesdrawn": "0",
        "skpim": "0",
        "skpkclearzone": "0",
        "skplusmin": "-3",
        "skpossession": "4",
        "skppg": "0",
        "sksaucerpasses": "0",
        "skshg": "0",
        "skshotattempts": "0",
        "skshotonnetpct": "0.00",
        "skshotpct": "0.00",
        "skshots": "0",
        "sktakeaways": "1",
        "teamId": "500",
        "teamSide": "0",
        "toi": "10",
        "toiseconds": "595",
        "playername": "NoLuvFrostyx"
      }
    },
    "440740": {
      "385985151": {
        "class": "15",
        "glbrksavepct": "0.00",
        "glbrksaves": "0",
        "glbrkshots": "0",
        "gldsaves": "0",
        "glga": "0",
        "glgaa": "0.00",
        "glpensavepct": "0.00",
        "glpensaves": "0",
        "glpenshots": "0",
        "glpkclearzone": "0",
        "glpokechecks": "0",
        "glsavepct": "0.00",
        "glsaves": "0",
        "glshots": "0",
        "glsoperiods": "0",
        "isGuest": "0",
        "opponentClubId": "49842",
        "opponentScore": "0",
        "opponentTeamId": "500",
        "player_dnf": "0",
        "playerLevel": "82",
        "pNhlOnlineGameType": "5",
        "position": "defenseMen",
        "posSorted": "2",
        "ratingDefense": "55.00",
        "ratingOffense": "55.00",
        "ratingTeamplay": "55.00",
        "score": "3",
        "skassists": "0",
        "skbs": "0",
        "skdeflections": "0",
        "skfol": "0",
        "skfopct": "0.00",
        "skfow": "0",
        "skgiveaways": "6",
        "skgoals": "0",
        "skgwg": "0",
        "skhits": "0",
        "skinterceptions": "3",
        "skpassattempts": "6",
        "skpasses": "3",
        "skpasspct": "50.00",
        "skpenaltiesdrawn": "0",
        "skpim": "0",
        "skpkclearzone": "0",
        "skplusmin": "3",
        "skpossession": "105",
        "skppg": "0",
        "sksaucerpasses": "0",
        "skshg": "0",
        "skshotattempts": "0",
        "skshotonnetpct": "0.00",
        "skshotpct": "0.00",
        "skshots": "0",
        "sktakeaways": "1",
        "teamId": "501",
        "teamSide": "1",
        "toi": "20",
        "toiseconds": "1200",
        "playername": "Sauc---y"
      },
      "655079392": {
        "class": "21",
        "glbrksavepct": "0.00",
        "glbrksaves": "0",
        "glbrkshots": "0",
        "gldsaves": "0",
        "glga": "0",
        "glgaa": "0.00",
        "glpensavepct": "0.00",
        "glpensaves": "0",
        "glpenshots": "0",
        "glpkclearzone": "0",
        "glpokechecks": "0",
        "glsavepct": "1.00",
        "glsaves": "3",
        "glshots": "3",
        "glsoperiods": "0",
        "isGuest": "1",
        "opponentClubId": "49842",
        "opponentScore": "0",
        "opponentTeamId": "500",
        "player_dnf": "0",
        "playerLevel": "29",
        "pNhlOnlineGameType": "5",
        "position": "goalie",
        "posSorted": "0",
        "ratingDefense": "55.00",
        "ratingOffense": "55.00",
        "ratingTeamplay": "50.00",
        "score": "3",
        "skassists": "0",
        "skbs": "0",
        "skdeflections": "0",
        "skfol": "0",
        "skfopct": "0.00",
        "skfow": "0",
        "skgiveaways": "0",
        "skgoals": "0",
        "skgwg": "0",
        "skhits": "0",
        "skinterceptions": "0",
        "skpassattempts": "0",
        "skpasses": "0",
        "skpasspct": "0.00",
        "skpenaltiesdrawn": "0",
        "skpim": "0",
        "skpkclearzone": "0",
        "skplusmin": "0",
        "skpossession": "0",
        "skppg": "0",
        "sksaucerpasses": "0",
        "skshg": "0",
        "skshotattempts": "0",
        "skshotonnetpct": "0.00",
        "skshotpct": "0.00",
        "skshots": "0",
        "sktakeaways": "0",
        "teamId": "501",
        "teamSide": "1",
        "toi": "20",
        "toiseconds": "1200",
        "playername": "SVNickNitro"
      },
      "787537987": {
        "class": "1",
        "glbrksavepct": "0.00",
        "glbrksaves": "0",
        "glbrkshots": "0",
        "gldsaves": "0",
        "glga": "0",
        "glgaa": "0.00",
        "glpensavepct": "0.00",
        "glpensaves": "0",
        "glpenshots": "0",
        "glpkclearzone": "0",
        "glpokechecks": "0",
        "glsavepct": "0.00",
        "glsaves": "0",
        "glshots": "0",
        "glsoperiods": "0",
        "isGuest": "1",
        "opponentClubId": "49842",
        "opponentScore": "0",
        "opponentTeamId": "500",
        "player_dnf": "0",
        "playerLevel": "10",
        "pNhlOnlineGameType": "5",
        "position": "center",
        "posSorted": "5",
        "ratingDefense": "65.00",
        "ratingOffense": "90.00",
        "ratingTeamplay": "60.00",
        "score": "3",
        "skassists": "1",
        "skbs": "0",
        "skdeflections": "0",
        "skfol": "2",
        "skfopct": "66.67",
        "skfow": "4",
        "skgiveaways": "0",
        "skgoals": "2",
        "skgwg": "0",
        "skhits": "0",
        "skinterceptions": "5",
        "skpassattempts": "12",
        "skpasses": "8",
        "skpasspct": "66.67",
        "skpenaltiesdrawn": "0",
        "skpim": "0",
        "skpkclearzone": "0",
        "skplusmin": "3",
        "skpossession": "101",
        "skppg": "0",
        "sksaucerpasses": "0",
        "skshg": "0",
        "skshotattempts": "1",
        "skshotonnetpct": "100.00",
        "skshotpct": "200.00",
        "skshots": "1",
        "sktakeaways": "3",
        "teamId": "501",
        "teamSide": "1",
        "toi": "20",
        "toiseconds": "1200",
        "playername": "BarryWoodsDong"
      },
      "1012193622": {
        "class": "15",
        "glbrksavepct": "0.00",
        "glbrksaves": "0",
        "glbrkshots": "0",
        "gldsaves": "0",
        "glga": "0",
        "glgaa": "0.00",
        "glpensavepct": "0.00",
        "glpensaves": "0",
        "glpenshots": "0",
        "glpkclearzone": "0",
        "glpokechecks": "0",
        "glsavepct": "0.00",
        "glsaves": "0",
        "glshots": "0",
        "glsoperiods": "0",
        "isGuest": "0",
        "opponentClubId": "49842",
        "opponentScore": "0",
        "opponentTeamId": "500",
        "player_dnf": "0",
        "playerLevel": "202",
        "pNhlOnlineGameType": "5",
        "position": "defenseMen",
        "posSorted": "1",
        "ratingDefense": "60.00",
        "ratingOffense": "65.00",
        "ratingTeamplay": "60.00",
        "score": "3",
        "skassists": "1",
        "skbs": "1",
        "skdeflections": "0",
        "skfol": "0",
        "skfopct": "0.00",
        "skfow": "0",
        "skgiveaways": "5",
        "skgoals": "0",
        "skgwg": "0",
        "skhits": "3",
        "skinterceptions": "2",
        "skpassattempts": "9",
        "skpasses": "6",
        "skpasspct": "66.67",
        "skpenaltiesdrawn": "0",
        "skpim": "0",
        "skpkclearzone": "0",
        "skplusmin": "3",
        "skpossession": "72",
        "skppg": "0",
        "sksaucerpasses": "1",
        "skshg": "0",
        "skshotattempts": "0",
        "skshotonnetpct": "0.00",
        "skshotpct": "0.00",
        "skshots": "0",
        "sktakeaways": "0",
        "teamId": "501",
        "teamSide": "1",
        "toi": "20",
        "toiseconds": "1200",
        "playername": "Bilal-I96I"
      },
      "1905054658": {
        "class": "2",
        "glbrksavepct": "0.00",
        "glbrksaves": "0",
        "glbrkshots": "0",
        "gldsaves": "0",
        "glga": "0",
        "glgaa": "0.00",
        "glpensavepct": "0.00",
        "glpensaves": "0",
        "glpenshots": "0",
        "glpkclearzone": "0",
        "glpokechecks": "0",
        "glsavepct": "0.00",
        "glsaves": "0",
        "glshots": "0",
        "glsoperiods": "0",
        "isGuest": "0",
        "opponentClubId": "49842",
        "opponentScore": "0",
        "opponentTeamId": "500",
        "player_dnf": "0",
        "playerLevel": "103",
        "pNhlOnlineGameType": "5",
        "position": "leftWing",
        "posSorted": "4",
        "ratingDefense": "60.00",
        "ratingOffense": "60.00",
        "ratingTeamplay": "55.00",
        "score": "3",
        "skassists": "1",
        "skbs": "1",
        "skdeflections": "0",
        "skfol": "0",
        "skfopct": "0.00",
        "skfow": "0",
        "skgiveaways": "4",
        "skgoals": "0",
        "skgwg": "0",
        "skhits": "0",
        "skinterceptions": "1",
        "skpassattempts": "4",
        "skpasses": "4",
        "skpasspct": "100.00",
        "skpenaltiesdrawn": "0",
        "skpim": "0",
        "skpkclearzone": "0",
        "skplusmin": "3",
        "skpossession": "62",
        "skppg": "0",
        "sksaucerpasses": "0",
        "skshg": "0",
        "skshotattempts": "1",
        "skshotonnetpct": "100.00",
        "skshotpct": "0.00",
        "skshots": "1",
        "sktakeaways": "1",
        "teamId": "501",
        "teamSide": "1",
        "toi": "20",
        "toiseconds": "1200",
        "playername": "xTrxshy-_-"
      },
      "1975762195": {
        "class": "2",
        "glbrksavepct": "0.00",
        "glbrksaves": "0",
        "glbrkshots": "0",
        "gldsaves": "0",
        "glga": "0",
        "glgaa": "0.00",
        "glpensavepct": "0.00",
        "glpensaves": "0",
        "glpenshots": "0",
        "glpkclearzone": "0",
        "glpokechecks": "0",
        "glsavepct": "0.00",
        "glsaves": "0",
        "glshots": "0",
        "glsoperiods": "0",
        "isGuest": "0",
        "opponentClubId": "49842",
        "opponentScore": "0",
        "opponentTeamId": "500",
        "player_dnf": "0",
        "playerLevel": "155",
        "pNhlOnlineGameType": "5",
        "position": "rightWing",
        "posSorted": "3",
        "ratingDefense": "55.00",
        "ratingOffense": "75.00",
        "ratingTeamplay": "55.00",
        "score": "3",
        "skassists": "1",
        "skbs": "0",
        "skdeflections": "0",
        "skfol": "0",
        "skfopct": "0.00",
        "skfow": "0",
        "skgiveaways": "4",
        "skgoals": "1",
        "skgwg": "0",
        "skhits": "0",
        "skinterceptions": "1",
        "skpassattempts": "3",
        "skpasses": "3",
        "skpasspct": "100.00",
        "skpenaltiesdrawn": "0",
        "skpim": "0",
        "skpkclearzone": "0",
        "skplusmin": "3",
        "skpossession": "85",
        "skppg": "0",
        "sksaucerpasses": "0",
        "skshg": "0",
        "skshotattempts": "2",
        "skshotonnetpct": "50.00",
        "skshotpct": "100.00",
        "skshots": "1",
        "sktakeaways": "0",
        "teamId": "501",
        "teamSide": "1",
        "toi": "20",
        "toiseconds": "1200",
        "playername": "Vaniskov"
      }
    }
  },
  "aggregate": {
    "49842": {
      "class": 65,
      "glbrksavepct": 0,
      "glbrksaves": 0,
      "glbrkshots": 0,
      "gldsaves": 0,
      "glga": 3,
      "glgaa": 9,
      "glpensavepct": 0,
      "glpensaves": 0,
      "glpenshots": 0,
      "glpkclearzone": 0,
      "glpokechecks": 0,
      "glsavepct": 0.25,
      "glsaves": 1,
      "glshots": 4,
      "glsoperiods": 0,
      "isGuest": 5,
      "opponentClubId": 2644440,
      "opponentScore": 18,
      "opponentTeamId": 3006,
      "player_dnf": 2,
      "playerLevel": 872,
      "pNhlOnlineGameType": 30,
      "position": 0,
      "posSorted": 15,
      "ratingDefense": 310,
      "ratingOffense": 295,
      "ratingTeamplay": 325,
      "score": 0,
      "skassists": 0,
      "skbs": 0,
      "skdeflections": 0,
      "skfol": 4,
      "skfopct": 33.33,
      "skfow": 2,
      "skgiveaways": 17,
      "skgoals": 0,
      "skgwg": 0,
      "skhits": 6,
      "skinterceptions": 9,
      "skpassattempts": 20,
      "skpasses": 14,
      "skpasspct": 375,
      "skpenaltiesdrawn": 0,
      "skpim": 0,
      "skpkclearzone": 0,
      "skplusmin": -15,
      "skpossession": 310,
      "skppg": 0,
      "sksaucerpasses": 0,
      "skshg": 0,
      "skshotattempts": 5,
      "skshotonnetpct": 66.67,
      "skshotpct": 0,
      "skshots": 2,
      "sktakeaways": 7,
      "teamId": 3000,
      "teamSide": 0,
      "toi": 110,
      "toiseconds": 6595
    },
    "440740": {
      "class": 56,
      "glbrksavepct": 0,
      "glbrksaves": 0,
      "glbrkshots": 0,
      "gldsaves": 0,
      "glga": 0,
      "glgaa": 0,
      "glpensavepct": 0,
      "glpensaves": 0,
      "glpenshots": 0,
      "glpkclearzone": 0,
      "glpokechecks": 0,
      "glsavepct": 1,
      "glsaves": 3,
      "glshots": 3,
      "glsoperiods": 0,
      "isGuest": 2,
      "opponentClubId": 299052,
      "opponentScore": 0,
      "opponentTeamId": 3000,
      "player_dnf": 0,
      "playerLevel": 581,
      "pNhlOnlineGameType": 30,
      "position": 0,
      "posSorted": 15,
      "ratingDefense": 350,
      "ratingOffense": 400,
      "ratingTeamplay": 335,
      "score": 18,
      "skassists": 4,
      "skbs": 2,
      "skdeflections": 0,
      "skfol": 2,
      "skfopct": 66.67,
      "skfow": 4,
      "skgiveaways": 19,
      "skgoals": 3,
      "skgwg": 0,
      "skhits": 3,
      "skinterceptions": 12,
      "skpassattempts": 34,
      "skpasses": 24,
      "skpasspct": 383.34,
      "skpenaltiesdrawn": 0,
      "skpim": 0,
      "skpkclearzone": 0,
      "skplusmin": 15,
      "skpossession": 425,
      "skppg": 0,
      "sksaucerpasses": 1,
      "skshg": 0,
      "skshotattempts": 4,
      "skshotonnetpct": 250,
      "skshotpct": 300,
      "skshots": 3,
      "sktakeaways": 5,
      "teamId": 3006,
      "teamSide": 6,
      "toi": 120,
      "toiseconds": 7200
    }
  }
}