{
  "matchId": "6670280930036",
  "timestamp": 1663117892,
  "timeAgo": {
    "number": 1,
    "unit": "days"
  },
  "clubs": {
    "49842": {
      "clubDivision": "9",
      "cNhlOnlineGameType": "5",
      "garaw": "3",
      "gfraw": "4",
      "losses": "1",
      "memberString": "6 / 6",
      "opponentClubId": "440740",
      "opponentScore": "3",
      "opponentTeamArtAbbr": "EASHL",
      "passa": "64",
      "passc": "39",
      "ppg": "0",
      "ppo": "1",
      "result": "10",
      "score": "0",
      "scoreString": "0 - 3",
      "shots": "14",
      "teamArtAbbr": "DROP",
      "teamSide": "1",
      "toa": "264",
      "winnerByDnf": "0",
      "winnerByGoalieDnf": "0",
      "details": {
        "name": "Dynasty",
        "clubId": 49842,
        "regionId": 5,
        "teamId": 5152,
        "customKit": {
          "isCustomTeam": "1",
          "crestAssetId": "778",
          "useBaseAsset": "1"
        }
      },
      "goals": "0",
      "goalsAgainst": "3"
    },
    "440740": {
      "clubDivision": "1",
      "cNhlOnlineGameType": "5",
      "garaw": "4",
      "gfraw": "3",
      "losses": "0",
      "memberString": "6 / 6",
      "opponentClubId": "49842",
      "opponentScore": "0",
      "opponentTeamArtAbbr": "DROP",
      "passa": "48",
      "passc": "30",
      "ppg": "0",
      "ppo": "2",
      "result": "16385",
      "score": "3",
      "scoreString": "3 - 0",
      "shots": "7",
      "teamArtAbbr": "EASHL",
      "teamSide": "0",
      "toa": "181",
      "winnerByDnf": "1",
      "winnerByGoalieDnf": "1",
      "details": {
        "name": "M6 Electrified",
        "clubId": 440740,
        "regionId": 5,
        "teamId": 5070,
        "customKit": {
          "isCustomTeam": "1",
          "crestAssetId": "183",
          "useBaseAsset": "1"
        }
      },
      "goals": "3",
      "goalsAgainst": "0"
    }
  },
  "players": {
    "49842": {
      "178739994": {
        "class": "15",
        "glbrksavepct": "0.00",
        "glbrksaves": "0",
        "glbrkshots": "0",
        "gldsaves": "0",
        "glga": "0",
        "glgaa": "0.00",
        "glpensavepct": "0.00",
        "glpensaves": "0",
        "glpenshots": "0",
        "glpkclearzone": "0",
        "glpokechecks": "0",
        "glsavepct": "0.00",
        "glsaves": "0",
        "glshots": "0",
        "glsoperiods": "0",
        "isGuest": "1",
        "opponentClubId": "440740",
        "opponentScore": "3",
        "opponentTeamId": "500",
        "player_dnf": "0",
        "playerLevel": "152",
        "pNhlOnlineGameType": "5",
        "position": "defenseMen",
        "posSorted": "1",
        "ratingDefense": "65.00",
        "ratingOffense": "55.00",
        "ratingTeamplay": "55.00",
        "score": "0",
        "skassists": "0",
        "skbs": "0",
        "skdeflections": "0",
        "skfol": "0",
        "skfopct": "0.00",
        "skfow": "0",
        "skgiveaways": "4",
        "skgoals": "0",
        "skgwg": "0",
        "skhits": "0",
        "skinterceptions": "0",
        "skpassattempts": "6",
        "skpasses": "3",
        "skpasspct": "50.00",
        "skpenaltiesdrawn": "0",
        "skpim": "0",
        "skpkclearzone": "1",
        "skplusmin": "1",
        "skpossession": "69",
        "skppg": "0",
        "sksaucerpasses": "0",
        "skshg": "0",
        "skshotattempts": "1",
        "skshotonnetpct": "100.00",
        "skshotpct": "0.00",
        "skshots": "1",
        "sktakeaways": "1",
        "teamId": "501",
        "teamSide": "1",
        "toi": "40",
        "toiseconds": "2400",
        "playername": "rbobby1420"
      },
      "182593522": {
        "class": "1",
        "glbrksavepct": "0.00",
        "glbrksaves": "0",
        "glbrkshots": "0",
        "gldsaves": "0",
        "glga": "0",
        "glgaa": "0.00",
        "glpensavepct": "0.00",
        "glpensaves": "0",
        "glpenshots": "0",
        "glpkclearzone": "0",
        "glpokechecks": "0",
        "glsavepct": "0.00",
        "glsaves": "0",
        "glshots": "0",
        "glsoperiods": "0",
        "isGuest": "0",
        "opponentClubId": "440740",
        "opponentScore": "3",
        "opponentTeamId": "500",
        "player_dnf": "0",
        "playerLevel": "152",
        "pNhlOnlineGameType": "5",
        "position": "center",
        "posSorted": "5",
        "ratingDefense": "60.00",
        "ratingOffense": "85.00",
        "ratingTeamplay": "65.00",
        "score": "0",
        "skassists": "1",
        "skbs": "0",
        "skdeflections": "0",
        "skfol": "7",
        "skfopct": "69.57",
        "skfow": "16",
        "skgiveaways": "4",
        "skgoals": "1",
        "skgwg": "0",
        "skhits": "1",
        "skinterceptions": "9",
        "skpassattempts": "17",
        "skpasses": "11",
        "skpasspct": "64.71",
        "skpenaltiesdrawn": "0",
        "skpim": "0",
        "skpkclearzone": "0",
        "skplusmin": "1",
        "skpossession": "146",
        "skppg": "0",
        "sksaucerpasses": "0",
        "skshg": "0",
        "skshotattempts": "3",
        "skshotonnetpct": "100.00",
        "skshotpct": "33.33",
        "skshots": "3",
        "sktakeaways": "4",
        "teamId": "501",
        "teamSide": "1",
        "toi": "40",
        "toiseconds": "2400",
        "playername": "BOO_the_GHOST"
      },
      "1923423377": {
        "class": "11",
        "glbrksavepct": "0.00",
        "glbrksaves": "0",
        "glbrkshots": "0",
        "gldsaves": "0",
        "glga": "0",
        "glgaa": "0.00",
        "glpensavepct": "0.00",
        "glpensaves": "0",
        "glpenshots": "0",
        "glpkclearzone": "0",
        "glpokechecks": "0",
        "glsavepct": "0.00",
        "glsaves": "0",
        "glshots": "0",
        "glsoperiods": "0",
        "isGuest": "1",
        "opponentClubId": "440740",
        "opponentScore": "3",
        "opponentTeamId": "500",
        "player_dnf": "0",
        "playerLevel": "102",
        "pNhlOnlineGameType": "5",
        "position": "defenseMen",
        "posSorted": "2",
        "ratingDefense": "70.00",
        "ratingOffense": "70.00",
        "ratingTeamplay": "55.00",
        "score": "0",
        "skassists": "1",
        "skbs": "0",
        "skdeflections": "0",
        "skfol": "0",
        "skfopct": "0.00",
        "skfow": "0",
        "skgiveaways": "5",
        "skgoals": "0",
        "skgwg": "0",
        "skhits": "5",
        "skinterceptions": "6",
        "skpassattempts": "18",
        "skpasses": "10",
        "skpasspct": "55.56",
        "skpenaltiesdrawn": "0",
        "skpim": "2",
        "skpkclearzone": "2",
        "skplusmin": "1",
        "skpossession": "139",
        "skppg": "0",
        "sksaucerpasses": "1",
        "skshg": "0",
        "skshotattempts": "3",
        "skshotonnetpct": "66.67",
        "skshotpct": "0.00",
        "skshots": "2",
        "sktakeaways": "2",
        "teamId": "501",
        "teamSide": "1",
        "toi": "38",
        "toiseconds": "2281",
        "playername": "CGS_garbo_69"
      },
      "1975927092": {
        "class": "21",
        "glbrksavepct": "0.00",
        "glbrksaves": "0",
        "glbrkshots": "0",
        "gldsaves": "0",
        "glga": "3",
        "glgaa": "4.50",
        "glpensavepct": "0.00",
        "glpensaves": "0",
        "glpenshots": "0",
        "glpkclearzone": "0",
        "glpokechecks": "0",
        "glsavepct": "0.57",
        "glsaves": "4",
        "glshots": "7",
        "glsoperiods": "0",
        "isGuest": "1",
        "opponentClubId": "440740",
        "opponentScore": "3",
        "opponentTeamId": "500",
        "player_dnf": "1",
        "playerLevel": "241",
        "pNhlOnlineGameType": "5",
        "position": "goalie",
        "posSorted": "0",
        "ratingDefense": "60.00",
        "ratingOffense": "45.00",
        "ratingTeamplay": "50.00",
        "score": "0",
        "skassists": "0",
        "skbs": "0",
        "skdeflections": "0",
        "skfol": "0",
        "skfopct": "0.00",
        "skfow": "0",
        "skgiveaways": "0",
        "skgoals": "0",
        "skgwg": "0",
        "skhits": "0",
        "skinterceptions": "0",
        "skpassattempts": "0",
        "skpasses": "0",
        "skpasspct": "0.00",
        "skpenaltiesdrawn": "0",
        "skpim": "0",
        "skpkclearzone": "0",
        "skplusmin": "0",
        "skpossession": "0",
        "skppg": "0",
        "sksaucerpasses": "0",
        "skshg": "0",
        "skshotattempts": "0",
        "skshotonnetpct": "0.00",
        "skshotpct": "0.00",
        "skshots": "0",
        "sktakeaways": "0",
        "teamId": "501",
        "teamSide": "1",
        "toi": "40",
        "toiseconds": "2400",
        "playername": "v-l-e-x-y-y"
      },
      "1979501370": {
        "class": "15",
        "glbrksavepct": "0.00",
        "glbrksaves": "0",
        "glbrkshots": "0",
        "gldsaves": "0",
        "glga": "0",
        "glgaa": "0.00",
        "glpensavepct": "0.00",
        "glpensaves": "0",
        "glpenshots": "0",
        "glpkclearzone": "0",
        "glpokechecks": "0",
        "glsavepct": "0.00",
        "glsaves": "0",
        "glshots": "0",
        "glsoperiods": "0",
        "isGuest": "1",
        "opponentClubId": "440740",
        "opponentScore": "3",
        "opponentTeamId": "500",
        "player_dnf": "1",
        "playerLevel": "117",
        "pNhlOnlineGameType": "5",
        "position": "leftWing",
        "posSorted": "4",
        "ratingDefense": "65.00",
        "ratingOffense": "90.00",
        "ratingTeamplay": "60.00",
        "score": "0",
        "skassists": "1",
        "skbs": "1",
        "skdeflections": "0",
        "skfol": "0",
        "skfopct": "0.00",
        "skfow": "0",
        "skgiveaways": "9",
        "skgoals": "2",
        "skgwg": "0",
        "skhits": "0",
        "skinterceptions": "6",
        "skpassattempts": "11",
        "skpasses": "5",
        "skpasspct": "45.45",
        "skpenaltiesdrawn": "1",
        "skpim": "0",
        "skpkclearzone": "0",
        "skplusmin": "1",
        "skpossession": "171",
        "skppg": "0",
        "sksaucerpasses": "0",
        "skshg": "0",
        "skshotattempts": "5",
        "skshotonnetpct": "60.00",
        "skshotpct": "66.67",
        "skshots": "3",
        "sktakeaways": "6",
        "teamId": "501",
        "teamSide": "1",
        "toi": "40",
        "toiseconds": "2400",
        "playername": "BenDuguay"
      },
      "1982919352": {
        "class": "2",
        "glbrksavepct": "0.00",
        "glbrksaves": "0",
        "glbrkshots": "0",
        "gldsaves": "0",
        "glga": "0",
        "glgaa": "0.00",
        "glpensavepct": "0.00",
        "glpensaves": "0",
        "glpenshots": "0",
        "glpkclearzone": "0",
        "glpokechecks": "0",
        "glsavepct": "0.00",
        "glsaves": "0",
        "glshots": "0",
        "glsoperiods": "0",
        "isGuest": "1",
        "opponentClubId": "440740",
        "opponentScore": "3",
        "opponentTeamId": "500",
        "player_dnf": "1",
        "playerLevel": "108",
        "pNhlOnlineGameType": "5",
        "position": "rightWing",
        "posSorted": "3",
        "ratingDefense": "65.00",
        "ratingOffense": "90.00",
        "ratingTeamplay": "45.00",
        "score": "0",
        "skassists": "2",
        "skbs": "0",
        "skdeflections": "0",
        "skfol": "0",
        "skfopct": "0.00",
        "skfow": "0",
        "skgiveaways": "3",
        "skgoals": "1",
        "skgwg": "0",
        "skhits": "0",
        "skinterceptions": "5",
        "skpassattempts": "12",
        "skpasses": "10",
        "skpasspct": "83.33",
        "skpenaltiesdrawn": "0",
        "skpim": "2",
        "skpkclearzone": "0",
        "skplusmin": "1",
        "skpossession": "122",
        "skppg": "0",
        "sksaucerpasses": "1",
        "skshg": "0",
        "skshotattempts": "3",
        "skshotonnetpct": "33.33",
        "skshotpct": "100.00",
        "skshots": "1",
        "sktakeaways": "4",
        "teamId": "501",
        "teamSide": "1",
        "toi": "38",
        "toiseconds": "2275",
        "playername": "NoLuvFrostyx"
      }
    },
    "440740": {
      "385985151": {
        "class": "15",
        "glbrksavepct": "0.00",
        "glbrksaves": "0",
        "glbrkshots": "0",
        "gldsaves": "0",
        "glga": "0",
        "glgaa": "0.00",
        "glpensavepct": "0.00",
        "glpensaves": "0",
        "glpenshots": "0",
        "glpkclearzone": "0",
        "glpokechecks": "0",
        "glsavepct": "0.00",
        "glsaves": "0",
        "glshots": "0",
        "glsoperiods": "0",
        "isGuest": "0",
        "opponentClubId": "49842",
        "opponentScore": "0",
        "opponentTeamId": "501",
        "player_dnf": "0",
        "playerLevel": "82",
        "pNhlOnlineGameType": "5",
        "position": "defenseMen",
        "posSorted": "2",
        "ratingDefense": "70.00",
        "ratingOffense": "55.00",
        "ratingTeamplay": "60.00",
        "score": "3",
        "skassists": "0",
        "skbs": "2",
        "skdeflections": "0",
        "skfol": "0",
        "skfopct": "0.00",
        "skfow": "0",
        "skgiveaways": "14",
        "skgoals": "0",
        "skgwg": "0",
        "skhits": "5",
        "skinterceptions": "6",
        "skpassattempts": "12",
        "skpasses": "6",
        "skpasspct": "50.00",
        "skpenaltiesdrawn": "0",
        "skpim": "2",
        "skpkclearzone": "0",
        "skplusmin": "-2",
        "skpossession": "134",
        "skppg": "0",
        "sksaucerpasses": "1",
        "skshg": "0",
        "skshotattempts": "0",
        "skshotonnetpct": "0.00",
        "skshotpct": "0.00",
        "skshots": "0",
        "sktakeaways": "2",
        "teamId": "500",
        "teamSide": "0",
        "toi": "38",
        "toiseconds": "2280",
        "playername": "Sauc---y"
      },
      "655079392": {
        "class": "21",
        "glbrksavepct": "0.00",
        "glbrksaves": "0",
        "glbrkshots": "0",
        "gldsaves": "0",
        "glga": "4",
        "glgaa": "6.00",
        "glpensavepct": "0.00",
        "glpensaves": "0",
        "glpenshots": "0",
        "glpkclearzone": "0",
        "glpokechecks": "0",
        "glsavepct": "0.71",
        "glsaves": "10",
        "glshots": "14",
        "glsoperiods": "0",
        "isGuest": "1",
        "opponentClubId": "49842",
        "opponentScore": "0",
        "opponentTeamId": "501",
        "player_dnf": "0",
        "playerLevel": "29",
        "pNhlOnlineGameType": "5",
        "position": "goalie",
        "posSorted": "0",
        "ratingDefense": "65.00",
        "ratingOffense": "35.00",
        "ratingTeamplay": "50.00",
        "score": "3",
        "skassists": "0",
        "skbs": "0",
        "skdeflections": "0",
        "skfol": "0",
        "skfopct": "0.00",
        "skfow": "0",
        "skgiveaways": "0",
        "skgoals": "0",
        "skgwg": "0",
        "skhits": "0",
        "skinterceptions": "0",
        "skpassattempts": "0",
        "skpasses": "0",
        "skpasspct": "0.00",
        "skpenaltiesdrawn": "0",
        "skpim": "0",
        "skpkclearzone": "0",
        "skplusmin": "0",
        "skpossession": "0",
        "skppg": "0",
        "sksaucerpasses": "0",
        "skshg": "0",
        "skshotattempts": "0",
        "skshotonnetpct": "0.00",
        "skshotpct": "0.00",
        "skshots": "0",
        "sktakeaways": "0",
        "teamId": "500",
        "teamSide": "0",
        "toi": "40",
        "toiseconds": "2400",
        "playername": "SVNickNitro"
      },
      "787537987": {
        "class": "1",
        "glbrksavepct": "0.00",
        "glbrksaves": "0",
        "glbrkshots": "0",
        "gldsaves": "0",
        "glga": "0",
        "glgaa": "0.00",
        "glpensavepct": "0.00",
        "glpensaves": "0",
        "glpenshots": "0",
        "glpkclearzone": "0",
        "glpokechecks": "0",
        "glsavepct": "0.00",
        "glsaves": "0",
        "glshots": "0",
        "glsoperiods": "0",
        "isGuest": "1",
        "opponentClubId": "49842",
        "opponentScore": "0",
        "opponentTeamId": "501",
        "player_dnf": "0",
        "playerLevel": "10",
        "pNhlOnlineGameType": "5",
        "position": "center",
        "posSorted": "5",
        "ratingDefense": "65.00",
        "ratingOffense": "65.00",
        "ratingTeamplay": "55.00",
        "score": "3",
        "skassists": "1",
        "skbs": "0",
        "skdeflections": "0",
        "skfol": "16",
        "skfopct": "30.43",
        "skfow": "7",
        "skgiveaways": "6",
        "skgoals": "0",
        "skgwg": "0",
        "skhits": "0",
        "skinterceptions": "1",
        "skpassattempts": "9",
        "skpasses": "5",
        "skpasspct": "55.56",
        "skpenaltiesdrawn": "0",
        "skpim": "0",
        "skpkclearzone": "0",
        "skplusmin": "-1",
        "skpossession": "111",
        "skppg": "0",
        "sksaucerpasses": "1",
        "skshg": "0",
        "skshotattempts": "1",
        "skshotonnetpct": "0.00",
        "skshotpct": "0.00",
        "skshots": "0",
        "sktakeaways": "1",
        "teamId": "500",
        "teamSide": "0",
        "toi": "40",
        "toiseconds": "2400",
        "playername": "BarryWoodsDong"
      },
      "1012193622": {
        "class": "15",
        "glbrksavepct": "0.00",
        "glbrksaves": "0",
        "glbrkshots": "0",
        "gldsaves": "0",
        "glga": "0",
        "glgaa": "0.00",
        "glpensavepct": "0.00",
        "glpensaves": "0",
        "glpenshots": "0",
        "glpkclearzone": "0",
        "glpokechecks": "0",
        "glsavepct": "0.00",
        "glsaves": "0",
        "glshots": "0",
        "glsoperiods": "0",
        "isGuest": "0",
        "opponentClubId": "49842",
        "opponentScore": "0",
        "opponentTeamId": "501",
        "player_dnf": "0",
        "playerLevel": "202",
        "pNhlOnlineGameType": "5",
        "position": "defenseMen",
        "posSorted": "1",
        "ratingDefense": "60.00",
        "ratingOffense": "70.00",
        "ratingTeamplay": "85.00",
        "score": "3",
        "skassists": "1",
        "skbs": "1",
        "skdeflections": "0",
        "skfol": "0",
        "skfopct": "0.00",
        "skfow": "0",
        "skgiveaways": "10",
        "skgoals": "0",
        "skgwg": "0",
        "skhits": "8",
        "skinterceptions": "8",
        "skpassattempts": "16",
        "skpasses": "11",
        "skpasspct": "68.75",
        "skpenaltiesdrawn": "0",
        "skpim": "0",
        "skpkclearzone": "0",
        "skplusmin": "-1",
        "skpossession": "204",
        "skppg": "0",
        "sksaucerpasses": "4",
        "skshg": "0",
        "skshotattempts": "0",
        "skshotonnetpct": "0.00",
        "skshotpct": "0.00",
        "skshots": "0",
        "sktakeaways": "2",
        "teamId": "500",
        "teamSide": "0",
        "toi": "40",
        "toiseconds": "2400",
        "playername": "Bilal-I96I"
      },
      "1905054658": {
        "class": "2",
        "glbrksavepct": "0.00",
        "glbrksaves": "0",
        "glbrkshots": "0",
        "gldsaves": "0",
        "glga": "0",
        "glgaa": "0.00",
        "glpensavepct": "0.00",
        "glpensaves": "0",
        "glpenshots": "0",
        "glpkclearzone": "0",
        "glpokechecks": "0",
        "glsavepct": "0.00",
        "glsaves": "0",
        "glshots": "0",
        "glsoperiods": "0",
        "isGuest": "0",
        "opponentClubId": "49842",
        "opponentScore": "0",
        "opponentTeamId": "501",
        "player_dnf": "0",
        "playerLevel": "103",
        "pNhlOnlineGameType": "5",
        "position": "leftWing",
        "posSorted": "4",
        "ratingDefense": "40.00",
        "ratingOffense": "85.00",
        "ratingTeamplay": "55.00",
        "score": "3",
        "skassists": "0",
        "skbs": "0",
        "skdeflections": "0",
        "skfol": "0",
        "skfopct": "0.00",
        "skfow": "0",
        "skgiveaways": "6",
        "skgoals": "2",
        "skgwg": "0",
        "skhits": "1",
        "skinterceptions": "1",
        "skpassattempts": "4",
        "skpasses": "4",
        "skpasspct": "100.00",
        "skpenaltiesdrawn": "0",
        "skpim": "0",
        "skpkclearzone": "0",
        "skplusmin": "-1",
        "skpossession": "85",
        "skppg": "0",
        "sksaucerpasses": "1",
        "skshg": "0",
        "skshotattempts": "5",
        "skshotonnetpct": "80.00",
        "skshotpct": "50.00",
        "skshots": "4",
        "sktakeaways": "1",
        "teamId": "500",
        "teamSide": "0",
        "toi": "40",
        "toiseconds": "2400",
        "playername": "xTrxshy-_-"
      },
      "1975762195": {
        "class": "2",
        "glbrksavepct": "0.00",
        "glbrksaves": "0",
        "glbrkshots": "0",
        "gldsaves": "0",
        "glga": "0",
        "glgaa": "0.00",
        "glpensavepct": "0.00",
        "glpensaves": "0",
        "glpenshots": "0",
        "glpkclearzone": "0",
        "glpokechecks": "0",
        "glsavepct": "0.00",
        "glsaves": "0",
        "glshots": "0",
        "glsoperiods": "0",
        "isGuest": "0",
        "opponentClubId": "49842",
        "opponentScore": "0",
        "opponentTeamId": "501",
        "player_dnf": "0",
        "playerLevel": "155",
        "pNhlOnlineGameType": "5",
        "position": "rightWing",
        "posSorted": "3",
        "ratingDefense": "40.00",
        "ratingOffense": "85.00",
        "ratingTeamplay": "60.00",
        "score": "3",
        "skassists": "2",
        "skbs": "0",
        "skdeflections": "0",
        "skfol": "0",
        "skfopct": "0.00",
        "skfow": "0",
        "skgiveaways": "7",
        "skgoals": "1",
        "skgwg": "0",
        "skhits": "0",
        "skinterceptions": "2",
        "skpassattempts": "6",
        "skpasses": "4",
        "skpasspct": "66.67",
        "skpenaltiesdrawn": "1",
        "skpim": "0",
        "skpkclearzone": "1",
        "skplusmin": "-1",
        "skpossession": "99",
        "skppg": "0",
        "sksaucerpasses": "1",
        "skshg": "1",
        "skshotattempts": "4",
        "skshotonnetpct": "75.00",
        "skshotpct": "33.33",
        "skshots": "3",
        "sktakeaways": "1",
        "teamId": "500",
        "teamSide": "0",
        "toi": "40",
        "toiseconds": "2400",
        "playername": "Vaniskov"
      }
    }
  },
  "aggregate": {
    "49842": {
      "class": 65,
      "glbrksavepct": 0,
      "glbrksaves": 0,
      "glbrkshots": 0,
      "gldsaves": 0,
      "glga": 3,
      "glgaa": 4.5,
      "glpensavepct": 0,
      "glpensaves": 0,
      "glpenshots": 0,
      "glpkclearzone": 0,
      "glpokechecks": 0,
      "glsavepct": 0.57,
      "glsaves": 4,
      "glshots": 7,
      "glsoperiods": 0,
      "isGuest": 5,
      "opponentClubId": 2644440,
      "opponentScore": 18,
      "opponentTeamId": 3000,
      "player_dnf": 3,
      "playerLevel": 872,
      "pNhlOnlineGameType": 30,
      "position": 0,
      "posSorted": 15,
      "ratingDefense": 385,
      "ratingOffense": 435,
      "ratingTeamplay": 330,
      "score": 0,
      "skassists": 5,
      "skbs": 1,
      "skdeflections": 0,
      "skfol": 7,
      "skfopct": 69.57,
      "skfow": 16,
      "skgiveaways": 25,
      "skgoals": 4,
      "skgwg": 0,
      "skhits": 6,
      "skinterceptions": 26,
      "skpassattempts": 64,
      "skpasses": 39,
      "skpasspct": 299.05,
      "skpenaltiesdrawn": 1,
      "skpim": 4,
      "skpkclearzone": 3,
      "skplusmin": 5,
      "skpossession": 647,
      "skppg": 0,
      "sksaucerpasses": 2,
      "skshg": 0,
      "skshotattempts": 15,
      "skshotonnetpct": 360,
      "skshotpct": 200,
      "skshots": 10,
      "sktakeaways": 17,
      "teamId": 3006,
      "teamSide": 6,
      "toi": 236,
      "toiseconds": 14156
    },
    "440740": {
      "class": 56,
      "glbrksavepct": 0,
      "glbrksaves": 0,
      "glbrkshots": 0,
      "gldsaves": 0,
      "glga": 4,
      "glgaa": 6,
      "glpensavepct": 0,
      "glpensaves": 0,
      "glpenshots": 0,
      "glpkclearzone": 0,
      "glpokechecks": 0,
      "glsavepct": 0.71,
      "glsaves": 10,
      "glshots": 14,
      "glsoperiods": 0,
      "isGuest": 2,
      "opponentClubId": 299052,
      "opponentScore": 0,
      "opponentTeamId": 3006,
      "player_dnf": 0,
      "playerLevel": 581,
      "pNhlOnlineGameType": 30,
      "position": 0,
      "posSorted": 15,
      "ratingDefense": 340,
      "ratingOffense": 395,
      "ratingTeamplay": 365,
      "score": 18,
      "skassists": 4,
      "skbs": 3,
      "skdeflections": 0,
      "skfol": 16,
      "skfopct": 30.43,
      "skfow": 7,
      "skgiveaways": 43,
      "skgoals": 3,
      "skgwg": 0,
      "skhits": 14,
      "skinterceptions": 18,
      "skpassattempts": 47,
      "skpasses": 30,
      "skpasspct": 340.98,
      "skpenaltiesdrawn": 1,
      "skpim": 2,
      "skpkclearzone": 1,
      "skplusmin": -6,
      "skpossession": 633,
      "skppg": 0,
      "sksaucerpasses": 8,
      "skshg": 1,
      "skshotattempts": 10,
      "skshotonnetpct": 155,
      "skshotpct": 83.33,
      "skshots": 7,
      "sktakeaways": 7,
      "teamId": 3000,
      "teamSide": 0,
      "toi": 238,
      "toiseconds": 14280
    }
  }
}