{
  "matchId": "6670344810136",
  "timestamp": 1663120434,
  "timeAgo": {
    "number": 1,
    "unit": "days"
  },
  "clubs": {
    "49842": {
      "clubDivision": "9",
      "cNhlOnlineGameType": "5",
      "garaw": "2",
      "gfraw": "0",
      "losses": "1",
      "memberString": "6 / 6",
      "opponentClubId": "440740",
      "opponentScore": "3",
      "opponentTeamArtAbbr": "DROP",
      "passa": "32",
      "passc": "21",
      "ppg": "0",
      "ppo": "2",
      "result": "10",
      "score": "0",
      "scoreString": "0 - 3",
      "shots": "3",
      "teamArtAbbr": "EASHL",
      "teamSide": "0",
      "toa": "116",
      "winnerByDnf": "0",
      "winnerByGoalieDnf": "0",
      "details": {
        "name": "Dynasty",
        "clubId": 49842,
        "regionId": 5,
        "teamId": 5152,
        "customKit": {
          "isCustomTeam": "1",
          "crestAssetId": "778",
          "useBaseAsset": "1"
        }
      },
      "goals": "0",
      "goalsAgainst": "3"
    },
    "440740": {
      "clubDivision": "1",
      "cNhlOnlineGameType": "5",
      "garaw": "0",
      "gfraw": "2",
      "losses": "0",
      "memberString": "6 / 6",
      "opponentClubId": "49842",
      "opponentScore": "0",
      "opponentTeamArtAbbr": "EASHL",
      "passa": "38",
      "passc": "28",
      "ppg": "1",
      "ppo": "3",
      "result": "16385",
      "score": "3",
      "scoreString": "3 - 0",
      "shots": "5",
      "teamArtAbbr": "DROP",
      "teamSide": "1",
      "toa": "96",
      "winnerByDnf": "1",
      "winnerByGoalieDnf": "1",
      "details": {
        "name": "M6 Electrified",
        "clubId": 440740,
        "regionId": 5,
        "teamId": 5070,
        "customKit": {
          "isCustomTeam": "1",
          "crestAssetId": "183",
          "useBaseAsset": "1"
        }
      },
      "goals": "3",
      "goalsAgainst": "0"
    }
  },
  "players": {
    "49842": {
      "178739994": {
        "class": "15",
        "glbrksavepct": "0.00",
        "glbrksaves": "0",
        "glbrkshots": "0",
        "gldsaves": "0",
        "glga": "0",
        "glgaa": "0.00",
        "glpensavepct": "0.00",
        "glpensaves": "0",
        "glpenshots": "0",
        "glpkclearzone": "0",
        "glpokechecks": "0",
        "glsavepct": "0.00",
        "glsaves": "0",
        "glshots": "0",
        "glsoperiods": "0",
        "isGuest": "1",
        "opponentClubId": "440740",
        "opponentScore": "3",
        "opponentTeamId": "501",
        "player_dnf": "0",
        "playerLevel": "152",
        "pNhlOnlineGameType": "5",
        "position": "defenseMen",
        "posSorted": "1",
        "ratingDefense": "50.00",
        "ratingOffense": "50.00",
        "ratingTeamplay": "40.00",
        "score": "0",
        "skassists": "0",
        "skbs": "0",
        "skdeflections": "0",
        "skfol": "0",
        "skfopct": "0.00",
        "skfow": "0",
        "skgiveaways": "0",
        "skgoals": "0",
        "skgwg": "0",
        "skhits": "1",
        "skinterceptions": "4",
        "skpassattempts": "5",
        "skpasses": "5",
        "skpasspct": "100.00",
        "skpenaltiesdrawn": "0",
        "skpim": "0",
        "skpkclearzone": "0",
        "skplusmin": "-1",
        "skpossession": "61",
        "skppg": "0",
        "sksaucerpasses": "0",
        "skshg": "0",
        "skshotattempts": "1",
        "skshotonnetpct": "0.00",
        "skshotpct": "0.00",
        "skshots": "0",
        "sktakeaways": "2",
        "teamId": "500",
        "teamSide": "0",
        "toi": "23",
        "toiseconds": "1352",
        "playername": "rbobby1420"
      },
      "1311299550": {
        "class": "1",
        "glbrksavepct": "0.00",
        "glbrksaves": "0",
        "glbrkshots": "0",
        "gldsaves": "0",
        "glga": "0",
        "glgaa": "0.00",
        "glpensavepct": "0.00",
        "glpensaves": "0",
        "glpenshots": "0",
        "glpkclearzone": "0",
        "glpokechecks": "0",
        "glsavepct": "0.00",
        "glsaves": "0",
        "glshots": "0",
        "glsoperiods": "0",
        "isGuest": "0",
        "opponentClubId": "440740",
        "opponentScore": "3",
        "opponentTeamId": "501",
        "player_dnf": "1",
        "playerLevel": "166",
        "pNhlOnlineGameType": "5",
        "position": "center",
        "posSorted": "5",
        "ratingDefense": "60.00",
        "ratingOffense": "50.00",
        "ratingTeamplay": "60.00",
        "score": "0",
        "skassists": "0",
        "skbs": "0",
        "skdeflections": "0",
        "skfol": "5",
        "skfopct": "58.33",
        "skfow": "7",
        "skgiveaways": "5",
        "skgoals": "0",
        "skgwg": "0",
        "skhits": "1",
        "skinterceptions": "1",
        "skpassattempts": "10",
        "skpasses": "3",
        "skpasspct": "30.00",
        "skpenaltiesdrawn": "1",
        "skpim": "2",
        "skpkclearzone": "0",
        "skplusmin": "-1",
        "skpossession": "79",
        "skppg": "0",
        "sksaucerpasses": "0",
        "skshg": "0",
        "skshotattempts": "0",
        "skshotonnetpct": "0.00",
        "skshotpct": "0.00",
        "skshots": "0",
        "sktakeaways": "1",
        "teamId": "500",
        "teamSide": "0",
        "toi": "22",
        "toiseconds": "1349",
        "playername": "zZubee-"
      },
      "1923423377": {
        "class": "11",
        "glbrksavepct": "0.00",
        "glbrksaves": "0",
        "glbrkshots": "0",
        "gldsaves": "0",
        "glga": "0",
        "glgaa": "0.00",
        "glpensavepct": "0.00",
        "glpensaves": "0",
        "glpenshots": "0",
        "glpkclearzone": "0",
        "glpokechecks": "0",
        "glsavepct": "0.00",
        "glsaves": "0",
        "glshots": "0",
        "glsoperiods": "0",
        "isGuest": "1",
        "opponentClubId": "440740",
        "opponentScore": "3",
        "opponentTeamId": "501",
        "player_dnf": "0",
        "playerLevel": "102",
        "pNhlOnlineGameType": "5",
        "position": "defenseMen",
        "posSorted": "2",
        "ratingDefense": "65.00",
        "ratingOffense": "55.00",
        "ratingTeamplay": "45.00",
        "score": "0",
        "skassists": "0",
        "skbs": "0",
        "skdeflections": "0",
        "skfol": "0",
        "skfopct": "0.00",
        "skfow": "0",
        "skgiveaways": "2",
        "skgoals": "0",
        "skgwg": "0",
        "skhits": "1",
        "skinterceptions": "5",
        "skpassattempts": "4",
        "skpasses": "4",
        "skpasspct": "100.00",
        "skpenaltiesdrawn": "0",
        "skpim": "2",
        "skpkclearzone": "2",
        "skplusmin": "-1",
        "skpossession": "45",
        "skppg": "0",
        "sksaucerpasses": "0",
        "skshg": "0",
        "skshotattempts": "0",
        "skshotonnetpct": "0.00",
        "skshotpct": "0.00",
        "skshots": "0",
        "sktakeaways": "1",
        "teamId": "500",
        "teamSide": "0",
        "toi": "21",
        "toiseconds": "1233",
        "playername": "CGS_garbo_69"
      },
      "1975927092": {
        "class": "21",
        "glbrksavepct": "0.50",
        "glbrksaves": "1",
        "glbrkshots": "2",
        "gldsaves": "0",
        "glga": "2",
        "glgaa": "5.22",
        "glpensavepct": "0.00",
        "glpensaves": "0",
        "glpenshots": "0",
        "glpkclearzone": "0",
        "glpokechecks": "0",
        "glsavepct": "0.60",
        "glsaves": "3",
        "glshots": "5",
        "glsoperiods": "0",
        "isGuest": "1",
        "opponentClubId": "440740",
        "opponentScore": "3",
        "opponentTeamId": "501",
        "player_dnf": "1",
        "playerLevel": "241",
        "pNhlOnlineGameType": "5",
        "position": "goalie",
        "posSorted": "0",
        "ratingDefense": "60.00",
        "ratingOffense": "60.00",
        "ratingTeamplay": "50.00",
        "score": "0",
        "skassists": "0",
        "skbs": "0",
        "skdeflections": "0",
        "skfol": "0",
        "skfopct": "0.00",
        "skfow": "0",
        "skgiveaways": "0",
        "skgoals": "0",
        "skgwg": "0",
        "skhits": "0",
        "skinterceptions": "0",
        "skpassattempts": "0",
        "skpasses": "0",
        "skpasspct": "0.00",
        "skpenaltiesdrawn": "0",
        "skpim": "0",
        "skpkclearzone": "0",
        "skplusmin": "0",
        "skpossession": "0",
        "skppg": "0",
        "sksaucerpasses": "0",
        "skshg": "0",
        "skshotattempts": "0",
        "skshotonnetpct": "0.00",
        "skshotpct": "0.00",
        "skshots": "0",
        "sktakeaways": "0",
        "teamId": "500",
        "teamSide": "0",
        "toi": "23",
        "toiseconds": "1352",
        "playername": "v-l-e-x-y-y"
      },
      "1979501370": {
        "class": "15",
        "glbrksavepct": "0.00",
        "glbrksaves": "0",
        "glbrkshots": "0",
        "gldsaves": "0",
        "glga": "0",
        "glgaa": "0.00",
        "glpensavepct": "0.00",
        "glpensaves": "0",
        "glpenshots": "0",
        "glpkclearzone": "0",
        "glpokechecks": "0",
        "glsavepct": "0.00",
        "glsaves": "0",
        "glshots": "0",
        "glsoperiods": "0",
        "isGuest": "1",
        "opponentClubId": "440740",
        "opponentScore": "3",
        "opponentTeamId": "501",
        "player_dnf": "1",
        "playerLevel": "117",
        "pNhlOnlineGameType": "5",
        "position": "leftWing",
        "posSorted": "4",
        "ratingDefense": "65.00",
        "ratingOffense": "55.00",
        "ratingTeamplay": "0.00",
        "score": "0",
        "skassists": "0",
        "skbs": "0",
        "skdeflections": "0",
        "skfol": "0",
        "skfopct": "0.00",
        "skfow": "0",
        "skgiveaways": "5",
        "skgoals": "0",
        "skgwg": "0",
        "skhits": "0",
        "skinterceptions": "4",
        "skpassattempts": "10",
        "skpasses": "7",
        "skpasspct": "70.00",
        "skpenaltiesdrawn": "0",
        "skpim": "2",
        "skpkclearzone": "0",
        "skplusmin": "-1",
        "skpossession": "126",
        "skppg": "0",
        "sksaucerpasses": "0",
        "skshg": "0",
        "skshotattempts": "2",
        "skshotonnetpct": "50.00",
        "skshotpct": "0.00",
        "skshots": "1",
        "sktakeaways": "4",
        "teamId": "500",
        "teamSide": "0",
        "toi": "22",
        "toiseconds": "1322",
        "playername": "BenDuguay"
      },
      "1982919352": {
        "class": "2",
        "glbrksavepct": "0.00",
        "glbrksaves": "0",
        "glbrkshots": "0",
        "gldsaves": "0",
        "glga": "0",
        "glgaa": "0.00",
        "glpensavepct": "0.00",
        "glpensaves": "0",
        "glpenshots": "0",
        "glpkclearzone": "0",
        "glpokechecks": "0",
        "glsavepct": "0.00",
        "glsaves": "0",
        "glshots": "0",
        "glsoperiods": "0",
        "isGuest": "1",
        "opponentClubId": "440740",
        "opponentScore": "3",
        "opponentTeamId": "501",
        "player_dnf": "0",
        "playerLevel": "108",
        "pNhlOnlineGameType": "5",
        "position": "rightWing",
        "posSorted": "3",
        "ratingDefense": "45.00",
        "ratingOffense": "55.00",
        "ratingTeamplay": "45.00",
        "score": "0",
        "skassists": "0",
        "skbs": "0",
        "skdeflections": "0",
        "skfol": "1",
        "skfopct": "0.00",
        "skfow": "0",
        "skgiveaways": "0",
        "skgoals": "0",
        "skgwg": "0",
        "skhits": "0",
        "skinterceptions": "2",
        "skpassattempts": "3",
        "skpasses": "2",
        "skpasspct": "66.67",
        "skpenaltiesdrawn": "1",
        "skpim": "2",
        "skpkclearzone": "0",
        "skplusmin": "-1",
        "skpossession": "68",
        "skppg": "0",
        "sksaucerpasses": "0",
        "skshg": "0",
        "skshotattempts": "1",
        "skshotonnetpct": "100.00",
        "skshotpct": "0.00",
        "skshots": "1",
        "sktakeaways": "0",
        "teamId": "500",
        "teamSide": "0",
        "toi": "21",
        "toiseconds": "1233",
        "playername": "NoLuvFrostyx"
      }
    },
    "440740": {
      "385985151": {
        "class": "15",
        "glbrksavepct": "0.00",
        "glbrksaves": "0",
        "glbrkshots": "0",
        "gldsaves": "0",
        "glga": "0",
        "glgaa": "0.00",
        "glpensavepct": "0.00",
        "glpensaves": "0",
        "glpenshots": "0",
        "glpkclearzone": "0",
        "glpokechecks": "0",
        "glsavepct": "0.00",
        "glsaves": "0",
        "glshots": "0",
        "glsoperiods": "0",
        "isGuest": "0",
        "opponentClubId": "49842",
        "opponentScore": "0",
        "opponentTeamId": "500",
        "player_dnf": "0",
        "playerLevel": "82",
        "pNhlOnlineGameType": "5",
        "position": "defenseMen",
        "posSorted": "2",
        "ratingDefense": "70.00",
        "ratingOffense": "70.00",
        "ratingTeamplay": "55.00",
        "score": "3",
        "skassists": "0",
        "skbs": "0",
        "skdeflections": "0",
        "skfol": "0",
        "skfopct": "0.00",
        "skfow": "0",
        "skgiveaways": "3",
        "skgoals": "1",
        "skgwg": "0",
        "skhits": "0",
        "skinterceptions": "2",
        "skpassattempts": "10",
        "skpasses": "8",
        "skpasspct": "80.00",
        "skpenaltiesdrawn": "0",
        "skpim": "0",
        "skpkclearzone": "0",
        "skplusmin": "1",
        "skpossession": "54",
        "skppg": "1",
        "sksaucerpasses": "1",
        "skshg": "0",
        "skshotattempts": "1",
        "skshotonnetpct": "100.00",
        "skshotpct": "100.00",
        "skshots": "1",
        "sktakeaways": "1",
        "teamId": "501",
        "teamSide": "1",
        "toi": "23",
        "toiseconds": "1352",
        "playername": "Sauc---y"
      },
      "787537987": {
        "class": "1",
        "glbrksavepct": "0.00",
        "glbrksaves": "0",
        "glbrkshots": "0",
        "gldsaves": "0",
        "glga": "0",
        "glgaa": "0.00",
        "glpensavepct": "0.00",
        "glpensaves": "0",
        "glpenshots": "0",
        "glpkclearzone": "0",
        "glpokechecks": "0",
        "glsavepct": "0.00",
        "glsaves": "0",
        "glshots": "0",
        "glsoperiods": "0",
        "isGuest": "1",
        "opponentClubId": "49842",
        "opponentScore": "0",
        "opponentTeamId": "500",
        "player_dnf": "0",
        "playerLevel": "10",
        "pNhlOnlineGameType": "5",
        "position": "center",
        "posSorted": "5",
        "ratingDefense": "60.00",
        "ratingOffense": "60.00",
        "ratingTeamplay": "30.00",
        "score": "3",
        "skassists": "1",
        "skbs": "0",
        "skdeflections": "0",
        "skfol": "5",
        "skfopct": "50.00",
        "skfow": "5",
        "skgiveaways": "8",
        "skgoals": "0",
        "skgwg": "0",
        "skhits": "2",
        "skinterceptions": "2",
        "skpassattempts": "11",
        "skpasses": "6",
        "skpasspct": "54.55",
        "skpenaltiesdrawn": "0",
        "skpim": "2",
        "skpkclearzone": "0",
        "skplusmin": "0",
        "skpossession": "85",
        "skppg": "0",
        "sksaucerpasses": "3",
        "skshg": "0",
        "skshotattempts": "0",
        "skshotonnetpct": "0.00",
        "skshotpct": "0.00",
        "skshots": "0",
        "sktakeaways": "1",
        "teamId": "501",
        "teamSide": "1",
        "toi": "21",
        "toiseconds": "1233",
        "playername": "BarryWoodsDong"
      },
      "880469871": {
        "class": "21",
        "glbrksavepct": "0.00",
        "glbrksaves": "0",
        "glbrkshots": "0",
        "gldsaves": "0",
        "glga": "0",
        "glgaa": "0.00",
        "glpensavepct": "0.00",
        "glpensaves": "0",
        "glpenshots": "0",
        "glpkclearzone": "0",
        "glpokechecks": "0",
        "glsavepct": "1.00",
        "glsaves": "3",
        "glshots": "3",
        "glsoperiods": "0",
        "isGuest": "0",
        "opponentClubId": "49842",
        "opponentScore": "0",
        "opponentTeamId": "500",
        "player_dnf": "0",
        "playerLevel": "187",
        "pNhlOnlineGameType": "5",
        "position": "goalie",
        "posSorted": "0",
        "ratingDefense": "55.00",
        "ratingOffense": "60.00",
        "ratingTeamplay": "50.00",
        "score": "3",
        "skassists": "0",
        "skbs": "0",
        "skdeflections": "0",
        "skfol": "0",
        "skfopct": "0.00",
        "skfow": "0",
        "skgiveaways": "0",
        "skgoals": "0",
        "skgwg": "0",
        "skhits": "0",
        "skinterceptions": "0",
        "skpassattempts": "0",
        "skpasses": "0",
        "skpasspct": "0.00",
        "skpenaltiesdrawn": "0",
        "skpim": "0",
        "skpkclearzone": "0",
        "skplusmin": "0",
        "skpossession": "0",
        "skppg": "0",
        "sksaucerpasses": "0",
        "skshg": "0",
        "skshotattempts": "0",
        "skshotonnetpct": "0.00",
        "skshotpct": "0.00",
        "skshots": "0",
        "sktakeaways": "0",
        "teamId": "501",
        "teamSide": "1",
        "toi": "23",
        "toiseconds": "1352",
        "playername": "Seagull_3134"
      },
      "1012193622": {
        "class": "15",
        "glbrksavepct": "0.00",
        "glbrksaves": "0",
        "glbrkshots": "0",
        "gldsaves": "0",
        "glga": "0",
        "glgaa": "0.00",
        "glpensavepct": "0.00",
        "glpensaves": "0",
        "glpenshots": "0",
        "glpkclearzone": "0",
        "glpokechecks": "0",
        "glsavepct": "0.00",
        "glsaves": "0",
        "glshots": "0",
        "glsoperiods": "0",
        "isGuest": "0",
        "opponentClubId": "49842",
        "opponentScore": "0",
        "opponentTeamId": "500",
        "player_dnf": "0",
        "playerLevel": "202",
        "pNhlOnlineGameType": "5",
        "position": "defenseMen",
        "posSorted": "1",
        "ratingDefense": "65.00",
        "ratingOffense": "55.00",
        "ratingTeamplay": "50.00",
        "score": "3",
        "skassists": "0",
        "skbs": "0",
        "skdeflections": "0",
        "skfol": "0",
        "skfopct": "0.00",
        "skfow": "0",
        "skgiveaways": "9",
        "skgoals": "0",
        "skgwg": "0",
        "skhits": "2",
        "skinterceptions": "1",
        "skpassattempts": "8",
        "skpasses": "6",
        "skpasspct": "75.00",
        "skpenaltiesdrawn": "0",
        "skpim": "2",
        "skpkclearzone": "0",
        "skplusmin": "0",
        "skpossession": "83",
        "skppg": "0",
        "sksaucerpasses": "3",
        "skshg": "0",
        "skshotattempts": "0",
        "skshotonnetpct": "0.00",
        "skshotpct": "0.00",
        "skshots": "0",
        "sktakeaways": "1",
        "teamId": "501",
        "teamSide": "1",
        "toi": "21",
        "toiseconds": "1233",
        "playername": "Bilal-I96I"
      },
      "1003797820592": {
        "class": "2",
        "glbrksavepct": "0.00",
        "glbrksaves": "0",
        "glbrkshots": "0",
        "gldsaves": "0",
        "glga": "0",
        "glgaa": "0.00",
        "glpensavepct": "0.00",
        "glpensaves": "0",
        "glpenshots": "0",
        "glpkclearzone": "0",
        "glpokechecks": "0",
        "glsavepct": "0.00",
        "glsaves": "0",
        "glshots": "0",
        "glsoperiods": "0",
        "isGuest": "1",
        "opponentClubId": "49842",
        "opponentScore": "0",
        "opponentTeamId": "500",
        "player_dnf": "0",
        "playerLevel": "299",
        "pNhlOnlineGameType": "5",
        "position": "leftWing",
        "posSorted": "4",
        "ratingDefense": "65.00",
        "ratingOffense": "70.00",
        "ratingTeamplay": "20.00",
        "score": "3",
        "skassists": "0",
        "skbs": "1",
        "skdeflections": "0",
        "skfol": "0",
        "skfopct": "0.00",
        "skfow": "0",
        "skgiveaways": "0",
        "skgoals": "1",
        "skgwg": "0",
        "skhits": "0",
        "skinterceptions": "1",
        "skpassattempts": "4",
        "skpasses": "4",
        "skpasspct": "100.00",
        "skpenaltiesdrawn": "1",
        "skpim": "0",
        "skpkclearzone": "0",
        "skplusmin": "1",
        "skpossession": "48",
        "skppg": "0",
        "sksaucerpasses": "0",
        "skshg": "1",
        "skshotattempts": "3",
        "skshotonnetpct": "100.00",
        "skshotpct": "33.33",
        "skshots": "3",
        "sktakeaways": "1",
        "teamId": "501",
        "teamSide": "1",
        "toi": "23",
        "toiseconds": "1352",
        "playername": "A-H-O_20-"
      },
      "1004704581653": {
        "class": "15",
        "glbrksavepct": "0.00",
        "glbrksaves": "0",
        "glbrkshots": "0",
        "gldsaves": "0",
        "glga": "0",
        "glgaa": "0.00",
        "glpensavepct": "0.00",
        "glpensaves": "0",
        "glpenshots": "0",
        "glpkclearzone": "0",
        "glpokechecks": "0",
        "glsavepct": "0.00",
        "glsaves": "0",
        "glshots": "0",
        "glsoperiods": "0",
        "isGuest": "1",
        "opponentClubId": "49842",
        "opponentScore": "0",
        "opponentTeamId": "500",
        "player_dnf": "0",
        "playerLevel": "251",
        "pNhlOnlineGameType": "5",
        "position": "rightWing",
        "posSorted": "3",
        "ratingDefense": "65.00",
        "ratingOffense": "65.00",
        "ratingTeamplay": "25.00",
        "score": "3",
        "skassists": "1",
        "skbs": "0",
        "skdeflections": "0",
        "skfol": "2",
        "skfopct": "33.33",
        "skfow": "1",
        "skgiveaways": "4",
        "skgoals": "0",
        "skgwg": "0",
        "skhits": "1",
        "skinterceptions": "1",
        "skpassattempts": "5",
        "skpasses": "4",
        "skpasspct": "80.00",
        "skpenaltiesdrawn": "2",
        "skpim": "0",
        "skpkclearzone": "0",
        "skplusmin": "1",
        "skpossession": "68",
        "skppg": "0",
        "sksaucerpasses": "0",
        "skshg": "0",
        "skshotattempts": "1",
        "skshotonnetpct": "100.00",
        "skshotpct": "0.00",
        "skshots": "1",
        "sktakeaways": "1",
        "teamId": "501",
        "teamSide": "1",
        "toi": "23",
        "toiseconds": "1352",
        "playername": "xBxllxgxrde-"
      }
    }
  },
  "aggregate": {
    "49842": {
      "class": 65,
      "glbrksavepct": 0.5,
      "glbrksaves": 1,
      "glbrkshots": 2,
      "gldsaves": 0,
      "glga": 2,
      "glgaa": 5.22,
      "glpensavepct": 0,
      "glpensaves": 0,
      "glpenshots": 0,
      "glpkclearzone": 0,
      "glpokechecks": 0,
      "glsavepct": 0.6,
      "glsaves": 3,
      "glshots": 5,
      "glsoperiods": 0,
      "isGuest": 5,
      "opponentClubId": 2644440,
      "opponentScore": 18,
      "opponentTeamId": 3006,
      "player_dnf": 3,
      "playerLevel": 886,
      "pNhlOnlineGameType": 30,
      "position": 0,
      "posSorted": 15,
      "ratingDefense": 345,
      "ratingOffense": 325,
      "ratingTeamplay": 240,
      "score": 0,
      "skassists": 0,
      "skbs": 0,
      "skdeflections": 0,
      "skfol": 6,
      "skfopct": 58.33,
      "skfow": 7,
      "skgiveaways": 12,
      "skgoals": 0,
      "skgwg": 0,
      "skhits": 3,
      "skinterceptions": 16,
      "skpassattempts": 32,
      "skpasses": 21,
      "skpasspct": 366.67,
      "skpenaltiesdrawn": 2,
      "skpim": 8,
      "skpkclearzone": 2,
      "skplusmin": -5,
      "skpossession": 379,
      "skppg": 0,
      "sksaucerpasses": 0,
      "skshg": 0,
      "skshotattempts": 4,
      "skshotonnetpct": 150,
      "skshotpct": 0,
      "skshots": 2,
      "sktakeaways": 8,
      "teamId": 3000,
      "teamSide": 0,
      "toi": 132,
      "toiseconds": 7841
    },
    "440740": {
      "class": 69,
      "glbrksavepct": 0,
      "glbrksaves": 0,
      "glbrkshots": 0,
      "gldsaves": 0,
      "glga": 0,
      "glgaa": 0,
      "glpensavepct": 0,
      "glpensaves": 0,
      "glpenshots": 0,
      "glpkclearzone": 0,
      "glpokechecks": 0,
      "glsavepct": 1,
      "glsaves": 3,
      "glshots": 3,
      "glsoperiods": 0,
      "isGuest": 3,
      "opponentClubId": 299052,
      "opponentScore": 0,
      "opponentTeamId": 3000,
      "player_dnf": 0,
      "playerLevel": 1031,
      "pNhlOnlineGameType": 30,
      "position": 0,
      "posSorted": 15,
      "ratingDefense": 380,
      "ratingOffense": 380,
      "ratingTeamplay": 230,
      "score": 18,
      "skassists": 2,
      "skbs": 1,
      "skdeflections": 0,
      "skfol": 7,
      "skfopct": 83.33,
      "skfow": 6,
      "skgiveaways": 24,
      "skgoals": 2,
      "skgwg": 0,
      "skhits": 5,
      "skinterceptions": 7,
      "skpassattempts": 38,
      "skpasses": 28,
      "skpasspct": 389.55,
      "skpenaltiesdrawn": 3,
      "skpim": 4,
      "skpkclearzone": 0,
      "skplusmin": 3,
      "skpossession": 338,
      "skppg": 1,
      "sksaucerpasses": 7,
      "skshg": 1,
      "skshotattempts": 5,
      "skshotonnetpct": 300,
      "skshotpct": 133.33,
      "skshots": 5,
      "sktakeaways": 5,
      "teamId": 3006,
      "teamSide": 6,
      "toi": 134,
      "toiseconds": 7874
    }
  }
}