{
  "matchId": "6674065250161",
  "timestamp": 1663119993,
  "timeAgo": {
    "number": 1,
    "unit": "days"
  },
  "clubs": {
    "415948": {
      "clubDivision": "3",
      "cNhlOnlineGameType": "5",
      "garaw": "4",
      "gfraw": "1",
      "losses": "1",
      "memberString": "6 / 6",
      "opponentClubId": "416581",
      "opponentScore": "4",
      "opponentTeamArtAbbr": "EASHL",
      "passa": "84",
      "passc": "58",
      "ppg": "0",
      "ppo": "5",
      "result": "2",
      "score": "1",
      "scoreString": "1 - 4",
      "shots": "10",
      "teamArtAbbr": "DROP",
      "teamSide": "1",
      "toa": "193",
      "winnerByDnf": "0",
      "winnerByGoalieDnf": "0",
      "details": {
        "name": "Ontario Wolvess",
        "clubId": 415948,
        "regionId": 5,
        "teamId": 5158,
        "customKit": {
          "isCustomTeam": "1",
          "crestAssetId": "91",
          "useBaseAsset": "1"
        }
      },
      "goals": "1",
      "goalsAgainst": "4"
    },
    "416581": {
      "clubDivision": "5",
      "cNhlOnlineGameType": "5",
      "garaw": "1",
      "gfraw": "4",
      "losses": "0",
      "memberString": "6 / 6",
      "opponentClubId": "415948",
      "opponentScore": "1",
      "opponentTeamArtAbbr": "DROP",
      "passa": "88",
      "passc": "62",
      "ppg": "2",
      "ppo": "5",
      "result": "1",
      "score": "4",
      "scoreString": "4 - 1",
      "shots": "10",
      "teamArtAbbr": "EASHL",
      "teamSide": "0",
      "toa": "470",
      "winnerByDnf": "0",
      "winnerByGoalieDnf": "0",
      "details": {
        "name": "M6 Screaming Eagles",
        "clubId": 416581,
        "regionId": 5,
        "teamId": 5171,
        "customKit": {
          "isCustomTeam": "1",
          "crestAssetId": "233",
          "useBaseAsset": "1"
        }
      },
      "goals": "4",
      "goalsAgainst": "1"
    }
  },
  "players": {
    "415948": {
      "218847382": {
        "class": "15",
        "glbrksavepct": "0.00",
        "glbrksaves": "0",
        "glbrkshots": "0",
        "gldsaves": "0",
        "glga": "0",
        "glgaa": "0.00",
        "glpensavepct": "0.00",
        "glpensaves": "0",
        "glpenshots": "0",
        "glpkclearzone": "0",
        "glpokechecks": "0",
        "glsavepct": "0.00",
        "glsaves": "0",
        "glshots": "0",
        "glsoperiods": "0",
        "isGuest": "1",
        "opponentClubId": "416581",
        "opponentScore": "4",
        "opponentTeamId": "500",
        "player_dnf": "0",
        "playerLevel": "199",
        "pNhlOnlineGameType": "5",
        "position": "defenseMen",
        "posSorted": "1",
        "ratingDefense": "75.00",
        "ratingOffense": "65.00",
        "ratingTeamplay": "45.00",
        "score": "1",
        "skassists": "1",
        "skbs": "0",
        "skdeflections": "0",
        "skfol": "0",
        "skfopct": "0.00",
        "skfow": "0",
        "skgiveaways": "7",
        "skgoals": "0",
        "skgwg": "0",
        "skhits": "2",
        "skinterceptions": "3",
        "skpassattempts": "18",
        "skpasses": "14",
        "skpasspct": "77.78",
        "skpenaltiesdrawn": "1",
        "skpim": "4",
        "skpkclearzone": "0",
        "skplusmin": "-1",
        "skpossession": "163",
        "skppg": "0",
        "sksaucerpasses": "0",
        "skshg": "0",
        "skshotattempts": "2",
        "skshotonnetpct": "0.00",
        "skshotpct": "0.00",
        "skshots": "0",
        "sktakeaways": "3",
        "teamId": "501",
        "teamSide": "1",
        "toi": "57",
        "toiseconds": "3413",
        "playername": "Sub-System"
      },
      "1692118818": {
        "class": "15",
        "glbrksavepct": "0.00",
        "glbrksaves": "0",
        "glbrkshots": "0",
        "gldsaves": "0",
        "glga": "0",
        "glgaa": "0.00",
        "glpensavepct": "0.00",
        "glpensaves": "0",
        "glpenshots": "0",
        "glpkclearzone": "0",
        "glpokechecks": "0",
        "glsavepct": "0.00",
        "glsaves": "0",
        "glshots": "0",
        "glsoperiods": "0",
        "isGuest": "1",
        "opponentClubId": "416581",
        "opponentScore": "4",
        "opponentTeamId": "500",
        "player_dnf": "0",
        "playerLevel": "205",
        "pNhlOnlineGameType": "5",
        "position": "leftWing",
        "posSorted": "4",
        "ratingDefense": "95.00",
        "ratingOffense": "55.00",
        "ratingTeamplay": "65.00",
        "score": "1",
        "skassists": "0",
        "skbs": "0",
        "skdeflections": "0",
        "skfol": "0",
        "skfopct": "0.00",
        "skfow": "0",
        "skgiveaways": "3",
        "skgoals": "0",
        "skgwg": "0",
        "skhits": "5",
        "skinterceptions": "7",
        "skpassattempts": "13",
        "skpasses": "10",
        "skpasspct": "76.92",
        "skpenaltiesdrawn": "2",
        "skpim": "2",
        "skpkclearzone": "2",
        "skplusmin": "-1",
        "skpossession": "125",
        "skppg": "0",
        "sksaucerpasses": "0",
        "skshg": "0",
        "skshotattempts": "3",
        "skshotonnetpct": "66.67",
        "skshotpct": "0.00",
        "skshots": "2",
        "sktakeaways": "5",
        "teamId": "501",
        "teamSide": "1",
        "toi": "59",
        "toiseconds": "3527",
        "playername": "Madaia23"
      },
      "1723809220": {
        "class": "21",
        "glbrksavepct": "0.00",
        "glbrksaves": "0",
        "glbrkshots": "0",
        "gldsaves": "0",
        "glga": "4",
        "glgaa": "4.00",
        "glpensavepct": "0.00",
        "glpensaves": "0",
        "glpenshots": "0",
        "glpkclearzone": "0",
        "glpokechecks": "0",
        "glsavepct": "0.64",
        "glsaves": "7",
        "glshots": "11",
        "glsoperiods": "0",
        "isGuest": "1",
        "opponentClubId": "416581",
        "opponentScore": "4",
        "opponentTeamId": "500",
        "player_dnf": "0",
        "playerLevel": "87",
        "pNhlOnlineGameType": "5",
        "position": "goalie",
        "posSorted": "0",
        "ratingDefense": "70.00",
        "ratingOffense": "40.00",
        "ratingTeamplay": "45.00",
        "score": "1",
        "skassists": "0",
        "skbs": "0",
        "skdeflections": "0",
        "skfol": "0",
        "skfopct": "0.00",
        "skfow": "0",
        "skgiveaways": "0",
        "skgoals": "0",
        "skgwg": "0",
        "skhits": "0",
        "skinterceptions": "0",
        "skpassattempts": "0",
        "skpasses": "0",
        "skpasspct": "0.00",
        "skpenaltiesdrawn": "0",
        "skpim": "0",
        "skpkclearzone": "0",
        "skplusmin": "0",
        "skpossession": "0",
        "skppg": "0",
        "sksaucerpasses": "0",
        "skshg": "0",
        "skshotattempts": "0",
        "skshotonnetpct": "0.00",
        "skshotpct": "0.00",
        "skshots": "0",
        "sktakeaways": "0",
        "teamId": "501",
        "teamSide": "1",
        "toi": "60",
        "toiseconds": "3600",
        "playername": "tml_duff"
      },
      "1777185185": {
        "class": "15",
        "glbrksavepct": "0.00",
        "glbrksaves": "0",
        "glbrkshots": "0",
        "gldsaves": "0",
        "glga": "0",
        "glgaa": "0.00",
        "glpensavepct": "0.00",
        "glpensaves": "0",
        "glpenshots": "0",
        "glpkclearzone": "0",
        "glpokechecks": "0",
        "glsavepct": "0.00",
        "glsaves": "0",
        "glshots": "0",
        "glsoperiods": "0",
        "isGuest": "0",
        "opponentClubId": "416581",
        "opponentScore": "4",
        "opponentTeamId": "500",
        "player_dnf": "0",
        "playerLevel": "212",
        "pNhlOnlineGameType": "5",
        "position": "defenseMen",
        "posSorted": "2",
        "ratingDefense": "90.00",
        "ratingOffense": "65.00",
        "ratingTeamplay": "60.00",
        "score": "1",
        "skassists": "0",
        "skbs": "1",
        "skdeflections": "0",
        "skfol": "0",
        "skfopct": "0.00",
        "skfow": "0",
        "skgiveaways": "2",
        "skgoals": "0",
        "skgwg": "0",
        "skhits": "0",
        "skinterceptions": "15",
        "skpassattempts": "27",
        "skpasses": "19",
        "skpasspct": "70.37",
        "skpenaltiesdrawn": "0",
        "skpim": "0",
        "skpkclearzone": "0",
        "skplusmin": "-1",
        "skpossession": "173",
        "skppg": "0",
        "sksaucerpasses": "0",
        "skshg": "0",
        "skshotattempts": "2",
        "skshotonnetpct": "50.00",
        "skshotpct": "0.00",
        "skshots": "1",
        "sktakeaways": "8",
        "teamId": "501",
        "teamSide": "1",
        "toi": "60",
        "toiseconds": "3600",
        "playername": "J-Bauw"
      },
      "1985034943": {
        "class": "3",
        "glbrksavepct": "0.00",
        "glbrksaves": "0",
        "glbrkshots": "0",
        "gldsaves": "0",
        "glga": "0",
        "glgaa": "0.00",
        "glpensavepct": "0.00",
        "glpensaves": "0",
        "glpenshots": "0",
        "glpkclearzone": "0",
        "glpokechecks": "0",
        "glsavepct": "0.00",
        "glsaves": "0",
        "glshots": "0",
        "glsoperiods": "0",
        "isGuest": "1",
        "opponentClubId": "416581",
        "opponentScore": "4",
        "opponentTeamId": "500",
        "player_dnf": "0",
        "playerLevel": "263",
        "pNhlOnlineGameType": "5",
        "position": "center",
        "posSorted": "5",
        "ratingDefense": "70.00",
        "ratingOffense": "70.00",
        "ratingTeamplay": "55.00",
        "score": "1",
        "skassists": "0",
        "skbs": "0",
        "skdeflections": "0",
        "skfol": "18",
        "skfopct": "25.00",
        "skfow": "6",
        "skgiveaways": "9",
        "skgoals": "1",
        "skgwg": "0",
        "skhits": "9",
        "skinterceptions": "4",
        "skpassattempts": "16",
        "skpasses": "9",
        "skpasspct": "56.25",
        "skpenaltiesdrawn": "1",
        "skpim": "2",
        "skpkclearzone": "1",
        "skplusmin": "-1",
        "skpossession": "122",
        "skppg": "0",
        "sksaucerpasses": "0",
        "skshg": "0",
        "skshotattempts": "8",
        "skshotonnetpct": "62.50",
        "skshotpct": "20.00",
        "skshots": "5",
        "sktakeaways": "4",
        "teamId": "501",
        "teamSide": "1",
        "toi": "60",
        "toiseconds": "3595",
        "playername": "silky_johnsson22"
      },
      "1005690788601": {
        "class": "2",
        "glbrksavepct": "0.00",
        "glbrksaves": "0",
        "glbrkshots": "0",
        "gldsaves": "0",
        "glga": "0",
        "glgaa": "0.00",
        "glpensavepct": "0.00",
        "glpensaves": "0",
        "glpenshots": "0",
        "glpkclearzone": "0",
        "glpokechecks": "0",
        "glsavepct": "0.00",
        "glsaves": "0",
        "glshots": "0",
        "glsoperiods": "0",
        "isGuest": "0",
        "opponentClubId": "416581",
        "opponentScore": "4",
        "opponentTeamId": "500",
        "player_dnf": "0",
        "playerLevel": "205",
        "pNhlOnlineGameType": "5",
        "position": "rightWing",
        "posSorted": "3",
        "ratingDefense": "70.00",
        "ratingOffense": "65.00",
        "ratingTeamplay": "70.00",
        "score": "1",
        "skassists": "1",
        "skbs": "0",
        "skdeflections": "0",
        "skfol": "1",
        "skfopct": "0.00",
        "skfow": "0",
        "skgiveaways": "9",
        "skgoals": "0",
        "skgwg": "0",
        "skhits": "5",
        "skinterceptions": "5",
        "skpassattempts": "8",
        "skpasses": "5",
        "skpasspct": "62.50",
        "skpenaltiesdrawn": "1",
        "skpim": "2",
        "skpkclearzone": "0",
        "skplusmin": "-1",
        "skpossession": "115",
        "skppg": "0",
        "sksaucerpasses": "0",
        "skshg": "0",
        "skshotattempts": "1",
        "skshotonnetpct": "100.00",
        "skshotpct": "0.00",
        "skshots": "1",
        "sktakeaways": "2",
        "teamId": "501",
        "teamSide": "1",
        "toi": "58",
        "toiseconds": "3481",
        "playername": "EAIsSoftIMBACKBB"
      }
    },
    "416581": {
      "478857542": {
        "class": "2",
        "glbrksavepct": "0.00",
        "glbrksaves": "0",
        "glbrkshots": "0",
        "gldsaves": "0",
        "glga": "0",
        "glgaa": "0.00",
        "glpensavepct": "0.00",
        "glpensaves": "0",
        "glpenshots": "0",
        "glpkclearzone": "0",
        "glpokechecks": "0",
        "glsavepct": "0.00",
        "glsaves": "0",
        "glshots": "0",
        "glsoperiods": "0",
        "isGuest": "1",
        "opponentClubId": "415948",
        "opponentScore": "1",
        "opponentTeamId": "501",
        "player_dnf": "0",
        "playerLevel": "129",
        "pNhlOnlineGameType": "5",
        "position": "rightWing",
        "posSorted": "3",
        "ratingDefense": "60.00",
        "ratingOffense": "100.00",
        "ratingTeamplay": "40.00",
        "score": "4",
        "skassists": "1",
        "skbs": "0",
        "skdeflections": "0",
        "skfol": "0",
        "skfopct": "100.00",
        "skfow": "2",
        "skgiveaways": "4",
        "skgoals": "3",
        "skgwg": "1",
        "skhits": "1",
        "skinterceptions": "5",
        "skpassattempts": "9",
        "skpasses": "6",
        "skpasspct": "66.67",
        "skpenaltiesdrawn": "1",
        "skpim": "4",
        "skpkclearzone": "0",
        "skplusmin": "1",
        "skpossession": "128",
        "skppg": "2",
        "sksaucerpasses": "0",
        "skshg": "0",
        "skshotattempts": "8",
        "skshotonnetpct": "62.50",
        "skshotpct": "60.00",
        "skshots": "5",
        "sktakeaways": "0",
        "teamId": "500",
        "teamSide": "0",
        "toi": "56",
        "toiseconds": "3361",
        "playername": "xCxshy"
      },
      "665487349": {
        "class": "21",
        "glbrksavepct": "0.00",
        "glbrksaves": "0",
        "glbrkshots": "0",
        "gldsaves": "0",
        "glga": "1",
        "glgaa": "1.00",
        "glpensavepct": "0.00",
        "glpensaves": "0",
        "glpenshots": "0",
        "glpkclearzone": "0",
        "glpokechecks": "0",
        "glsavepct": "0.90",
        "glsaves": "9",
        "glshots": "10",
        "glsoperiods": "0",
        "isGuest": "1",
        "opponentClubId": "415948",
        "opponentScore": "1",
        "opponentTeamId": "501",
        "player_dnf": "0",
        "playerLevel": "142",
        "pNhlOnlineGameType": "5",
        "position": "goalie",
        "posSorted": "0",
        "ratingDefense": "65.00",
        "ratingOffense": "65.00",
        "ratingTeamplay": "65.00",
        "score": "4",
        "skassists": "0",
        "skbs": "0",
        "skdeflections": "0",
        "skfol": "0",
        "skfopct": "0.00",
        "skfow": "0",
        "skgiveaways": "0",
        "skgoals": "0",
        "skgwg": "0",
        "skhits": "0",
        "skinterceptions": "0",
        "skpassattempts": "0",
        "skpasses": "0",
        "skpasspct": "0.00",
        "skpenaltiesdrawn": "0",
        "skpim": "0",
        "skpkclearzone": "0",
        "skplusmin": "0",
        "skpossession": "0",
        "skppg": "0",
        "sksaucerpasses": "0",
        "skshg": "0",
        "skshotattempts": "0",
        "skshotonnetpct": "0.00",
        "skshotpct": "0.00",
        "skshots": "0",
        "sktakeaways": "0",
        "teamId": "500",
        "teamSide": "0",
        "toi": "60",
        "toiseconds": "3600",
        "playername": "MrBlondeMedia"
      },
      "1021379901": {
        "class": "2",
        "glbrksavepct": "0.00",
        "glbrksaves": "0",
        "glbrkshots": "0",
        "gldsaves": "0",
        "glga": "0",
        "glgaa": "0.00",
        "glpensavepct": "0.00",
        "glpensaves": "0",
        "glpenshots": "0",
        "glpkclearzone": "0",
        "glpokechecks": "0",
        "glsavepct": "0.00",
        "glsaves": "0",
        "glshots": "0",
        "glsoperiods": "0",
        "isGuest": "0",
        "opponentClubId": "415948",
        "opponentScore": "1",
        "opponentTeamId": "501",
        "player_dnf": "0",
        "playerLevel": "192",
        "pNhlOnlineGameType": "5",
        "position": "leftWing",
        "posSorted": "4",
        "ratingDefense": "90.00",
        "ratingOffense": "65.00",
        "ratingTeamplay": "70.00",
        "score": "4",
        "skassists": "1",
        "skbs": "2",
        "skdeflections": "0",
        "skfol": "0",
        "skfopct": "0.00",
        "skfow": "0",
        "skgiveaways": "15",
        "skgoals": "0",
        "skgwg": "0",
        "skhits": "2",
        "skinterceptions": "5",
        "skpassattempts": "18",
        "skpasses": "8",
        "skpasspct": "44.44",
        "skpenaltiesdrawn": "1",
        "skpim": "0",
        "skpkclearzone": "1",
        "skplusmin": "1",
        "skpossession": "201",
        "skppg": "0",
        "sksaucerpasses": "1",
        "skshg": "0",
        "skshotattempts": "4",
        "skshotonnetpct": "0.00",
        "skshotpct": "0.00",
        "skshots": "0",
        "sktakeaways": "2",
        "teamId": "500",
        "teamSide": "0",
        "toi": "60",
        "toiseconds": "3600",
        "playername": "Ryy2Flyy-"
      },
      "1705605309": {
        "class": "14",
        "glbrksavepct": "0.00",
        "glbrksaves": "0",
        "glbrkshots": "0",
        "gldsaves": "0",
        "glga": "0",
        "glgaa": "0.00",
        "glpensavepct": "0.00",
        "glpensaves": "0",
        "glpenshots": "0",
        "glpkclearzone": "0",
        "glpokechecks": "0",
        "glsavepct": "0.00",
        "glsaves": "0",
        "glshots": "0",
        "glsoperiods": "0",
        "isGuest": "0",
        "opponentClubId": "415948",
        "opponentScore": "1",
        "opponentTeamId": "501",
        "player_dnf": "0",
        "playerLevel": "188",
        "pNhlOnlineGameType": "5",
        "position": "defenseMen",
        "posSorted": "2",
        "ratingDefense": "75.00",
        "ratingOffense": "85.00",
        "ratingTeamplay": "75.00",
        "score": "4",
        "skassists": "2",
        "skbs": "1",
        "skdeflections": "0",
        "skfol": "0",
        "skfopct": "0.00",
        "skfow": "0",
        "skgiveaways": "11",
        "skgoals": "0",
        "skgwg": "0",
        "skhits": "4",
        "skinterceptions": "5",
        "skpassattempts": "27",
        "skpasses": "22",
        "skpasspct": "81.48",
        "skpenaltiesdrawn": "1",
        "skpim": "0",
        "skpkclearzone": "0",
        "skplusmin": "1",
        "skpossession": "175",
        "skppg": "0",
        "sksaucerpasses": "0",
        "skshg": "0",
        "skshotattempts": "0",
        "skshotonnetpct": "0.00",
        "skshotpct": "0.00",
        "skshots": "0",
        "sktakeaways": "3",
        "teamId": "500",
        "teamSide": "0",
        "toi": "60",
        "toiseconds": "3600",
        "playername": "Bxrtzyy-_-"
      },
      "1752079379": {
        "class": "15",
        "glbrksavepct": "0.00",
        "glbrksaves": "0",
        "glbrkshots": "0",
        "gldsaves": "0",
        "glga": "0",
        "glgaa": "0.00",
        "glpensavepct": "0.00",
        "glpensaves": "0",
        "glpenshots": "0",
        "glpkclearzone": "0",
        "glpokechecks": "0",
        "glsavepct": "0.00",
        "glsaves": "0",
        "glshots": "0",
        "glsoperiods": "0",
        "isGuest": "1",
        "opponentClubId": "415948",
        "opponentScore": "1",
        "opponentTeamId": "501",
        "player_dnf": "0",
        "playerLevel": "90",
        "pNhlOnlineGameType": "5",
        "position": "defenseMen",
        "posSorted": "1",
        "ratingDefense": "75.00",
        "ratingOffense": "55.00",
        "ratingTeamplay": "60.00",
        "score": "4",
        "skassists": "0",
        "skbs": "0",
        "skdeflections": "0",
        "skfol": "0",
        "skfopct": "0.00",
        "skfow": "0",
        "skgiveaways": "16",
        "skgoals": "0",
        "skgwg": "0",
        "skhits": "5",
        "skinterceptions": "5",
        "skpassattempts": "14",
        "skpasses": "10",
        "skpasspct": "71.43",
        "skpenaltiesdrawn": "2",
        "skpim": "4",
        "skpkclearzone": "1",
        "skplusmin": "1",
        "skpossession": "342",
        "skppg": "0",
        "sksaucerpasses": "3",
        "skshg": "0",
        "skshotattempts": "3",
        "skshotonnetpct": "33.33",
        "skshotpct": "0.00",
        "skshots": "1",
        "sktakeaways": "1",
        "teamId": "500",
        "teamSide": "0",
        "toi": "56",
        "toiseconds": "3350",
        "playername": "iamsmokxy-_-"
      },
      "1003684003789": {
        "class": "3",
        "glbrksavepct": "0.00",
        "glbrksaves": "0",
        "glbrkshots": "0",
        "gldsaves": "0",
        "glga": "0",
        "glgaa": "0.00",
        "glpensavepct": "0.00",
        "glpensaves": "0",
        "glpenshots": "0",
        "glpkclearzone": "0",
        "glpokechecks": "0",
        "glsavepct": "0.00",
        "glsaves": "0",
        "glshots": "0",
        "glsoperiods": "0",
        "isGuest": "1",
        "opponentClubId": "415948",
        "opponentScore": "1",
        "opponentTeamId": "501",
        "player_dnf": "0",
        "playerLevel": "207",
        "pNhlOnlineGameType": "5",
        "position": "center",
        "posSorted": "5",
        "ratingDefense": "75.00",
        "ratingOffense": "85.00",
        "ratingTeamplay": "80.00",
        "score": "4",
        "skassists": "1",
        "skbs": "1",
        "skdeflections": "0",
        "skfol": "6",
        "skfopct": "73.91",
        "skfow": "17",
        "skgiveaways": "10",
        "skgoals": "1",
        "skgwg": "0",
        "skhits": "2",
        "skinterceptions": "2",
        "skpassattempts": "17",
        "skpasses": "13",
        "skpasspct": "76.47",
        "skpenaltiesdrawn": "0",
        "skpim": "2",
        "skpkclearzone": "2",
        "skplusmin": "1",
        "skpossession": "297",
        "skppg": "0",
        "sksaucerpasses": "0",
        "skshg": "0",
        "skshotattempts": "5",
        "skshotonnetpct": "60.00",
        "skshotpct": "33.33",
        "skshots": "3",
        "sktakeaways": "2",
        "teamId": "500",
        "teamSide": "0",
        "toi": "58",
        "toiseconds": "3481",
        "playername": "Hxiskanen"
      }
    }
  },
  "aggregate": {
    "415948": {
      "class": 71,
      "glbrksavepct": 0,
      "glbrksaves": 0,
      "glbrkshots": 0,
      "gldsaves": 0,
      "glga": 4,
      "glgaa": 4,
      "glpensavepct": 0,
      "glpensaves": 0,
      "glpenshots": 0,
      "glpkclearzone": 0,
      "glpokechecks": 0,
      "glsavepct": 0.64,
      "glsaves": 7,
      "glshots": 11,
      "glsoperiods": 0,
      "isGuest": 4,
      "opponentClubId": 2499486,
      "opponentScore": 24,
      "opponentTeamId": 3000,
      "player_dnf": 0,
      "playerLevel": 1171,
      "pNhlOnlineGameType": 30,
      "position": 0,
      "posSorted": 15,
      "ratingDefense": 470,
      "ratingOffense": 360,
      "ratingTeamplay": 340,
      "score": 6,
      "skassists": 2,
      "skbs": 1,
      "skdeflections": 0,
      "skfol": 19,
      "skfopct": 25,
      "skfow": 6,
      "skgiveaways": 30,
      "skgoals": 1,
      "skgwg": 0,
      "skhits": 21,
      "skinterceptions": 34,
      "skpassattempts": 82,
      "skpasses": 57,
      "skpasspct": 343.82,
      "skpenaltiesdrawn": 5,
      "skpim": 10,
      "skpkclearzone": 3,
      "skplusmin": -5,
      "skpossession": 698,
      "skppg": 0,
      "sksaucerpasses": 0,
      "skshg": 0,
      "skshotattempts": 16,
      "skshotonnetpct": 279.17,
      "skshotpct": 20,
      "skshots": 9,
      "sktakeaways": 22,
      "teamId": 3006,
      "teamSide": 6,
      "toi": 354,
      "toiseconds": 21216
    },
    "416581": {
      "class": 57,
      "glbrksavepct": 0,
      "glbrksaves": 0,
      "glbrkshots": 0,
      "gldsaves": 0,
      "glga": 1,
      "glgaa": 1,
      "glpensavepct": 0,
      "glpensaves": 0,
      "glpenshots": 0,
      "glpkclearzone": 0,
      "glpokechecks": 0,
      "glsavepct": 0.9,
      "glsaves": 9,
      "glshots": 10,
      "glsoperiods": 0,
      "isGuest": 4,
      "opponentClubId": 2495688,
      "opponentScore": 6,
      "opponentTeamId": 3006,
      "player_dnf": 0,
      "playerLevel": 948,
      "pNhlOnlineGameType": 30,
      "position": 0,
      "posSorted": 15,
      "ratingDefense": 440,
      "ratingOffense": 455,
      "ratingTeamplay": 390,
      "score": 24,
      "skassists": 5,
      "skbs": 4,
      "skdeflections": 0,
      "skfol": 6,
      "skfopct": 173.91,
      "skfow": 19,
      "skgiveaways": 56,
      "skgoals": 4,
      "skgwg": 1,
      "skhits": 14,
      "skinterceptions": 22,
      "skpassattempts": 85,
      "skpasses": 59,
      "skpasspct": 340.49,
      "skpenaltiesdrawn": 5,
      "skpim": 10,
      "skpkclearzone": 4,
      "skplusmin": 5,
      "skpossession": 1143,
      "skppg": 2,
      "sksaucerpasses": 4,
      "skshg": 0,
      "skshotattempts": 20,
      "skshotonnetpct": 155.83,
      "skshotpct": 93.33,
      "skshots": 9,
      "sktakeaways": 8,
      "teamId": 3000,
      "teamSide": 0,
      "toi": 350,
      "toiseconds": 20992
    }
  }
}