{
  "matchId": "6674072270391",
  "timestamp": 1663119527,
  "timeAgo": {
    "number": 1,
    "unit": "days"
  },
  "clubs": {
    "49842": {
      "clubDivision": "9",
      "cNhlOnlineGameType": "5",
      "garaw": "1",
      "gfraw": "2",
      "losses": "1",
      "memberString": "6 / 6",
      "opponentClubId": "440740",
      "opponentScore": "3",
      "opponentTeamArtAbbr": "DROP",
      "passa": "45",
      "passc": "29",
      "ppg": "2",
      "ppo": "3",
      "result": "10",
      "score": "0",
      "scoreString": "0 - 3",
      "shots": "8",
      "teamArtAbbr": "EASHL",
      "teamSide": "0",
      "toa": "249",
      "winnerByDnf": "0",
      "winnerByGoalieDnf": "0",
      "details": {
        "name": "Dynasty",
        "clubId": 49842,
        "regionId": 5,
        "teamId": 5152,
        "customKit": {
          "isCustomTeam": "1",
          "crestAssetId": "778",
          "useBaseAsset": "1"
        }
      },
      "goals": "0",
      "goalsAgainst": "3"
    },
    "440740": {
      "clubDivision": "1",
      "cNhlOnlineGameType": "5",
      "garaw": "2",
      "gfraw": "1",
      "losses": "0",
      "memberString": "6 / 6",
      "opponentClubId": "49842",
      "opponentScore": "0",
      "opponentTeamArtAbbr": "EASHL",
      "passa": "77",
      "passc": "57",
      "ppg": "0",
      "ppo": "1",
      "result": "16385",
      "score": "3",
      "scoreString": "3 - 0",
      "shots": "12",
      "teamArtAbbr": "DROP",
      "teamSide": "1",
      "toa": "263",
      "winnerByDnf": "1",
      "winnerByGoalieDnf": "1",
      "details": {
        "name": "M6 Electrified",
        "clubId": 440740,
        "regionId": 5,
        "teamId": 5070,
        "customKit": {
          "isCustomTeam": "1",
          "crestAssetId": "183",
          "useBaseAsset": "1"
        }
      },
      "goals": "3",
      "goalsAgainst": "0"
    }
  },
  "players": {
    "49842": {
      "178739994": {
        "class": "15",
        "glbrksavepct": "0.00",
        "glbrksaves": "0",
        "glbrkshots": "0",
        "gldsaves": "0",
        "glga": "0",
        "glgaa": "0.00",
        "glpensavepct": "0.00",
        "glpensaves": "0",
        "glpenshots": "0",
        "glpkclearzone": "0",
        "glpokechecks": "0",
        "glsavepct": "0.00",
        "glsaves": "0",
        "glshots": "0",
        "glsoperiods": "0",
        "isGuest": "1",
        "opponentClubId": "440740",
        "opponentScore": "3",
        "opponentTeamId": "501",
        "player_dnf": "0",
        "playerLevel": "152",
        "pNhlOnlineGameType": "5",
        "position": "defenseMen",
        "posSorted": "1",
        "ratingDefense": "70.00",
        "ratingOffense": "55.00",
        "ratingTeamplay": "55.00",
        "score": "0",
        "skassists": "0",
        "skbs": "0",
        "skdeflections": "0",
        "skfol": "0",
        "skfopct": "0.00",
        "skfow": "0",
        "skgiveaways": "0",
        "skgoals": "0",
        "skgwg": "0",
        "skhits": "0",
        "skinterceptions": "1",
        "skpassattempts": "4",
        "skpasses": "4",
        "skpasspct": "100.00",
        "skpenaltiesdrawn": "0",
        "skpim": "0",
        "skpkclearzone": "1",
        "skplusmin": "-1",
        "skpossession": "29",
        "skppg": "0",
        "sksaucerpasses": "0",
        "skshg": "0",
        "skshotattempts": "1",
        "skshotonnetpct": "0.00",
        "skshotpct": "0.00",
        "skshots": "0",
        "sktakeaways": "0",
        "teamId": "500",
        "teamSide": "0",
        "toi": "40",
        "toiseconds": "2400",
        "playername": "rbobby1420"
      },
      "1311299550": {
        "class": "1",
        "glbrksavepct": "0.00",
        "glbrksaves": "0",
        "glbrkshots": "0",
        "gldsaves": "0",
        "glga": "0",
        "glgaa": "0.00",
        "glpensavepct": "0.00",
        "glpensaves": "0",
        "glpenshots": "0",
        "glpkclearzone": "0",
        "glpokechecks": "0",
        "glsavepct": "0.00",
        "glsaves": "0",
        "glshots": "0",
        "glsoperiods": "0",
        "isGuest": "0",
        "opponentClubId": "440740",
        "opponentScore": "3",
        "opponentTeamId": "501",
        "player_dnf": "0",
        "playerLevel": "166",
        "pNhlOnlineGameType": "5",
        "position": "center",
        "posSorted": "5",
        "ratingDefense": "80.00",
        "ratingOffense": "85.00",
        "ratingTeamplay": "65.00",
        "score": "0",
        "skassists": "1",
        "skbs": "1",
        "skdeflections": "0",
        "skfol": "8",
        "skfopct": "55.56",
        "skfow": "10",
        "skgiveaways": "2",
        "skgoals": "1",
        "skgwg": "0",
        "skhits": "0",
        "skinterceptions": "4",
        "skpassattempts": "15",
        "skpasses": "10",
        "skpasspct": "66.67",
        "skpenaltiesdrawn": "0",
        "skpim": "0",
        "skpkclearzone": "0",
        "skplusmin": "-1",
        "skpossession": "138",
        "skppg": "1",
        "sksaucerpasses": "2",
        "skshg": "0",
        "skshotattempts": "3",
        "skshotonnetpct": "66.67",
        "skshotpct": "50.00",
        "skshots": "2",
        "sktakeaways": "3",
        "teamId": "500",
        "teamSide": "0",
        "toi": "40",
        "toiseconds": "2400",
        "playername": "zZubee-"
      },
      "1923423377": {
        "class": "11",
        "glbrksavepct": "0.00",
        "glbrksaves": "0",
        "glbrkshots": "0",
        "gldsaves": "0",
        "glga": "0",
        "glgaa": "0.00",
        "glpensavepct": "0.00",
        "glpensaves": "0",
        "glpenshots": "0",
        "glpkclearzone": "0",
        "glpokechecks": "0",
        "glsavepct": "0.00",
        "glsaves": "0",
        "glshots": "0",
        "glsoperiods": "0",
        "isGuest": "1",
        "opponentClubId": "440740",
        "opponentScore": "3",
        "opponentTeamId": "501",
        "player_dnf": "0",
        "playerLevel": "102",
        "pNhlOnlineGameType": "5",
        "position": "defenseMen",
        "posSorted": "2",
        "ratingDefense": "85.00",
        "ratingOffense": "60.00",
        "ratingTeamplay": "75.00",
        "score": "0",
        "skassists": "0",
        "skbs": "2",
        "skdeflections": "0",
        "skfol": "0",
        "skfopct": "0.00",
        "skfow": "0",
        "skgiveaways": "5",
        "skgoals": "0",
        "skgwg": "0",
        "skhits": "4",
        "skinterceptions": "4",
        "skpassattempts": "8",
        "skpasses": "6",
        "skpasspct": "75.00",
        "skpenaltiesdrawn": "1",
        "skpim": "0",
        "skpkclearzone": "0",
        "skplusmin": "-1",
        "skpossession": "72",
        "skppg": "0",
        "sksaucerpasses": "0",
        "skshg": "0",
        "skshotattempts": "1",
        "skshotonnetpct": "100.00",
        "skshotpct": "0.00",
        "skshots": "1",
        "sktakeaways": "4",
        "teamId": "500",
        "teamSide": "0",
        "toi": "40",
        "toiseconds": "2400",
        "playername": "CGS_garbo_69"
      },
      "1975927092": {
        "class": "21",
        "glbrksavepct": "0.00",
        "glbrksaves": "0",
        "glbrkshots": "0",
        "gldsaves": "0",
        "glga": "1",
        "glgaa": "1.50",
        "glpensavepct": "0.00",
        "glpensaves": "0",
        "glpenshots": "0",
        "glpkclearzone": "0",
        "glpokechecks": "0",
        "glsavepct": "0.92",
        "glsaves": "11",
        "glshots": "12",
        "glsoperiods": "0",
        "isGuest": "1",
        "opponentClubId": "440740",
        "opponentScore": "3",
        "opponentTeamId": "501",
        "player_dnf": "1",
        "playerLevel": "241",
        "pNhlOnlineGameType": "5",
        "position": "goalie",
        "posSorted": "0",
        "ratingDefense": "70.00",
        "ratingOffense": "60.00",
        "ratingTeamplay": "50.00",
        "score": "0",
        "skassists": "0",
        "skbs": "0",
        "skdeflections": "0",
        "skfol": "0",
        "skfopct": "0.00",
        "skfow": "0",
        "skgiveaways": "0",
        "skgoals": "0",
        "skgwg": "0",
        "skhits": "0",
        "skinterceptions": "0",
        "skpassattempts": "0",
        "skpasses": "0",
        "skpasspct": "0.00",
        "skpenaltiesdrawn": "0",
        "skpim": "0",
        "skpkclearzone": "0",
        "skplusmin": "0",
        "skpossession": "0",
        "skppg": "0",
        "sksaucerpasses": "0",
        "skshg": "0",
        "skshotattempts": "0",
        "skshotonnetpct": "0.00",
        "skshotpct": "0.00",
        "skshots": "0",
        "sktakeaways": "0",
        "teamId": "500",
        "teamSide": "0",
        "toi": "40",
        "toiseconds": "2400",
        "playername": "v-l-e-x-y-y"
      },
      "1979501370": {
        "class": "15",
        "glbrksavepct": "0.00",
        "glbrksaves": "0",
        "glbrkshots": "0",
        "gldsaves": "0",
        "glga": "0",
        "glgaa": "0.00",
        "glpensavepct": "0.00",
        "glpensaves": "0",
        "glpenshots": "0",
        "glpkclearzone": "0",
        "glpokechecks": "0",
        "glsavepct": "0.00",
        "glsaves": "0",
        "glshots": "0",
        "glsoperiods": "0",
        "isGuest": "1",
        "opponentClubId": "440740",
        "opponentScore": "3",
        "opponentTeamId": "501",
        "player_dnf": "0",
        "playerLevel": "117",
        "pNhlOnlineGameType": "5",
        "position": "leftWing",
        "posSorted": "4",
        "ratingDefense": "70.00",
        "ratingOffense": "70.00",
        "ratingTeamplay": "55.00",
        "score": "0",
        "skassists": "1",
        "skbs": "0",
        "skdeflections": "0",
        "skfol": "0",
        "skfopct": "0.00",
        "skfow": "0",
        "skgiveaways": "12",
        "skgoals": "1",
        "skgwg": "0",
        "skhits": "0",
        "skinterceptions": "8",
        "skpassattempts": "10",
        "skpasses": "3",
        "skpasspct": "30.00",
        "skpenaltiesdrawn": "2",
        "skpim": "0",
        "skpkclearzone": "0",
        "skplusmin": "-1",
        "skpossession": "233",
        "skppg": "1",
        "sksaucerpasses": "0",
        "skshg": "0",
        "skshotattempts": "4",
        "skshotonnetpct": "75.00",
        "skshotpct": "33.33",
        "skshots": "3",
        "sktakeaways": "6",
        "teamId": "500",
        "teamSide": "0",
        "toi": "40",
        "toiseconds": "2400",
        "playername": "BenDuguay"
      },
      "1982919352": {
        "class": "2",
        "glbrksavepct": "0.00",
        "glbrksaves": "0",
        "glbrkshots": "0",
        "gldsaves": "0",
        "glga": "0",
        "glgaa": "0.00",
        "glpensavepct": "0.00",
        "glpensaves": "0",
        "glpenshots": "0",
        "glpkclearzone": "0",
        "glpokechecks": "0",
        "glsavepct": "0.00",
        "glsaves": "0",
        "glshots": "0",
        "glsoperiods": "0",
        "isGuest": "1",
        "opponentClubId": "440740",
        "opponentScore": "3",
        "opponentTeamId": "501",
        "player_dnf": "1",
        "playerLevel": "108",
        "pNhlOnlineGameType": "5",
        "position": "rightWing",
        "posSorted": "3",
        "ratingDefense": "55.00",
        "ratingOffense": "55.00",
        "ratingTeamplay": "35.00",
        "score": "0",
        "skassists": "0",
        "skbs": "0",
        "skdeflections": "0",
        "skfol": "0",
        "skfopct": "0.00",
        "skfow": "0",
        "skgiveaways": "4",
        "skgoals": "0",
        "skgwg": "0",
        "skhits": "1",
        "skinterceptions": "1",
        "skpassattempts": "5",
        "skpasses": "4",
        "skpasspct": "80.00",
        "skpenaltiesdrawn": "0",
        "skpim": "2",
        "skpkclearzone": "0",
        "skplusmin": "-1",
        "skpossession": "74",
        "skppg": "0",
        "sksaucerpasses": "0",
        "skshg": "0",
        "skshotattempts": "2",
        "skshotonnetpct": "0.00",
        "skshotpct": "0.00",
        "skshots": "0",
        "sktakeaways": "1",
        "teamId": "500",
        "teamSide": "0",
        "toi": "19",
        "toiseconds": "1151",
        "playername": "NoLuvFrostyx"
      }
    },
    "440740": {
      "385985151": {
        "class": "15",
        "glbrksavepct": "0.00",
        "glbrksaves": "0",
        "glbrkshots": "0",
        "gldsaves": "0",
        "glga": "0",
        "glgaa": "0.00",
        "glpensavepct": "0.00",
        "glpensaves": "0",
        "glpenshots": "0",
        "glpkclearzone": "0",
        "glpokechecks": "0",
        "glsavepct": "0.00",
        "glsaves": "0",
        "glshots": "0",
        "glsoperiods": "0",
        "isGuest": "0",
        "opponentClubId": "49842",
        "opponentScore": "0",
        "opponentTeamId": "500",
        "player_dnf": "0",
        "playerLevel": "82",
        "pNhlOnlineGameType": "5",
        "position": "defenseMen",
        "posSorted": "2",
        "ratingDefense": "90.00",
        "ratingOffense": "55.00",
        "ratingTeamplay": "55.00",
        "score": "3",
        "skassists": "0",
        "skbs": "2",
        "skdeflections": "0",
        "skfol": "0",
        "skfopct": "0.00",
        "skfow": "0",
        "skgiveaways": "4",
        "skgoals": "0",
        "skgwg": "0",
        "skhits": "0",
        "skinterceptions": "1",
        "skpassattempts": "13",
        "skpasses": "9",
        "skpasspct": "69.23",
        "skpenaltiesdrawn": "0",
        "skpim": "0",
        "skpkclearzone": "0",
        "skplusmin": "1",
        "skpossession": "105",
        "skppg": "0",
        "sksaucerpasses": "0",
        "skshg": "0",
        "skshotattempts": "0",
        "skshotonnetpct": "0.00",
        "skshotpct": "0.00",
        "skshots": "0",
        "sktakeaways": "1",
        "teamId": "501",
        "teamSide": "1",
        "toi": "40",
        "toiseconds": "2400",
        "playername": "Sauc---y"
      },
      "787537987": {
        "class": "1",
        "glbrksavepct": "0.00",
        "glbrksaves": "0",
        "glbrkshots": "0",
        "gldsaves": "0",
        "glga": "0",
        "glgaa": "0.00",
        "glpensavepct": "0.00",
        "glpensaves": "0",
        "glpenshots": "0",
        "glpkclearzone": "0",
        "glpokechecks": "0",
        "glsavepct": "0.00",
        "glsaves": "0",
        "glshots": "0",
        "glsoperiods": "0",
        "isGuest": "1",
        "opponentClubId": "49842",
        "opponentScore": "0",
        "opponentTeamId": "500",
        "player_dnf": "0",
        "playerLevel": "10",
        "pNhlOnlineGameType": "5",
        "position": "center",
        "posSorted": "5",
        "ratingDefense": "80.00",
        "ratingOffense": "80.00",
        "ratingTeamplay": "30.00",
        "score": "3",
        "skassists": "0",
        "skbs": "0",
        "skdeflections": "0",
        "skfol": "7",
        "skfopct": "46.15",
        "skfow": "6",
        "skgiveaways": "5",
        "skgoals": "1",
        "skgwg": "0",
        "skhits": "1",
        "skinterceptions": "3",
        "skpassattempts": "14",
        "skpasses": "8",
        "skpasspct": "57.14",
        "skpenaltiesdrawn": "0",
        "skpim": "4",
        "skpkclearzone": "0",
        "skplusmin": "1",
        "skpossession": "109",
        "skppg": "0",
        "sksaucerpasses": "0",
        "skshg": "0",
        "skshotattempts": "3",
        "skshotonnetpct": "66.67",
        "skshotpct": "50.00",
        "skshots": "2",
        "sktakeaways": "1",
        "teamId": "501",
        "teamSide": "1",
        "toi": "37",
        "toiseconds": "2214",
        "playername": "BarryWoodsDong"
      },
      "880469871": {
        "class": "21",
        "glbrksavepct": "0.00",
        "glbrksaves": "0",
        "glbrkshots": "0",
        "gldsaves": "0",
        "glga": "2",
        "glgaa": "3.00",
        "glpensavepct": "0.00",
        "glpensaves": "0",
        "glpenshots": "0",
        "glpkclearzone": "0",
        "glpokechecks": "0",
        "glsavepct": "0.75",
        "glsaves": "6",
        "glshots": "8",
        "glsoperiods": "0",
        "isGuest": "0",
        "opponentClubId": "49842",
        "opponentScore": "0",
        "opponentTeamId": "500",
        "player_dnf": "0",
        "playerLevel": "187",
        "pNhlOnlineGameType": "5",
        "position": "goalie",
        "posSorted": "0",
        "ratingDefense": "65.00",
        "ratingOffense": "45.00",
        "ratingTeamplay": "55.00",
        "score": "3",
        "skassists": "0",
        "skbs": "0",
        "skdeflections": "0",
        "skfol": "0",
        "skfopct": "0.00",
        "skfow": "0",
        "skgiveaways": "0",
        "skgoals": "0",
        "skgwg": "0",
        "skhits": "0",
        "skinterceptions": "0",
        "skpassattempts": "0",
        "skpasses": "0",
        "skpasspct": "0.00",
        "skpenaltiesdrawn": "0",
        "skpim": "0",
        "skpkclearzone": "0",
        "skplusmin": "0",
        "skpossession": "0",
        "skppg": "0",
        "sksaucerpasses": "0",
        "skshg": "0",
        "skshotattempts": "0",
        "skshotonnetpct": "0.00",
        "skshotpct": "0.00",
        "skshots": "0",
        "sktakeaways": "0",
        "teamId": "501",
        "teamSide": "1",
        "toi": "40",
        "toiseconds": "2400",
        "playername": "Seagull_3134"
      },
      "1012193622": {
        "class": "15",
        "glbrksavepct": "0.00",
        "glbrksaves": "0",
        "glbrkshots": "0",
        "gldsaves": "0",
        "glga": "0",
        "glgaa": "0.00",
        "glpensavepct": "0.00",
        "glpensaves": "0",
        "glpenshots": "0",
        "glpkclearzone": "0",
        "glpokechecks": "0",
        "glsavepct": "0.00",
        "glsaves": "0",
        "glshots": "0",
        "glsoperiods": "0",
        "isGuest": "0",
        "opponentClubId": "49842",
        "opponentScore": "0",
        "opponentTeamId": "500",
        "player_dnf": "0",
        "playerLevel": "202",
        "pNhlOnlineGameType": "5",
        "position": "defenseMen",
        "posSorted": "1",
        "ratingDefense": "75.00",
        "ratingOffense": "60.00",
        "ratingTeamplay": "40.00",
        "score": "3",
        "skassists": "0",
        "skbs": "2",
        "skdeflections": "0",
        "skfol": "0",
        "skfopct": "0.00",
        "skfow": "0",
        "skgiveaways": "12",
        "skgoals": "0",
        "skgwg": "0",
        "skhits": "1",
        "skinterceptions": "5",
        "skpassattempts": "21",
        "skpasses": "15",
        "skpasspct": "71.43",
        "skpenaltiesdrawn": "1",
        "skpim": "2",
        "skpkclearzone": "0",
        "skplusmin": "1",
        "skpossession": "240",
        "skppg": "0",
        "sksaucerpasses": "2",
        "skshg": "0",
        "skshotattempts": "2",
        "skshotonnetpct": "50.00",
        "skshotpct": "0.00",
        "skshots": "1",
        "sktakeaways": "4",
        "teamId": "501",
        "teamSide": "1",
        "toi": "39",
        "toiseconds": "2325",
        "playername": "Bilal-I96I"
      },
      "1003797820592": {
        "class": "2",
        "glbrksavepct": "0.00",
        "glbrksaves": "0",
        "glbrkshots": "0",
        "gldsaves": "0",
        "glga": "0",
        "glgaa": "0.00",
        "glpensavepct": "0.00",
        "glpensaves": "0",
        "glpenshots": "0",
        "glpkclearzone": "0",
        "glpokechecks": "0",
        "glsavepct": "0.00",
        "glsaves": "0",
        "glshots": "0",
        "glsoperiods": "0",
        "isGuest": "1",
        "opponentClubId": "49842",
        "opponentScore": "0",
        "opponentTeamId": "500",
        "player_dnf": "0",
        "playerLevel": "299",
        "pNhlOnlineGameType": "5",
        "position": "leftWing",
        "posSorted": "4",
        "ratingDefense": "55.00",
        "ratingOffense": "70.00",
        "ratingTeamplay": "60.00",
        "score": "3",
        "skassists": "1",
        "skbs": "1",
        "skdeflections": "0",
        "skfol": "0",
        "skfopct": "0.00",
        "skfow": "0",
        "skgiveaways": "4",
        "skgoals": "0",
        "skgwg": "0",
        "skhits": "0",
        "skinterceptions": "1",
        "skpassattempts": "15",
        "skpasses": "13",
        "skpasspct": "86.67",
        "skpenaltiesdrawn": "0",
        "skpim": "0",
        "skpkclearzone": "0",
        "skplusmin": "1",
        "skpossession": "131",
        "skppg": "0",
        "sksaucerpasses": "0",
        "skshg": "0",
        "skshotattempts": "5",
        "skshotonnetpct": "60.00",
        "skshotpct": "0.00",
        "skshots": "3",
        "sktakeaways": "1",
        "teamId": "501",
        "teamSide": "1",
        "toi": "40",
        "toiseconds": "2400",
        "playername": "A-H-O_20-"
      },
      "1004704581653": {
        "class": "15",
        "glbrksavepct": "0.00",
        "glbrksaves": "0",
        "glbrkshots": "0",
        "gldsaves": "0",
        "glga": "0",
        "glgaa": "0.00",
        "glpensavepct": "0.00",
        "glpensaves": "0",
        "glpenshots": "0",
        "glpkclearzone": "0",
        "glpokechecks": "0",
        "glsavepct": "0.00",
        "glsaves": "0",
        "glshots": "0",
        "glsoperiods": "0",
        "isGuest": "1",
        "opponentClubId": "49842",
        "opponentScore": "0",
        "opponentTeamId": "500",
        "player_dnf": "0",
        "playerLevel": "251",
        "pNhlOnlineGameType": "5",
        "position": "rightWing",
        "posSorted": "3",
        "ratingDefense": "80.00",
        "ratingOffense": "60.00",
        "ratingTeamplay": "55.00",
        "score": "3",
        "skassists": "0",
        "skbs": "0",
        "skdeflections": "0",
        "skfol": "3",
        "skfopct": "40.00",
        "skfow": "2",
        "skgiveaways": "8",
        "skgoals": "0",
        "skgwg": "0",
        "skhits": "0",
        "skinterceptions": "3",
        "skpassattempts": "12",
        "skpasses": "10",
        "skpasspct": "83.33",
        "skpenaltiesdrawn": "0",
        "skpim": "0",
        "skpkclearzone": "0",
        "skplusmin": "1",
        "skpossession": "161",
        "skppg": "0",
        "sksaucerpasses": "0",
        "skshg": "0",
        "skshotattempts": "4",
        "skshotonnetpct": "100.00",
        "skshotpct": "0.00",
        "skshots": "4",
        "sktakeaways": "3",
        "teamId": "501",
        "teamSide": "1",
        "toi": "40",
        "toiseconds": "2400",
        "playername": "xBxllxgxrde-"
      }
    }
  },
  "aggregate": {
    "49842": {
      "class": 65,
      "glbrksavepct": 0,
      "glbrksaves": 0,
      "glbrkshots": 0,
      "gldsaves": 0,
      "glga": 1,
      "glgaa": 1.5,
      "glpensavepct": 0,
      "glpensaves": 0,
      "glpenshots": 0,
      "glpkclearzone": 0,
      "glpokechecks": 0,
      "glsavepct": 0.92,
      "glsaves": 11,
      "glshots": 12,
      "glsoperiods": 0,
      "isGuest": 5,
      "opponentClubId": 2644440,
      "opponentScore": 18,
      "opponentTeamId": 3006,
      "player_dnf": 2,
      "playerLevel": 886,
      "pNhlOnlineGameType": 30,
      "position": 0,
      "posSorted": 15,
      "ratingDefense": 430,
      "ratingOffense": 385,
      "ratingTeamplay": 335,
      "score": 0,
      "skassists": 2,
      "skbs": 3,
      "skdeflections": 0,
      "skfol": 8,
      "skfopct": 55.56,
      "skfow": 10,
      "skgiveaways": 23,
      "skgoals": 2,
      "skgwg": 0,
      "skhits": 5,
      "skinterceptions": 18,
      "skpassattempts": 42,
      "skpasses": 27,
      "skpasspct": 351.67,
      "skpenaltiesdrawn": 3,
      "skpim": 2,
      "skpkclearzone": 1,
      "skplusmin": -5,
      "skpossession": 546,
      "skppg": 2,
      "sksaucerpasses": 2,
      "skshg": 0,
      "skshotattempts": 11,
      "skshotonnetpct": 241.67,
      "skshotpct": 83.33,
      "skshots": 6,
      "sktakeaways": 14,
      "teamId": 3000,
      "teamSide": 0,
      "toi": 219,
      "toiseconds": 13151
    },
    "440740": {
      "class": 69,
      "glbrksavepct": 0,
      "glbrksaves": 0,
      "glbrkshots": 0,
      "gldsaves": 0,
      "glga": 2,
      "glgaa": 3,
      "glpensavepct": 0,
      "glpensaves": 0,
      "glpenshots": 0,
      "glpkclearzone": 0,
      "glpokechecks": 0,
      "glsavepct": 0.75,
      "glsaves": 6,
      "glshots": 8,
      "glsoperiods": 0,
      "isGuest": 3,
      "opponentClubId": 299052,
      "opponentScore": 0,
      "opponentTeamId": 3000,
      "player_dnf": 0,
      "playerLevel": 1031,
      "pNhlOnlineGameType": 30,
      "position": 0,
      "posSorted": 15,
      "ratingDefense": 445,
      "ratingOffense": 370,
      "ratingTeamplay": 295,
      "score": 18,
      "skassists": 1,
      "skbs": 5,
      "skdeflections": 0,
      "skfol": 10,
      "skfopct": 86.15,
      "skfow": 8,
      "skgiveaways": 33,
      "skgoals": 1,
      "skgwg": 0,
      "skhits": 2,
      "skinterceptions": 13,
      "skpassattempts": 75,
      "skpasses": 55,
      "skpasspct": 367.8,
      "skpenaltiesdrawn": 1,
      "skpim": 6,
      "skpkclearzone": 0,
      "skplusmin": 5,
      "skpossession": 746,
      "skppg": 0,
      "sksaucerpasses": 2,
      "skshg": 0,
      "skshotattempts": 14,
      "skshotonnetpct": 276.67,
      "skshotpct": 50,
      "skshots": 10,
      "sktakeaways": 10,
      "teamId": 3006,
      "teamSide": 6,
      "toi": 236,
      "toiseconds": 14139
    }
  }
}