{
  "matchId": "6676877400109",
  "timestamp": 1663206712,
  "timeAgo": {
    "number": 21,
    "unit": "hours"
  },
  "clubs": {
    "415948": {
      "clubDivision": "3",
      "cNhlOnlineGameType": "5",
      "garaw": "6",
      "gfraw": "1",
      "losses": "1",
      "memberString": "6 / 6",
      "opponentClubId": "416581",
      "opponentScore": "6",
      "opponentTeamArtAbbr": "DROP",
      "passa": "64",
      "passc": "42",
      "ppg": "0",
      "ppo": "2",
      "result": "2",
      "score": "1",
      "scoreString": "1 - 6",
      "shots": "6",
      "teamArtAbbr": "EASHL",
      "teamSide": "0",
      "toa": "124",
      "winnerByDnf": "0",
      "winnerByGoalieDnf": "0",
      "details": {
        "name": "Ontario Wolvess",
        "clubId": 415948,
        "regionId": 5,
        "teamId": 5158,
        "customKit": {
          "isCustomTeam": "1",
          "crestAssetId": "91",
          "useBaseAsset": "1"
        }
      },
      "goals": "1",
      "goalsAgainst": "6"
    },
    "416581": {
      "clubDivision": "5",
      "cNhlOnlineGameType": "5",
      "garaw": "1",
      "gfraw": "6",
      "losses": "0",
      "memberString": "6 / 6",
      "opponentClubId": "415948",
      "opponentScore": "1",
      "opponentTeamArtAbbr": "EASHL",
      "passa": "88",
      "passc": "65",
      "ppg": "2",
      "ppo": "6",
      "result": "1",
      "score": "6",
      "scoreString": "6 - 1",
      "shots": "29",
      "teamArtAbbr": "DROP",
      "teamSide": "1",
      "toa": "686",
      "winnerByDnf": "0",
      "winnerByGoalieDnf": "0",
      "details": {
        "name": "M6 Screaming Eagles",
        "clubId": 416581,
        "regionId": 5,
        "teamId": 5171,
        "customKit": {
          "isCustomTeam": "1",
          "crestAssetId": "233",
          "useBaseAsset": "1"
        }
      },
      "goals": "6",
      "goalsAgainst": "1"
    }
  },
  "players": {
    "415948": {
      "268730339": {
        "class": "21",
        "glbrksavepct": "0.00",
        "glbrksaves": "0",
        "glbrkshots": "0",
        "gldsaves": "0",
        "glga": "6",
        "glgaa": "6.00",
        "glpensavepct": "0.00",
        "glpensaves": "0",
        "glpenshots": "0",
        "glpkclearzone": "0",
        "glpokechecks": "0",
        "glsavepct": "0.80",
        "glsaves": "24",
        "glshots": "30",
        "glsoperiods": "0",
        "isGuest": "1",
        "opponentClubId": "416581",
        "opponentScore": "6",
        "opponentTeamId": "501",
        "player_dnf": "0",
        "playerLevel": "299",
        "pNhlOnlineGameType": "5",
        "position": "goalie",
        "posSorted": "0",
        "ratingDefense": "85.00",
        "ratingOffense": "55.00",
        "ratingTeamplay": "45.00",
        "score": "1",
        "skassists": "0",
        "skbs": "0",
        "skdeflections": "0",
        "skfol": "0",
        "skfopct": "0.00",
        "skfow": "0",
        "skgiveaways": "0",
        "skgoals": "0",
        "skgwg": "0",
        "skhits": "0",
        "skinterceptions": "0",
        "skpassattempts": "0",
        "skpasses": "0",
        "skpasspct": "0.00",
        "skpenaltiesdrawn": "0",
        "skpim": "0",
        "skpkclearzone": "0",
        "skplusmin": "0",
        "skpossession": "0",
        "skppg": "0",
        "sksaucerpasses": "0",
        "skshg": "0",
        "skshotattempts": "0",
        "skshotonnetpct": "0.00",
        "skshotpct": "0.00",
        "skshots": "0",
        "sktakeaways": "0",
        "teamId": "500",
        "teamSide": "0",
        "toi": "60",
        "toiseconds": "3600",
        "playername": "Rangerfan142"
      },
      "885391995": {
        "class": "11",
        "glbrksavepct": "0.00",
        "glbrksaves": "0",
        "glbrkshots": "0",
        "gldsaves": "0",
        "glga": "0",
        "glgaa": "0.00",
        "glpensavepct": "0.00",
        "glpensaves": "0",
        "glpenshots": "0",
        "glpkclearzone": "0",
        "glpokechecks": "0",
        "glsavepct": "0.00",
        "glsaves": "0",
        "glshots": "0",
        "glsoperiods": "0",
        "isGuest": "1",
        "opponentClubId": "416581",
        "opponentScore": "6",
        "opponentTeamId": "501",
        "player_dnf": "0",
        "playerLevel": "111",
        "pNhlOnlineGameType": "5",
        "position": "defenseMen",
        "posSorted": "2",
        "ratingDefense": "65.00",
        "ratingOffense": "60.00",
        "ratingTeamplay": "55.00",
        "score": "1",
        "skassists": "0",
        "skbs": "0",
        "skdeflections": "0",
        "skfol": "0",
        "skfopct": "0.00",
        "skfow": "0",
        "skgiveaways": "8",
        "skgoals": "0",
        "skgwg": "0",
        "skhits": "9",
        "skinterceptions": "2",
        "skpassattempts": "18",
        "skpasses": "12",
        "skpasspct": "66.67",
        "skpenaltiesdrawn": "0",
        "skpim": "9",
        "skpkclearzone": "0",
        "skplusmin": "-3",
        "skpossession": "128",
        "skppg": "0",
        "sksaucerpasses": "0",
        "skshg": "0",
        "skshotattempts": "0",
        "skshotonnetpct": "0.00",
        "skshotpct": "0.00",
        "skshots": "0",
        "sktakeaways": "0",
        "teamId": "500",
        "teamSide": "0",
        "toi": "52",
        "toiseconds": "3144",
        "playername": "JoeK0325"
      },
      "1240123792": {
        "class": "5",
        "glbrksavepct": "0.00",
        "glbrksaves": "0",
        "glbrkshots": "0",
        "gldsaves": "0",
        "glga": "0",
        "glgaa": "0.00",
        "glpensavepct": "0.00",
        "glpensaves": "0",
        "glpenshots": "0",
        "glpkclearzone": "0",
        "glpokechecks": "0",
        "glsavepct": "0.00",
        "glsaves": "0",
        "glshots": "0",
        "glsoperiods": "0",
        "isGuest": "1",
        "opponentClubId": "416581",
        "opponentScore": "6",
        "opponentTeamId": "501",
        "player_dnf": "1",
        "playerLevel": "76",
        "pNhlOnlineGameType": "5",
        "position": "defenseMen",
        "posSorted": "1",
        "ratingDefense": "85.00",
        "ratingOffense": "55.00",
        "ratingTeamplay": "95.00",
        "score": "1",
        "skassists": "0",
        "skbs": "1",
        "skdeflections": "0",
        "skfol": "0",
        "skfopct": "0.00",
        "skfow": "0",
        "skgiveaways": "3",
        "skgoals": "0",
        "skgwg": "0",
        "skhits": "12",
        "skinterceptions": "6",
        "skpassattempts": "10",
        "skpasses": "6",
        "skpasspct": "60.00",
        "skpenaltiesdrawn": "1",
        "skpim": "14",
        "skpkclearzone": "1",
        "skplusmin": "-1",
        "skpossession": "62",
        "skppg": "0",
        "sksaucerpasses": "0",
        "skshg": "0",
        "skshotattempts": "1",
        "skshotonnetpct": "0.00",
        "skshotpct": "0.00",
        "skshots": "0",
        "sktakeaways": "4",
        "teamId": "500",
        "teamSide": "0",
        "toi": "49",
        "toiseconds": "2961",
        "playername": "BlazedNBroke420"
      },
      "1855917359": {
        "class": "2",
        "glbrksavepct": "0.00",
        "glbrksaves": "0",
        "glbrkshots": "0",
        "gldsaves": "0",
        "glga": "0",
        "glgaa": "0.00",
        "glpensavepct": "0.00",
        "glpensaves": "0",
        "glpenshots": "0",
        "glpkclearzone": "0",
        "glpokechecks": "0",
        "glsavepct": "0.00",
        "glsaves": "0",
        "glshots": "0",
        "glsoperiods": "0",
        "isGuest": "0",
        "opponentClubId": "416581",
        "opponentScore": "6",
        "opponentTeamId": "501",
        "player_dnf": "0",
        "playerLevel": "175",
        "pNhlOnlineGameType": "5",
        "position": "center",
        "posSorted": "5",
        "ratingDefense": "65.00",
        "ratingOffense": "55.00",
        "ratingTeamplay": "65.00",
        "score": "1",
        "skassists": "0",
        "skbs": "1",
        "skdeflections": "0",
        "skfol": "25",
        "skfopct": "21.88",
        "skfow": "7",
        "skgiveaways": "9",
        "skgoals": "0",
        "skgwg": "0",
        "skhits": "5",
        "skinterceptions": "5",
        "skpassattempts": "16",
        "skpasses": "9",
        "skpasspct": "56.25",
        "skpenaltiesdrawn": "3",
        "skpim": "10",
        "skpkclearzone": "0",
        "skplusmin": "-3",
        "skpossession": "118",
        "skppg": "0",
        "sksaucerpasses": "0",
        "skshg": "0",
        "skshotattempts": "2",
        "skshotonnetpct": "50.00",
        "skshotpct": "0.00",
        "skshots": "1",
        "sktakeaways": "5",
        "teamId": "500",
        "teamSide": "0",
        "toi": "55",
        "toiseconds": "3290",
        "playername": "ThatGuyCleary56"
      },
      "1985034943": {
        "class": "3",
        "glbrksavepct": "0.00",
        "glbrksaves": "0",
        "glbrkshots": "0",
        "gldsaves": "0",
        "glga": "0",
        "glgaa": "0.00",
        "glpensavepct": "0.00",
        "glpensaves": "0",
        "glpenshots": "0",
        "glpkclearzone": "0",
        "glpokechecks": "0",
        "glsavepct": "0.00",
        "glsaves": "0",
        "glshots": "0",
        "glsoperiods": "0",
        "isGuest": "1",
        "opponentClubId": "416581",
        "opponentScore": "6",
        "opponentTeamId": "501",
        "player_dnf": "0",
        "playerLevel": "263",
        "pNhlOnlineGameType": "5",
        "position": "rightWing",
        "posSorted": "3",
        "ratingDefense": "65.00",
        "ratingOffense": "55.00",
        "ratingTeamplay": "55.00",
        "score": "1",
        "skassists": "0",
        "skbs": "2",
        "skdeflections": "0",
        "skfol": "2",
        "skfopct": "50.00",
        "skfow": "2",
        "skgiveaways": "2",
        "skgoals": "0",
        "skgwg": "0",
        "skhits": "2",
        "skinterceptions": "5",
        "skpassattempts": "10",
        "skpasses": "7",
        "skpasspct": "70.00",
        "skpenaltiesdrawn": "0",
        "skpim": "0",
        "skpkclearzone": "1",
        "skplusmin": "-3",
        "skpossession": "168",
        "skppg": "0",
        "sksaucerpasses": "0",
        "skshg": "0",
        "skshotattempts": "3",
        "skshotonnetpct": "100.00",
        "skshotpct": "0.00",
        "skshots": "3",
        "sktakeaways": "5",
        "teamId": "500",
        "teamSide": "0",
        "toi": "60",
        "toiseconds": "3600",
        "playername": "silky_johnsson22"
      },
      "1005164253946": {
        "class": "2",
        "glbrksavepct": "0.00",
        "glbrksaves": "0",
        "glbrkshots": "0",
        "gldsaves": "0",
        "glga": "0",
        "glgaa": "0.00",
        "glpensavepct": "0.00",
        "glpensaves": "0",
        "glpenshots": "0",
        "glpkclearzone": "0",
        "glpokechecks": "0",
        "glsavepct": "0.00",
        "glsaves": "0",
        "glshots": "0",
        "glsoperiods": "0",
        "isGuest": "0",
        "opponentClubId": "416581",
        "opponentScore": "6",
        "opponentTeamId": "501",
        "player_dnf": "0",
        "playerLevel": "24",
        "pNhlOnlineGameType": "5",
        "position": "leftWing",
        "posSorted": "4",
        "ratingDefense": "55.00",
        "ratingOffense": "65.00",
        "ratingTeamplay": "40.00",
        "score": "1",
        "skassists": "0",
        "skbs": "0",
        "skdeflections": "0",
        "skfol": "0",
        "skfopct": "0.00",
        "skfow": "0",
        "skgiveaways": "6",
        "skgoals": "1",
        "skgwg": "0",
        "skhits": "0",
        "skinterceptions": "8",
        "skpassattempts": "6",
        "skpasses": "4",
        "skpasspct": "66.67",
        "skpenaltiesdrawn": "0",
        "skpim": "0",
        "skpkclearzone": "0",
        "skplusmin": "-3",
        "skpossession": "132",
        "skppg": "0",
        "sksaucerpasses": "0",
        "skshg": "0",
        "skshotattempts": "3",
        "skshotonnetpct": "66.67",
        "skshotpct": "50.00",
        "skshots": "2",
        "sktakeaways": "4",
        "teamId": "500",
        "teamSide": "0",
        "toi": "60",
        "toiseconds": "3600",
        "playername": "Ranchero215"
      }
    },
    "416581": {
      "182377262": {
        "class": "11",
        "glbrksavepct": "0.00",
        "glbrksaves": "0",
        "glbrkshots": "0",
        "gldsaves": "0",
        "glga": "0",
        "glgaa": "0.00",
        "glpensavepct": "0.00",
        "glpensaves": "0",
        "glpenshots": "0",
        "glpkclearzone": "0",
        "glpokechecks": "0",
        "glsavepct": "0.00",
        "glsaves": "0",
        "glshots": "0",
        "glsoperiods": "0",
        "isGuest": "1",
        "opponentClubId": "415948",
        "opponentScore": "1",
        "opponentTeamId": "500",
        "player_dnf": "0",
        "playerLevel": "288",
        "pNhlOnlineGameType": "5",
        "position": "defenseMen",
        "posSorted": "1",
        "ratingDefense": "85.00",
        "ratingOffense": "75.00",
        "ratingTeamplay": "80.00",
        "score": "6",
        "skassists": "2",
        "skbs": "0",
        "skdeflections": "0",
        "skfol": "0",
        "skfopct": "0.00",
        "skfow": "0",
        "skgiveaways": "4",
        "skgoals": "0",
        "skgwg": "0",
        "skhits": "6",
        "skinterceptions": "10",
        "skpassattempts": "12",
        "skpasses": "8",
        "skpasspct": "66.67",
        "skpenaltiesdrawn": "1",
        "skpim": "0",
        "skpkclearzone": "1",
        "skplusmin": "3",
        "skpossession": "216",
        "skppg": "0",
        "sksaucerpasses": "0",
        "skshg": "0",
        "skshotattempts": "6",
        "skshotonnetpct": "50.00",
        "skshotpct": "0.00",
        "skshots": "3",
        "sktakeaways": "2",
        "teamId": "501",
        "teamSide": "1",
        "toi": "60",
        "toiseconds": "3600",
        "playername": "BigPapaPumpkin"
      },
      "384513004": {
        "class": "3",
        "glbrksavepct": "0.00",
        "glbrksaves": "0",
        "glbrkshots": "0",
        "gldsaves": "0",
        "glga": "0",
        "glgaa": "0.00",
        "glpensavepct": "0.00",
        "glpensaves": "0",
        "glpenshots": "0",
        "glpkclearzone": "0",
        "glpokechecks": "0",
        "glsavepct": "0.00",
        "glsaves": "0",
        "glshots": "0",
        "glsoperiods": "0",
        "isGuest": "1",
        "opponentClubId": "415948",
        "opponentScore": "1",
        "opponentTeamId": "500",
        "player_dnf": "0",
        "playerLevel": "232",
        "pNhlOnlineGameType": "5",
        "position": "leftWing",
        "posSorted": "4",
        "ratingDefense": "60.00",
        "ratingOffense": "100.00",
        "ratingTeamplay": "70.00",
        "score": "6",
        "skassists": "1",
        "skbs": "1",
        "skdeflections": "2",
        "skfol": "0",
        "skfopct": "0.00",
        "skfow": "0",
        "skgiveaways": "12",
        "skgoals": "2",
        "skgwg": "0",
        "skhits": "4",
        "skinterceptions": "0",
        "skpassattempts": "12",
        "skpasses": "7",
        "skpasspct": "58.33",
        "skpenaltiesdrawn": "2",
        "skpim": "24",
        "skpkclearzone": "0",
        "skplusmin": "3",
        "skpossession": "195",
        "skppg": "0",
        "sksaucerpasses": "0",
        "skshg": "0",
        "skshotattempts": "6",
        "skshotonnetpct": "116.67",
        "skshotpct": "28.57",
        "skshots": "7",
        "sktakeaways": "0",
        "teamId": "501",
        "teamSide": "1",
        "toi": "45",
        "toiseconds": "2711",
        "playername": "Sweht_-"
      },
      "1021379901": {
        "class": "2",
        "glbrksavepct": "0.00",
        "glbrksaves": "0",
        "glbrkshots": "0",
        "gldsaves": "0",
        "glga": "0",
        "glgaa": "0.00",
        "glpensavepct": "0.00",
        "glpensaves": "0",
        "glpenshots": "0",
        "glpkclearzone": "0",
        "glpokechecks": "0",
        "glsavepct": "0.00",
        "glsaves": "0",
        "glshots": "0",
        "glsoperiods": "0",
        "isGuest": "0",
        "opponentClubId": "415948",
        "opponentScore": "1",
        "opponentTeamId": "500",
        "player_dnf": "0",
        "playerLevel": "192",
        "pNhlOnlineGameType": "5",
        "position": "rightWing",
        "posSorted": "3",
        "ratingDefense": "80.00",
        "ratingOffense": "100.00",
        "ratingTeamplay": "85.00",
        "score": "6",
        "skassists": "2",
        "skbs": "1",
        "skdeflections": "0",
        "skfol": "0",
        "skfopct": "0.00",
        "skfow": "0",
        "skgiveaways": "12",
        "skgoals": "1",
        "skgwg": "0",
        "skhits": "5",
        "skinterceptions": "0",
        "skpassattempts": "9",
        "skpasses": "5",
        "skpasspct": "55.56",
        "skpenaltiesdrawn": "3",
        "skpim": "0",
        "skpkclearzone": "0",
        "skplusmin": "3",
        "skpossession": "211",
        "skppg": "0",
        "sksaucerpasses": "0",
        "skshg": "0",
        "skshotattempts": "7",
        "skshotonnetpct": "71.43",
        "skshotpct": "20.00",
        "skshots": "5",
        "sktakeaways": "0",
        "teamId": "501",
        "teamSide": "1",
        "toi": "60",
        "toiseconds": "3600",
        "playername": "Ryy2Flyy-"
      },
      "1780423381": {
        "class": "1",
        "glbrksavepct": "0.00",
        "glbrksaves": "0",
        "glbrkshots": "0",
        "gldsaves": "0",
        "glga": "0",
        "glgaa": "0.00",
        "glpensavepct": "0.00",
        "glpensaves": "0",
        "glpenshots": "0",
        "glpkclearzone": "0",
        "glpokechecks": "0",
        "glsavepct": "0.00",
        "glsaves": "0",
        "glshots": "0",
        "glsoperiods": "0",
        "isGuest": "1",
        "opponentClubId": "415948",
        "opponentScore": "1",
        "opponentTeamId": "500",
        "player_dnf": "0",
        "playerLevel": "299",
        "pNhlOnlineGameType": "5",
        "position": "center",
        "posSorted": "5",
        "ratingDefense": "90.00",
        "ratingOffense": "100.00",
        "ratingTeamplay": "100.00",
        "score": "6",
        "skassists": "1",
        "skbs": "1",
        "skdeflections": "0",
        "skfol": "9",
        "skfopct": "75.68",
        "skfow": "28",
        "skgiveaways": "10",
        "skgoals": "3",
        "skgwg": "0",
        "skhits": "0",
        "skinterceptions": "5",
        "skpassattempts": "18",
        "skpasses": "15",
        "skpasspct": "83.33",
        "skpenaltiesdrawn": "1",
        "skpim": "0",
        "skpkclearzone": "0",
        "skplusmin": "3",
        "skpossession": "299",
        "skppg": "2",
        "sksaucerpasses": "0",
        "skshg": "0",
        "skshotattempts": "10",
        "skshotonnetpct": "90.00",
        "skshotpct": "33.33",
        "skshots": "9",
        "sktakeaways": "2",
        "teamId": "501",
        "teamSide": "1",
        "toi": "60",
        "toiseconds": "3600",
        "playername": "xDynamicEntryx"
      },
      "1927694899": {
        "class": "15",
        "glbrksavepct": "0.00",
        "glbrksaves": "0",
        "glbrkshots": "0",
        "gldsaves": "0",
        "glga": "0",
        "glgaa": "0.00",
        "glpensavepct": "0.00",
        "glpensaves": "0",
        "glpenshots": "0",
        "glpkclearzone": "0",
        "glpokechecks": "0",
        "glsavepct": "0.00",
        "glsaves": "0",
        "glshots": "0",
        "glsoperiods": "0",
        "isGuest": "0",
        "opponentClubId": "415948",
        "opponentScore": "1",
        "opponentTeamId": "500",
        "player_dnf": "0",
        "playerLevel": "191",
        "pNhlOnlineGameType": "5",
        "position": "defenseMen",
        "posSorted": "2",
        "ratingDefense": "80.00",
        "ratingOffense": "85.00",
        "ratingTeamplay": "65.00",
        "score": "6",
        "skassists": "2",
        "skbs": "0",
        "skdeflections": "0",
        "skfol": "0",
        "skfopct": "0.00",
        "skfow": "0",
        "skgiveaways": "14",
        "skgoals": "0",
        "skgwg": "0",
        "skhits": "0",
        "skinterceptions": "8",
        "skpassattempts": "28",
        "skpasses": "23",
        "skpasspct": "82.14",
        "skpenaltiesdrawn": "1",
        "skpim": "0",
        "skpkclearzone": "1",
        "skplusmin": "3",
        "skpossession": "371",
        "skppg": "0",
        "sksaucerpasses": "0",
        "skshg": "0",
        "skshotattempts": "6",
        "skshotonnetpct": "50.00",
        "skshotpct": "0.00",
        "skshots": "3",
        "sktakeaways": "1",
        "teamId": "501",
        "teamSide": "1",
        "toi": "60",
        "toiseconds": "3600",
        "playername": "EvanK50"
      },
      "1999109791": {
        "class": "21",
        "glbrksavepct": "1.00",
        "glbrksaves": "1",
        "glbrkshots": "1",
        "gldsaves": "0",
        "glga": "1",
        "glgaa": "1.00",
        "glpensavepct": "0.00",
        "glpensaves": "0",
        "glpenshots": "0",
        "glpkclearzone": "0",
        "glpokechecks": "0",
        "glsavepct": "0.83",
        "glsaves": "5",
        "glshots": "6",
        "glsoperiods": "0",
        "isGuest": "1",
        "opponentClubId": "415948",
        "opponentScore": "1",
        "opponentTeamId": "500",
        "player_dnf": "0",
        "playerLevel": "127",
        "pNhlOnlineGameType": "5",
        "position": "goalie",
        "posSorted": "0",
        "ratingDefense": "60.00",
        "ratingOffense": "55.00",
        "ratingTeamplay": "60.00",
        "score": "6",
        "skassists": "0",
        "skbs": "0",
        "skdeflections": "0",
        "skfol": "0",
        "skfopct": "0.00",
        "skfow": "0",
        "skgiveaways": "0",
        "skgoals": "0",
        "skgwg": "0",
        "skhits": "0",
        "skinterceptions": "0",
        "skpassattempts": "0",
        "skpasses": "0",
        "skpasspct": "0.00",
        "skpenaltiesdrawn": "0",
        "skpim": "0",
        "skpkclearzone": "0",
        "skplusmin": "0",
        "skpossession": "0",
        "skppg": "0",
        "sksaucerpasses": "0",
        "skshg": "0",
        "skshotattempts": "0",
        "skshotonnetpct": "0.00",
        "skshotpct": "0.00",
        "skshots": "0",
        "sktakeaways": "0",
        "teamId": "501",
        "teamSide": "1",
        "toi": "60",
        "toiseconds": "3600",
        "playername": "Machete-Joe-"
      }
    }
  },
  "aggregate": {
    "415948": {
      "class": 44,
      "glbrksavepct": 0,
      "glbrksaves": 0,
      "glbrkshots": 0,
      "gldsaves": 0,
      "glga": 6,
      "glgaa": 6,
      "glpensavepct": 0,
      "glpensaves": 0,
      "glpenshots": 0,
      "glpkclearzone": 0,
      "glpokechecks": 0,
      "glsavepct": 0.8,
      "glsaves": 24,
      "glshots": 30,
      "glsoperiods": 0,
      "isGuest": 4,
      "opponentClubId": 2499486,
      "opponentScore": 36,
      "opponentTeamId": 3006,
      "player_dnf": 1,
      "playerLevel": 948,
      "pNhlOnlineGameType": 30,
      "position": 0,
      "posSorted": 15,
      "ratingDefense": 420,
      "ratingOffense": 345,
      "ratingTeamplay": 355,
      "score": 6,
      "skassists": 0,
      "skbs": 4,
      "skdeflections": 0,
      "skfol": 27,
      "skfopct": 71.88,
      "skfow": 9,
      "skgiveaways": 28,
      "skgoals": 1,
      "skgwg": 0,
      "skhits": 28,
      "skinterceptions": 26,
      "skpassattempts": 60,
      "skpasses": 38,
      "skpasspct": 319.59,
      "skpenaltiesdrawn": 4,
      "skpim": 33,
      "skpkclearzone": 2,
      "skplusmin": -13,
      "skpossession": 608,
      "skppg": 0,
      "sksaucerpasses": 0,
      "skshg": 0,
      "skshotattempts": 9,
      "skshotonnetpct": 216.67,
      "skshotpct": 50,
      "skshots": 6,
      "sktakeaways": 18,
      "teamId": 3000,
      "teamSide": 0,
      "toi": 336,
      "toiseconds": 20195
    },
    "416581": {
      "class": 53,
      "glbrksavepct": 1,
      "glbrksaves": 1,
      "glbrkshots": 1,
      "gldsaves": 0,
      "glga": 1,
      "glgaa": 1,
      "glpensavepct": 0,
      "glpensaves": 0,
      "glpenshots": 0,
      "glpkclearzone": 0,
      "glpokechecks": 0,
      "glsavepct": 0.83,
      "glsaves": 5,
      "glshots": 6,
      "glsoperiods": 0,
      "isGuest": 4,
      "opponentClubId": 2495688,
      "opponentScore": 6,
      "opponentTeamId": 3000,
      "player_dnf": 0,
      "playerLevel": 1329,
      "pNhlOnlineGameType": 30,
      "position": 0,
      "posSorted": 15,
      "ratingDefense": 455,
      "ratingOffense": 515,
      "ratingTeamplay": 460,
      "score": 36,
      "skassists": 8,
      "skbs": 3,
      "skdeflections": 2,
      "skfol": 9,
      "skfopct": 75.68,
      "skfow": 28,
      "skgiveaways": 52,
      "skgoals": 6,
      "skgwg": 0,
      "skhits": 15,
      "skinterceptions": 23,
      "skpassattempts": 79,
      "skpasses": 58,
      "skpasspct": 346.03,
      "skpenaltiesdrawn": 8,
      "skpim": 24,
      "skpkclearzone": 2,
      "skplusmin": 15,
      "skpossession": 1292,
      "skppg": 2,
      "sksaucerpasses": 0,
      "skshg": 0,
      "skshotattempts": 35,
      "skshotonnetpct": 378.1,
      "skshotpct": 81.9,
      "skshots": 27,
      "sktakeaways": 5,
      "teamId": 3006,
      "teamSide": 6,
      "toi": 345,
      "toiseconds": 20711
    }
  }
}