{
  "matchId": "6680107330049",
  "timestamp": 1663204215,
  "timeAgo": {
    "number": 22,
    "unit": "hours"
  },
  "clubs": {
    "415948": {
      "clubDivision": "3",
      "cNhlOnlineGameType": "5",
      "garaw": "4",
      "gfraw": "1",
      "losses": "1",
      "memberString": "6 / 6",
      "opponentClubId": "416581",
      "opponentScore": "4",
      "opponentTeamArtAbbr": "DROP",
      "passa": "50",
      "passc": "28",
      "ppg": "0",
      "ppo": "0",
      "result": "2",
      "score": "1",
      "scoreString": "1 - 4",
      "shots": "7",
      "teamArtAbbr": "EASHL",
      "teamSide": "0",
      "toa": "100",
      "winnerByDnf": "0",
      "winnerByGoalieDnf": "0",
      "details": {
        "name": "Ontario Wolvess",
        "clubId": 415948,
        "regionId": 5,
        "teamId": 5158,
        "customKit": {
          "isCustomTeam": "1",
          "crestAssetId": "91",
          "useBaseAsset": "1"
        }
      },
      "goals": "1",
      "goalsAgainst": "4"
    },
    "416581": {
      "clubDivision": "5",
      "cNhlOnlineGameType": "5",
      "garaw": "1",
      "gfraw": "4",
      "losses": "0",
      "memberString": "6 / 6",
      "opponentClubId": "415948",
      "opponentScore": "1",
      "opponentTeamArtAbbr": "EASHL",
      "passa": "112",
      "passc": "76",
      "ppg": "0",
      "ppo": "2",
      "result": "1",
      "score": "4",
      "scoreString": "4 - 1",
      "shots": "25",
      "teamArtAbbr": "DROP",
      "teamSide": "1",
      "toa": "747",
      "winnerByDnf": "0",
      "winnerByGoalieDnf": "0",
      "details": {
        "name": "M6 Screaming Eagles",
        "clubId": 416581,
        "regionId": 5,
        "teamId": 5171,
        "customKit": {
          "isCustomTeam": "1",
          "crestAssetId": "233",
          "useBaseAsset": "1"
        }
      },
      "goals": "4",
      "goalsAgainst": "1"
    }
  },
  "players": {
    "415948": {
      "268730339": {
        "class": "21",
        "glbrksavepct": "0.00",
        "glbrksaves": "0",
        "glbrkshots": "0",
        "gldsaves": "0",
        "glga": "4",
        "glgaa": "4.00",
        "glpensavepct": "0.00",
        "glpensaves": "0",
        "glpenshots": "0",
        "glpkclearzone": "0",
        "glpokechecks": "0",
        "glsavepct": "0.84",
        "glsaves": "21",
        "glshots": "25",
        "glsoperiods": "0",
        "isGuest": "1",
        "opponentClubId": "416581",
        "opponentScore": "4",
        "opponentTeamId": "501",
        "player_dnf": "0",
        "playerLevel": "299",
        "pNhlOnlineGameType": "5",
        "position": "goalie",
        "posSorted": "0",
        "ratingDefense": "75.00",
        "ratingOffense": "75.00",
        "ratingTeamplay": "35.00",
        "score": "1",
        "skassists": "0",
        "skbs": "0",
        "skdeflections": "0",
        "skfol": "0",
        "skfopct": "0.00",
        "skfow": "0",
        "skgiveaways": "0",
        "skgoals": "0",
        "skgwg": "0",
        "skhits": "0",
        "skinterceptions": "0",
        "skpassattempts": "0",
        "skpasses": "0",
        "skpasspct": "0.00",
        "skpenaltiesdrawn": "0",
        "skpim": "0",
        "skpkclearzone": "0",
        "skplusmin": "0",
        "skpossession": "0",
        "skppg": "0",
        "sksaucerpasses": "0",
        "skshg": "0",
        "skshotattempts": "0",
        "skshotonnetpct": "0.00",
        "skshotpct": "0.00",
        "skshots": "0",
        "sktakeaways": "0",
        "teamId": "500",
        "teamSide": "0",
        "toi": "60",
        "toiseconds": "3600",
        "playername": "Rangerfan142"
      },
      "885391995": {
        "class": "15",
        "glbrksavepct": "0.00",
        "glbrksaves": "0",
        "glbrkshots": "0",
        "gldsaves": "0",
        "glga": "0",
        "glgaa": "0.00",
        "glpensavepct": "0.00",
        "glpensaves": "0",
        "glpenshots": "0",
        "glpkclearzone": "0",
        "glpokechecks": "0",
        "glsavepct": "0.00",
        "glsaves": "0",
        "glshots": "0",
        "glsoperiods": "0",
        "isGuest": "1",
        "opponentClubId": "416581",
        "opponentScore": "4",
        "opponentTeamId": "501",
        "player_dnf": "0",
        "playerLevel": "111",
        "pNhlOnlineGameType": "5",
        "position": "defenseMen",
        "posSorted": "2",
        "ratingDefense": "80.00",
        "ratingOffense": "55.00",
        "ratingTeamplay": "80.00",
        "score": "1",
        "skassists": "0",
        "skbs": "3",
        "skdeflections": "0",
        "skfol": "0",
        "skfopct": "0.00",
        "skfow": "0",
        "skgiveaways": "9",
        "skgoals": "0",
        "skgwg": "0",
        "skhits": "10",
        "skinterceptions": "5",
        "skpassattempts": "14",
        "skpasses": "8",
        "skpasspct": "57.14",
        "skpenaltiesdrawn": "0",
        "skpim": "0",
        "skpkclearzone": "1",
        "skplusmin": "-3",
        "skpossession": "99",
        "skppg": "0",
        "sksaucerpasses": "0",
        "skshg": "0",
        "skshotattempts": "0",
        "skshotonnetpct": "0.00",
        "skshotpct": "0.00",
        "skshots": "0",
        "sktakeaways": "3",
        "teamId": "500",
        "teamSide": "0",
        "toi": "60",
        "toiseconds": "3600",
        "playername": "JoeK0325"
      },
      "1240123792": {
        "class": "5",
        "glbrksavepct": "0.00",
        "glbrksaves": "0",
        "glbrkshots": "0",
        "gldsaves": "0",
        "glga": "0",
        "glgaa": "0.00",
        "glpensavepct": "0.00",
        "glpensaves": "0",
        "glpenshots": "0",
        "glpkclearzone": "0",
        "glpokechecks": "0",
        "glsavepct": "0.00",
        "glsaves": "0",
        "glshots": "0",
        "glsoperiods": "0",
        "isGuest": "1",
        "opponentClubId": "416581",
        "opponentScore": "4",
        "opponentTeamId": "501",
        "player_dnf": "0",
        "playerLevel": "76",
        "pNhlOnlineGameType": "5",
        "position": "defenseMen",
        "posSorted": "1",
        "ratingDefense": "75.00",
        "ratingOffense": "55.00",
        "ratingTeamplay": "90.00",
        "score": "1",
        "skassists": "0",
        "skbs": "0",
        "skdeflections": "0",
        "skfol": "0",
        "skfopct": "0.00",
        "skfow": "0",
        "skgiveaways": "5",
        "skgoals": "0",
        "skgwg": "0",
        "skhits": "9",
        "skinterceptions": "5",
        "skpassattempts": "9",
        "skpasses": "7",
        "skpasspct": "77.78",
        "skpenaltiesdrawn": "0",
        "skpim": "0",
        "skpkclearzone": "1",
        "skplusmin": "-3",
        "skpossession": "76",
        "skppg": "0",
        "sksaucerpasses": "0",
        "skshg": "0",
        "skshotattempts": "0",
        "skshotonnetpct": "0.00",
        "skshotpct": "0.00",
        "skshots": "0",
        "sktakeaways": "3",
        "teamId": "500",
        "teamSide": "0",
        "toi": "60",
        "toiseconds": "3600",
        "playername": "BlazedNBroke420"
      },
      "1855917359": {
        "class": "2",
        "glbrksavepct": "0.00",
        "glbrksaves": "0",
        "glbrkshots": "0",
        "gldsaves": "0",
        "glga": "0",
        "glgaa": "0.00",
        "glpensavepct": "0.00",
        "glpensaves": "0",
        "glpenshots": "0",
        "glpkclearzone": "0",
        "glpokechecks": "0",
        "glsavepct": "0.00",
        "glsaves": "0",
        "glshots": "0",
        "glsoperiods": "0",
        "isGuest": "0",
        "opponentClubId": "416581",
        "opponentScore": "4",
        "opponentTeamId": "501",
        "player_dnf": "0",
        "playerLevel": "175",
        "pNhlOnlineGameType": "5",
        "position": "center",
        "posSorted": "5",
        "ratingDefense": "90.00",
        "ratingOffense": "55.00",
        "ratingTeamplay": "65.00",
        "score": "1",
        "skassists": "0",
        "skbs": "0",
        "skdeflections": "0",
        "skfol": "16",
        "skfopct": "23.81",
        "skfow": "5",
        "skgiveaways": "6",
        "skgoals": "0",
        "skgwg": "0",
        "skhits": "4",
        "skinterceptions": "4",
        "skpassattempts": "9",
        "skpasses": "5",
        "skpasspct": "55.56",
        "skpenaltiesdrawn": "0",
        "skpim": "0",
        "skpkclearzone": "1",
        "skplusmin": "-3",
        "skpossession": "97",
        "skppg": "0",
        "sksaucerpasses": "0",
        "skshg": "0",
        "skshotattempts": "2",
        "skshotonnetpct": "100.00",
        "skshotpct": "0.00",
        "skshots": "2",
        "sktakeaways": "4",
        "teamId": "500",
        "teamSide": "0",
        "toi": "60",
        "toiseconds": "3600",
        "playername": "ThatGuyCleary56"
      },
      "1985034943": {
        "class": "3",
        "glbrksavepct": "0.00",
        "glbrksaves": "0",
        "glbrkshots": "0",
        "gldsaves": "0",
        "glga": "0",
        "glgaa": "0.00",
        "glpensavepct": "0.00",
        "glpensaves": "0",
        "glpenshots": "0",
        "glpkclearzone": "0",
        "glpokechecks": "0",
        "glsavepct": "0.00",
        "glsaves": "0",
        "glshots": "0",
        "glsoperiods": "0",
        "isGuest": "1",
        "opponentClubId": "416581",
        "opponentScore": "4",
        "opponentTeamId": "501",
        "player_dnf": "0",
        "playerLevel": "263",
        "pNhlOnlineGameType": "5",
        "position": "rightWing",
        "posSorted": "3",
        "ratingDefense": "60.00",
        "ratingOffense": "65.00",
        "ratingTeamplay": "30.00",
        "score": "1",
        "skassists": "0",
        "skbs": "1",
        "skdeflections": "0",
        "skfol": "0",
        "skfopct": "0.00",
        "skfow": "0",
        "skgiveaways": "6",
        "skgoals": "1",
        "skgwg": "0",
        "skhits": "2",
        "skinterceptions": "5",
        "skpassattempts": "10",
        "skpasses": "3",
        "skpasspct": "30.00",
        "skpenaltiesdrawn": "0",
        "skpim": "4",
        "skpkclearzone": "0",
        "skplusmin": "-3",
        "skpossession": "136",
        "skppg": "0",
        "sksaucerpasses": "0",
        "skshg": "0",
        "skshotattempts": "2",
        "skshotonnetpct": "50.00",
        "skshotpct": "100.00",
        "skshots": "1",
        "sktakeaways": "4",
        "teamId": "500",
        "teamSide": "0",
        "toi": "56",
        "toiseconds": "3362",
        "playername": "silky_johnsson22"
      },
      "1005164253946": {
        "class": "2",
        "glbrksavepct": "0.00",
        "glbrksaves": "0",
        "glbrkshots": "0",
        "gldsaves": "0",
        "glga": "0",
        "glgaa": "0.00",
        "glpensavepct": "0.00",
        "glpensaves": "0",
        "glpenshots": "0",
        "glpkclearzone": "0",
        "glpokechecks": "0",
        "glsavepct": "0.00",
        "glsaves": "0",
        "glshots": "0",
        "glsoperiods": "0",
        "isGuest": "0",
        "opponentClubId": "416581",
        "opponentScore": "4",
        "opponentTeamId": "501",
        "player_dnf": "0",
        "playerLevel": "24",
        "pNhlOnlineGameType": "5",
        "position": "leftWing",
        "posSorted": "4",
        "ratingDefense": "70.00",
        "ratingOffense": "55.00",
        "ratingTeamplay": "55.00",
        "score": "1",
        "skassists": "0",
        "skbs": "1",
        "skdeflections": "0",
        "skfol": "0",
        "skfopct": "0.00",
        "skfow": "0",
        "skgiveaways": "3",
        "skgoals": "0",
        "skgwg": "0",
        "skhits": "0",
        "skinterceptions": "9",
        "skpassattempts": "7",
        "skpasses": "5",
        "skpasspct": "71.43",
        "skpenaltiesdrawn": "0",
        "skpim": "0",
        "skpkclearzone": "1",
        "skplusmin": "-3",
        "skpossession": "137",
        "skppg": "0",
        "sksaucerpasses": "0",
        "skshg": "0",
        "skshotattempts": "4",
        "skshotonnetpct": "75.00",
        "skshotpct": "0.00",
        "skshots": "3",
        "sktakeaways": "5",
        "teamId": "500",
        "teamSide": "0",
        "toi": "60",
        "toiseconds": "3600",
        "playername": "Ranchero215"
      }
    },
    "416581": {
      "182377262": {
        "class": "11",
        "glbrksavepct": "0.00",
        "glbrksaves": "0",
        "glbrkshots": "0",
        "gldsaves": "0",
        "glga": "0",
        "glgaa": "0.00",
        "glpensavepct": "0.00",
        "glpensaves": "0",
        "glpenshots": "0",
        "glpkclearzone": "0",
        "glpokechecks": "0",
        "glsavepct": "0.00",
        "glsaves": "0",
        "glshots": "0",
        "glsoperiods": "0",
        "isGuest": "1",
        "opponentClubId": "415948",
        "opponentScore": "1",
        "opponentTeamId": "500",
        "player_dnf": "0",
        "playerLevel": "288",
        "pNhlOnlineGameType": "5",
        "position": "defenseMen",
        "posSorted": "1",
        "ratingDefense": "75.00",
        "ratingOffense": "70.00",
        "ratingTeamplay": "75.00",
        "score": "4",
        "skassists": "0",
        "skbs": "0",
        "skdeflections": "0",
        "skfol": "0",
        "skfopct": "0.00",
        "skfow": "0",
        "skgiveaways": "7",
        "skgoals": "0",
        "skgwg": "0",
        "skhits": "3",
        "skinterceptions": "10",
        "skpassattempts": "21",
        "skpasses": "16",
        "skpasspct": "76.19",
        "skpenaltiesdrawn": "0",
        "skpim": "0",
        "skpkclearzone": "0",
        "skplusmin": "3",
        "skpossession": "237",
        "skppg": "0",
        "sksaucerpasses": "0",
        "skshg": "0",
        "skshotattempts": "3",
        "skshotonnetpct": "66.67",
        "skshotpct": "0.00",
        "skshots": "2",
        "sktakeaways": "3",
        "teamId": "501",
        "teamSide": "1",
        "toi": "60",
        "toiseconds": "3600",
        "playername": "BigPapaPumpkin"
      },
      "384513004": {
        "class": "2",
        "glbrksavepct": "0.00",
        "glbrksaves": "0",
        "glbrkshots": "0",
        "gldsaves": "0",
        "glga": "0",
        "glgaa": "0.00",
        "glpensavepct": "0.00",
        "glpensaves": "0",
        "glpenshots": "0",
        "glpkclearzone": "0",
        "glpokechecks": "0",
        "glsavepct": "0.00",
        "glsaves": "0",
        "glshots": "0",
        "glsoperiods": "0",
        "isGuest": "1",
        "opponentClubId": "415948",
        "opponentScore": "1",
        "opponentTeamId": "500",
        "player_dnf": "0",
        "playerLevel": "232",
        "pNhlOnlineGameType": "5",
        "position": "leftWing",
        "posSorted": "4",
        "ratingDefense": "65.00",
        "ratingOffense": "95.00",
        "ratingTeamplay": "50.00",
        "score": "4",
        "skassists": "2",
        "skbs": "0",
        "skdeflections": "0",
        "skfol": "0",
        "skfopct": "0.00",
        "skfow": "0",
        "skgiveaways": "6",
        "skgoals": "1",
        "skgwg": "0",
        "skhits": "4",
        "skinterceptions": "6",
        "skpassattempts": "18",
        "skpasses": "11",
        "skpasspct": "61.11",
        "skpenaltiesdrawn": "0",
        "skpim": "0",
        "skpkclearzone": "0",
        "skplusmin": "3",
        "skpossession": "204",
        "skppg": "0",
        "sksaucerpasses": "1",
        "skshg": "0",
        "skshotattempts": "8",
        "skshotonnetpct": "62.50",
        "skshotpct": "20.00",
        "skshots": "5",
        "sktakeaways": "3",
        "teamId": "501",
        "teamSide": "1",
        "toi": "60",
        "toiseconds": "3600",
        "playername": "Sweht_-"
      },
      "665487349": {
        "class": "21",
        "glbrksavepct": "0.00",
        "glbrksaves": "0",
        "glbrkshots": "0",
        "gldsaves": "0",
        "glga": "1",
        "glgaa": "1.00",
        "glpensavepct": "0.00",
        "glpensaves": "0",
        "glpenshots": "0",
        "glpkclearzone": "0",
        "glpokechecks": "0",
        "glsavepct": "0.86",
        "glsaves": "6",
        "glshots": "7",
        "glsoperiods": "0",
        "isGuest": "1",
        "opponentClubId": "415948",
        "opponentScore": "1",
        "opponentTeamId": "500",
        "player_dnf": "0",
        "playerLevel": "142",
        "pNhlOnlineGameType": "5",
        "position": "goalie",
        "posSorted": "0",
        "ratingDefense": "60.00",
        "ratingOffense": "55.00",
        "ratingTeamplay": "60.00",
        "score": "4",
        "skassists": "0",
        "skbs": "0",
        "skdeflections": "0",
        "skfol": "0",
        "skfopct": "0.00",
        "skfow": "0",
        "skgiveaways": "0",
        "skgoals": "0",
        "skgwg": "0",
        "skhits": "0",
        "skinterceptions": "0",
        "skpassattempts": "0",
        "skpasses": "0",
        "skpasspct": "0.00",
        "skpenaltiesdrawn": "0",
        "skpim": "0",
        "skpkclearzone": "0",
        "skplusmin": "0",
        "skpossession": "0",
        "skppg": "0",
        "sksaucerpasses": "0",
        "skshg": "0",
        "skshotattempts": "0",
        "skshotonnetpct": "0.00",
        "skshotpct": "0.00",
        "skshots": "0",
        "sktakeaways": "0",
        "teamId": "501",
        "teamSide": "1",
        "toi": "60",
        "toiseconds": "3600",
        "playername": "MrBlondeMedia"
      },
      "1482142235": {
        "class": "2",
        "glbrksavepct": "0.00",
        "glbrksaves": "0",
        "glbrkshots": "0",
        "gldsaves": "0",
        "glga": "0",
        "glgaa": "0.00",
        "glpensavepct": "0.00",
        "glpensaves": "0",
        "glpenshots": "0",
        "glpkclearzone": "0",
        "glpokechecks": "0",
        "glsavepct": "0.00",
        "glsaves": "0",
        "glshots": "0",
        "glsoperiods": "0",
        "isGuest": "1",
        "opponentClubId": "415948",
        "opponentScore": "1",
        "opponentTeamId": "500",
        "player_dnf": "0",
        "playerLevel": "209",
        "pNhlOnlineGameType": "5",
        "position": "rightWing",
        "posSorted": "3",
        "ratingDefense": "65.00",
        "ratingOffense": "100.00",
        "ratingTeamplay": "65.00",
        "score": "4",
        "skassists": "2",
        "skbs": "0",
        "skdeflections": "0",
        "skfol": "0",
        "skfopct": "0.00",
        "skfow": "0",
        "skgiveaways": "12",
        "skgoals": "2",
        "skgwg": "0",
        "skhits": "1",
        "skinterceptions": "3",
        "skpassattempts": "17",
        "skpasses": "10",
        "skpasspct": "58.82",
        "skpenaltiesdrawn": "1",
        "skpim": "0",
        "skpkclearzone": "0",
        "skplusmin": "3",
        "skpossession": "216",
        "skppg": "0",
        "sksaucerpasses": "1",
        "skshg": "0",
        "skshotattempts": "14",
        "skshotonnetpct": "85.71",
        "skshotpct": "16.67",
        "skshots": "12",
        "sktakeaways": "1",
        "teamId": "501",
        "teamSide": "1",
        "toi": "60",
        "toiseconds": "3600",
        "playername": "Complexitii-"
      },
      "1780423381": {
        "class": "1",
        "glbrksavepct": "0.00",
        "glbrksaves": "0",
        "glbrkshots": "0",
        "gldsaves": "0",
        "glga": "0",
        "glgaa": "0.00",
        "glpensavepct": "0.00",
        "glpensaves": "0",
        "glpenshots": "0",
        "glpkclearzone": "0",
        "glpokechecks": "0",
        "glsavepct": "0.00",
        "glsaves": "0",
        "glshots": "0",
        "glsoperiods": "0",
        "isGuest": "1",
        "opponentClubId": "415948",
        "opponentScore": "1",
        "opponentTeamId": "500",
        "player_dnf": "0",
        "playerLevel": "299",
        "pNhlOnlineGameType": "5",
        "position": "center",
        "posSorted": "5",
        "ratingDefense": "60.00",
        "ratingOffense": "95.00",
        "ratingTeamplay": "90.00",
        "score": "4",
        "skassists": "2",
        "skbs": "0",
        "skdeflections": "1",
        "skfol": "5",
        "skfopct": "76.19",
        "skfow": "16",
        "skgiveaways": "10",
        "skgoals": "1",
        "skgwg": "0",
        "skhits": "2",
        "skinterceptions": "0",
        "skpassattempts": "27",
        "skpasses": "17",
        "skpasspct": "62.96",
        "skpenaltiesdrawn": "0",
        "skpim": "0",
        "skpkclearzone": "0",
        "skplusmin": "3",
        "skpossession": "350",
        "skppg": "0",
        "sksaucerpasses": "0",
        "skshg": "0",
        "skshotattempts": "8",
        "skshotonnetpct": "50.00",
        "skshotpct": "25.00",
        "skshots": "4",
        "sktakeaways": "0",
        "teamId": "501",
        "teamSide": "1",
        "toi": "60",
        "toiseconds": "3600",
        "playername": "xDynamicEntryx"
      },
      "1927694899": {
        "class": "15",
        "glbrksavepct": "0.00",
        "glbrksaves": "0",
        "glbrkshots": "0",
        "gldsaves": "0",
        "glga": "0",
        "glgaa": "0.00",
        "glpensavepct": "0.00",
        "glpensaves": "0",
        "glpenshots": "0",
        "glpkclearzone": "0",
        "glpokechecks": "0",
        "glsavepct": "0.00",
        "glsaves": "0",
        "glshots": "0",
        "glsoperiods": "0",
        "isGuest": "0",
        "opponentClubId": "415948",
        "opponentScore": "1",
        "opponentTeamId": "500",
        "player_dnf": "0",
        "playerLevel": "191",
        "pNhlOnlineGameType": "5",
        "position": "defenseMen",
        "posSorted": "2",
        "ratingDefense": "70.00",
        "ratingOffense": "85.00",
        "ratingTeamplay": "65.00",
        "score": "4",
        "skassists": "2",
        "skbs": "0",
        "skdeflections": "0",
        "skfol": "0",
        "skfopct": "0.00",
        "skfow": "0",
        "skgiveaways": "12",
        "skgoals": "0",
        "skgwg": "0",
        "skhits": "1",
        "skinterceptions": "4",
        "skpassattempts": "29",
        "skpasses": "22",
        "skpasspct": "75.86",
        "skpenaltiesdrawn": "1",
        "skpim": "0",
        "skpkclearzone": "0",
        "skplusmin": "3",
        "skpossession": "338",
        "skppg": "0",
        "sksaucerpasses": "0",
        "skshg": "0",
        "skshotattempts": "4",
        "skshotonnetpct": "50.00",
        "skshotpct": "0.00",
        "skshots": "2",
        "sktakeaways": "1",
        "teamId": "501",
        "teamSide": "1",
        "toi": "60",
        "toiseconds": "3600",
        "playername": "EvanK50"
      }
    }
  },
  "aggregate": {
    "415948": {
      "class": 48,
      "glbrksavepct": 0,
      "glbrksaves": 0,
      "glbrkshots": 0,
      "gldsaves": 0,
      "glga": 4,
      "glgaa": 4,
      "glpensavepct": 0,
      "glpensaves": 0,
      "glpenshots": 0,
      "glpkclearzone": 0,
      "glpokechecks": 0,
      "glsavepct": 0.84,
      "glsaves": 21,
      "glshots": 25,
      "glsoperiods": 0,
      "isGuest": 4,
      "opponentClubId": 2499486,
      "opponentScore": 24,
      "opponentTeamId": 3006,
      "player_dnf": 0,
      "playerLevel": 948,
      "pNhlOnlineGameType": 30,
      "position": 0,
      "posSorted": 15,
      "ratingDefense": 450,
      "ratingOffense": 360,
      "ratingTeamplay": 355,
      "score": 6,
      "skassists": 0,
      "skbs": 5,
      "skdeflections": 0,
      "skfol": 16,
      "skfopct": 23.81,
      "skfow": 5,
      "skgiveaways": 29,
      "skgoals": 1,
      "skgwg": 0,
      "skhits": 25,
      "skinterceptions": 28,
      "skpassattempts": 49,
      "skpasses": 28,
      "skpasspct": 291.91,
      "skpenaltiesdrawn": 0,
      "skpim": 4,
      "skpkclearzone": 4,
      "skplusmin": -15,
      "skpossession": 545,
      "skppg": 0,
      "sksaucerpasses": 0,
      "skshg": 0,
      "skshotattempts": 8,
      "skshotonnetpct": 225,
      "skshotpct": 100,
      "skshots": 6,
      "sktakeaways": 19,
      "teamId": 3000,
      "teamSide": 0,
      "toi": 356,
      "toiseconds": 21362
    },
    "416581": {
      "class": 52,
      "glbrksavepct": 0,
      "glbrksaves": 0,
      "glbrkshots": 0,
      "gldsaves": 0,
      "glga": 1,
      "glgaa": 1,
      "glpensavepct": 0,
      "glpensaves": 0,
      "glpenshots": 0,
      "glpkclearzone": 0,
      "glpokechecks": 0,
      "glsavepct": 0.86,
      "glsaves": 6,
      "glshots": 7,
      "glsoperiods": 0,
      "isGuest": 5,
      "opponentClubId": 2495688,
      "opponentScore": 6,
      "opponentTeamId": 3000,
      "player_dnf": 0,
      "playerLevel": 1361,
      "pNhlOnlineGameType": 30,
      "position": 0,
      "posSorted": 15,
      "ratingDefense": 395,
      "ratingOffense": 500,
      "ratingTeamplay": 405,
      "score": 24,
      "skassists": 8,
      "skbs": 0,
      "skdeflections": 1,
      "skfol": 5,
      "skfopct": 76.19,
      "skfow": 16,
      "skgiveaways": 47,
      "skgoals": 4,
      "skgwg": 0,
      "skhits": 11,
      "skinterceptions": 23,
      "skpassattempts": 112,
      "skpasses": 76,
      "skpasspct": 334.94,
      "skpenaltiesdrawn": 2,
      "skpim": 0,
      "skpkclearzone": 0,
      "skplusmin": 15,
      "skpossession": 1345,
      "skppg": 0,
      "sksaucerpasses": 2,
      "skshg": 0,
      "skshotattempts": 37,
      "skshotonnetpct": 314.88,
      "skshotpct": 61.67,
      "skshots": 25,
      "sktakeaways": 8,
      "teamId": 3006,
      "teamSide": 6,
      "toi": 360,
      "toiseconds": 21600
    }
  }
}