{
  "matchId": "6724979230090",
  "timestamp": 1663725682,
  "timeAgo": {
    "number": 2,
    "unit": "days"
  },
  "clubs": {
    "120212": {
      "clubDivision": "10",
      "cNhlOnlineGameType": "5",
      "garaw": "5",
      "gfraw": "6",
      "losses": "0",
      "memberString": "6 / 6",
      "opponentClubId": "440740",
      "opponentScore": "5",
      "opponentTeamArtAbbr": "DROP",
      "passa": "114",
      "passc": "85",
      "ppg": "0",
      "ppo": "1",
      "result": "1",
      "score": "6",
      "scoreString": "6 - 5",
      "shots": "16",
      "teamArtAbbr": "EASHL",
      "teamSide": "0",
      "toa": "559",
      "winnerByDnf": "0",
      "winnerByGoalieDnf": "0",
      "details": {
        "name": "Catalyst",
        "clubId": 120212,
        "regionId": 5,
        "teamId": 5179,
        "customKit": {
          "isCustomTeam": "1",
          "crestAssetId": "239",
          "useBaseAsset": "1"
        }
      },
      "goals": "6",
      "goalsAgainst": "5"
    },
    "440740": {
      "clubDivision": "1",
      "cNhlOnlineGameType": "5",
      "garaw": "6",
      "gfraw": "5",
      "losses": "1",
      "memberString": "6 / 6",
      "opponentClubId": "120212",
      "opponentScore": "6",
      "opponentTeamArtAbbr": "EASHL",
      "passa": "92",
      "passc": "75",
      "ppg": "0",
      "ppo": "2",
      "result": "2",
      "score": "5",
      "scoreString": "5 - 6",
      "shots": "14",
      "teamArtAbbr": "DROP",
      "teamSide": "1",
      "toa": "375",
      "winnerByDnf": "0",
      "winnerByGoalieDnf": "0",
      "details": {
        "name": "M6 Electrified",
        "clubId": 440740,
        "regionId": 5,
        "teamId": 5070,
        "customKit": {
          "isCustomTeam": "1",
          "crestAssetId": "183",
          "useBaseAsset": "1"
        }
      },
      "goals": "5",
      "goalsAgainst": "6"
    }
  },
  "players": {
    "120212": {
      "225613703": {
        "class": "2",
        "glbrksavepct": "0.00",
        "glbrksaves": "0",
        "glbrkshots": "0",
        "gldsaves": "0",
        "glga": "0",
        "glgaa": "0.00",
        "glpensavepct": "0.00",
        "glpensaves": "0",
        "glpenshots": "0",
        "glpkclearzone": "0",
        "glpokechecks": "0",
        "glsavepct": "0.00",
        "glsaves": "0",
        "glshots": "0",
        "glsoperiods": "0",
        "isGuest": "1",
        "opponentClubId": "440740",
        "opponentScore": "5",
        "opponentTeamId": "501",
        "player_dnf": "0",
        "playerLevel": "204",
        "pNhlOnlineGameType": "5",
        "position": "leftWing",
        "posSorted": "4",
        "ratingDefense": "50.00",
        "ratingOffense": "100.00",
        "ratingTeamplay": "40.00",
        "score": "6",
        "skassists": "1",
        "skbs": "1",
        "skdeflections": "0",
        "skfol": "0",
        "skfopct": "0.00",
        "skfow": "0",
        "skgiveaways": "10",
        "skgoals": "3",
        "skgwg": "0",
        "skhits": "0",
        "skinterceptions": "1",
        "skpassattempts": "23",
        "skpasses": "17",
        "skpasspct": "73.91",
        "skpenaltiesdrawn": "0",
        "skpim": "2",
        "skpkclearzone": "0",
        "skplusmin": "1",
        "skpossession": "206",
        "skppg": "0",
        "sksaucerpasses": "1",
        "skshg": "0",
        "skshotattempts": "5",
        "skshotonnetpct": "60.00",
        "skshotpct": "100.00",
        "skshots": "3",
        "sktakeaways": "1",
        "teamId": "500",
        "teamSide": "0",
        "toi": "58",
        "toiseconds": "3480",
        "playername": "TheMarker_1"
      },
      "791376749": {
        "class": "15",
        "glbrksavepct": "0.00",
        "glbrksaves": "0",
        "glbrkshots": "0",
        "gldsaves": "0",
        "glga": "0",
        "glgaa": "0.00",
        "glpensavepct": "0.00",
        "glpensaves": "0",
        "glpenshots": "0",
        "glpkclearzone": "0",
        "glpokechecks": "0",
        "glsavepct": "0.00",
        "glsaves": "0",
        "glshots": "0",
        "glsoperiods": "0",
        "isGuest": "1",
        "opponentClubId": "440740",
        "opponentScore": "5",
        "opponentTeamId": "501",
        "player_dnf": "0",
        "playerLevel": "207",
        "pNhlOnlineGameType": "5",
        "position": "defenseMen",
        "posSorted": "1",
        "ratingDefense": "75.00",
        "ratingOffense": "100.00",
        "ratingTeamplay": "65.00",
        "score": "6",
        "skassists": "2",
        "skbs": "2",
        "skdeflections": "0",
        "skfol": "0",
        "skfopct": "0.00",
        "skfow": "0",
        "skgiveaways": "8",
        "skgoals": "1",
        "skgwg": "1",
        "skhits": "1",
        "skinterceptions": "7",
        "skpassattempts": "21",
        "skpasses": "17",
        "skpasspct": "80.95",
        "skpenaltiesdrawn": "0",
        "skpim": "0",
        "skpkclearzone": "2",
        "skplusmin": "1",
        "skpossession": "152",
        "skppg": "0",
        "sksaucerpasses": "3",
        "skshg": "0",
        "skshotattempts": "4",
        "skshotonnetpct": "50.00",
        "skshotpct": "50.00",
        "skshots": "2",
        "sktakeaways": "7",
        "teamId": "500",
        "teamSide": "0",
        "toi": "60",
        "toiseconds": "3600",
        "playername": "Itz_Nifty_"
      },
      "1128072336": {
        "class": "21",
        "glbrksavepct": "0.00",
        "glbrksaves": "0",
        "glbrkshots": "0",
        "gldsaves": "0",
        "glga": "5",
        "glgaa": "5.00",
        "glpensavepct": "0.00",
        "glpensaves": "0",
        "glpenshots": "0",
        "glpkclearzone": "0",
        "glpokechecks": "1",
        "glsavepct": "0.64",
        "glsaves": "9",
        "glshots": "14",
        "glsoperiods": "0",
        "isGuest": "0",
        "opponentClubId": "440740",
        "opponentScore": "5",
        "opponentTeamId": "501",
        "player_dnf": "0",
        "playerLevel": "171",
        "pNhlOnlineGameType": "5",
        "position": "goalie",
        "posSorted": "0",
        "ratingDefense": "70.00",
        "ratingOffense": "35.00",
        "ratingTeamplay": "65.00",
        "score": "6",
        "skassists": "0",
        "skbs": "0",
        "skdeflections": "0",
        "skfol": "0",
        "skfopct": "0.00",
        "skfow": "0",
        "skgiveaways": "0",
        "skgoals": "0",
        "skgwg": "0",
        "skhits": "0",
        "skinterceptions": "0",
        "skpassattempts": "0",
        "skpasses": "0",
        "skpasspct": "0.00",
        "skpenaltiesdrawn": "0",
        "skpim": "0",
        "skpkclearzone": "0",
        "skplusmin": "0",
        "skpossession": "0",
        "skppg": "0",
        "sksaucerpasses": "0",
        "skshg": "0",
        "skshotattempts": "0",
        "skshotonnetpct": "0.00",
        "skshotpct": "0.00",
        "skshots": "0",
        "sktakeaways": "0",
        "teamId": "500",
        "teamSide": "0",
        "toi": "60",
        "toiseconds": "3600",
        "playername": "MirrorParty"
      },
      "1903088278": {
        "class": "15",
        "glbrksavepct": "0.00",
        "glbrksaves": "0",
        "glbrkshots": "0",
        "gldsaves": "0",
        "glga": "0",
        "glgaa": "0.00",
        "glpensavepct": "0.00",
        "glpensaves": "0",
        "glpenshots": "0",
        "glpkclearzone": "0",
        "glpokechecks": "0",
        "glsavepct": "0.00",
        "glsaves": "0",
        "glshots": "0",
        "glsoperiods": "0",
        "isGuest": "1",
        "opponentClubId": "440740",
        "opponentScore": "5",
        "opponentTeamId": "501",
        "player_dnf": "1",
        "playerLevel": "202",
        "pNhlOnlineGameType": "5",
        "position": "defenseMen",
        "posSorted": "2",
        "ratingDefense": "60.00",
        "ratingOffense": "85.00",
        "ratingTeamplay": "60.00",
        "score": "6",
        "skassists": "3",
        "skbs": "0",
        "skdeflections": "0",
        "skfol": "0",
        "skfopct": "0.00",
        "skfow": "0",
        "skgiveaways": "14",
        "skgoals": "0",
        "skgwg": "0",
        "skhits": "0",
        "skinterceptions": "3",
        "skpassattempts": "28",
        "skpasses": "17",
        "skpasspct": "60.71",
        "skpenaltiesdrawn": "0",
        "skpim": "0",
        "skpkclearzone": "0",
        "skplusmin": "2",
        "skpossession": "314",
        "skppg": "0",
        "sksaucerpasses": "0",
        "skshg": "0",
        "skshotattempts": "0",
        "skshotonnetpct": "0.00",
        "skshotpct": "0.00",
        "skshots": "0",
        "sktakeaways": "1",
        "teamId": "500",
        "teamSide": "0",
        "toi": "44",
        "toiseconds": "2626",
        "playername": "xHyper-27"
      },
      "1979919589": {
        "class": "2",
        "glbrksavepct": "0.00",
        "glbrksaves": "0",
        "glbrkshots": "0",
        "gldsaves": "0",
        "glga": "0",
        "glgaa": "0.00",
        "glpensavepct": "0.00",
        "glpensaves": "0",
        "glpenshots": "0",
        "glpkclearzone": "0",
        "glpokechecks": "0",
        "glsavepct": "0.00",
        "glsaves": "0",
        "glshots": "0",
        "glsoperiods": "0",
        "isGuest": "1",
        "opponentClubId": "440740",
        "opponentScore": "5",
        "opponentTeamId": "501",
        "player_dnf": "0",
        "playerLevel": "228",
        "pNhlOnlineGameType": "5",
        "position": "rightWing",
        "posSorted": "3",
        "ratingDefense": "50.00",
        "ratingOffense": "90.00",
        "ratingTeamplay": "50.00",
        "score": "6",
        "skassists": "2",
        "skbs": "2",
        "skdeflections": "0",
        "skfol": "0",
        "skfopct": "100.00",
        "skfow": "1",
        "skgiveaways": "3",
        "skgoals": "0",
        "skgwg": "0",
        "skhits": "3",
        "skinterceptions": "4",
        "skpassattempts": "17",
        "skpasses": "13",
        "skpasspct": "76.47",
        "skpenaltiesdrawn": "1",
        "skpim": "2",
        "skpkclearzone": "0",
        "skplusmin": "1",
        "skpossession": "150",
        "skppg": "0",
        "sksaucerpasses": "0",
        "skshg": "0",
        "skshotattempts": "10",
        "skshotonnetpct": "70.00",
        "skshotpct": "0.00",
        "skshots": "7",
        "sktakeaways": "2",
        "teamId": "500",
        "teamSide": "0",
        "toi": "58",
        "toiseconds": "3481",
        "playername": "TheBossNYC"
      },
      "1998787278": {
        "class": "1",
        "glbrksavepct": "0.00",
        "glbrksaves": "0",
        "glbrkshots": "0",
        "gldsaves": "0",
        "glga": "0",
        "glgaa": "0.00",
        "glpensavepct": "0.00",
        "glpensaves": "0",
        "glpenshots": "0",
        "glpkclearzone": "0",
        "glpokechecks": "0",
        "glsavepct": "0.00",
        "glsaves": "0",
        "glshots": "0",
        "glsoperiods": "0",
        "isGuest": "1",
        "opponentClubId": "440740",
        "opponentScore": "5",
        "opponentTeamId": "501",
        "player_dnf": "0",
        "playerLevel": "172",
        "pNhlOnlineGameType": "5",
        "position": "center",
        "posSorted": "5",
        "ratingDefense": "65.00",
        "ratingOffense": "100.00",
        "ratingTeamplay": "70.00",
        "score": "6",
        "skassists": "0",
        "skbs": "0",
        "skdeflections": "0",
        "skfol": "19",
        "skfopct": "40.62",
        "skfow": "13",
        "skgiveaways": "8",
        "skgoals": "2",
        "skgwg": "0",
        "skhits": "3",
        "skinterceptions": "5",
        "skpassattempts": "19",
        "skpasses": "15",
        "skpasspct": "78.95",
        "skpenaltiesdrawn": "0",
        "skpim": "0",
        "skpkclearzone": "0",
        "skplusmin": "1",
        "skpossession": "299",
        "skppg": "0",
        "sksaucerpasses": "0",
        "skshg": "0",
        "skshotattempts": "3",
        "skshotonnetpct": "33.33",
        "skshotpct": "200.00",
        "skshots": "1",
        "sktakeaways": "3",
        "teamId": "500",
        "teamSide": "0",
        "toi": "60",
        "toiseconds": "3600",
        "playername": "Enzoren-"
      }
    },
    "440740": {
      "261807399": {
        "class": "1",
        "glbrksavepct": "0.00",
        "glbrksaves": "0",
        "glbrkshots": "0",
        "gldsaves": "0",
        "glga": "0",
        "glgaa": "0.00",
        "glpensavepct": "0.00",
        "glpensaves": "0",
        "glpenshots": "0",
        "glpkclearzone": "0",
        "glpokechecks": "0",
        "glsavepct": "0.00",
        "glsaves": "0",
        "glshots": "0",
        "glsoperiods": "0",
        "isGuest": "1",
        "opponentClubId": "120212",
        "opponentScore": "6",
        "opponentTeamId": "500",
        "player_dnf": "0",
        "playerLevel": "195",
        "pNhlOnlineGameType": "5",
        "position": "center",
        "posSorted": "5",
        "ratingDefense": "60.00",
        "ratingOffense": "65.00",
        "ratingTeamplay": "95.00",
        "score": "5",
        "skassists": "0",
        "skbs": "0",
        "skdeflections": "0",
        "skfol": "14",
        "skfopct": "57.58",
        "skfow": "19",
        "skgiveaways": "3",
        "skgoals": "0",
        "skgwg": "0",
        "skhits": "4",
        "skinterceptions": "1",
        "skpassattempts": "8",
        "skpasses": "6",
        "skpasspct": "75.00",
        "skpenaltiesdrawn": "1",
        "skpim": "0",
        "skpkclearzone": "0",
        "skplusmin": "-1",
        "skpossession": "59",
        "skppg": "0",
        "sksaucerpasses": "0",
        "skshg": "0",
        "skshotattempts": "1",
        "skshotonnetpct": "100.00",
        "skshotpct": "0.00",
        "skshots": "1",
        "sktakeaways": "1",
        "teamId": "501",
        "teamSide": "1",
        "toi": "60",
        "toiseconds": "3600",
        "playername": "BingBongByron69"
      },
      "655079392": {
        "class": "21",
        "glbrksavepct": "0.00",
        "glbrksaves": "0",
        "glbrkshots": "0",
        "gldsaves": "1",
        "glga": "6",
        "glgaa": "6.00",
        "glpensavepct": "0.00",
        "glpensaves": "0",
        "glpenshots": "0",
        "glpkclearzone": "0",
        "glpokechecks": "0",
        "glsavepct": "0.62",
        "glsaves": "10",
        "glshots": "16",
        "glsoperiods": "0",
        "isGuest": "0",
        "opponentClubId": "120212",
        "opponentScore": "6",
        "opponentTeamId": "500",
        "player_dnf": "0",
        "playerLevel": "30",
        "pNhlOnlineGameType": "5",
        "position": "goalie",
        "posSorted": "0",
        "ratingDefense": "80.00",
        "ratingOffense": "45.00",
        "ratingTeamplay": "40.00",
        "score": "5",
        "skassists": "0",
        "skbs": "0",
        "skdeflections": "0",
        "skfol": "0",
        "skfopct": "0.00",
        "skfow": "0",
        "skgiveaways": "0",
        "skgoals": "0",
        "skgwg": "0",
        "skhits": "0",
        "skinterceptions": "0",
        "skpassattempts": "0",
        "skpasses": "0",
        "skpasspct": "0.00",
        "skpenaltiesdrawn": "0",
        "skpim": "0",
        "skpkclearzone": "0",
        "skplusmin": "0",
        "skpossession": "0",
        "skppg": "0",
        "sksaucerpasses": "0",
        "skshg": "0",
        "skshotattempts": "0",
        "skshotonnetpct": "0.00",
        "skshotpct": "0.00",
        "skshots": "0",
        "sktakeaways": "0",
        "teamId": "501",
        "teamSide": "1",
        "toi": "60",
        "toiseconds": "3600",
        "playername": "SVNickNitro"
      },
      "1135212727": {
        "class": "15",
        "glbrksavepct": "0.00",
        "glbrksaves": "0",
        "glbrkshots": "0",
        "gldsaves": "0",
        "glga": "0",
        "glgaa": "0.00",
        "glpensavepct": "0.00",
        "glpensaves": "0",
        "glpenshots": "0",
        "glpkclearzone": "0",
        "glpokechecks": "0",
        "glsavepct": "0.00",
        "glsaves": "0",
        "glshots": "0",
        "glsoperiods": "0",
        "isGuest": "1",
        "opponentClubId": "120212",
        "opponentScore": "6",
        "opponentTeamId": "500",
        "player_dnf": "0",
        "playerLevel": "162",
        "pNhlOnlineGameType": "5",
        "position": "defenseMen",
        "posSorted": "1",
        "ratingDefense": "70.00",
        "ratingOffense": "95.00",
        "ratingTeamplay": "55.00",
        "score": "5",
        "skassists": "2",
        "skbs": "1",
        "skdeflections": "0",
        "skfol": "0",
        "skfopct": "0.00",
        "skfow": "0",
        "skgiveaways": "6",
        "skgoals": "1",
        "skgwg": "0",
        "skhits": "2",
        "skinterceptions": "2",
        "skpassattempts": "24",
        "skpasses": "21",
        "skpasspct": "87.50",
        "skpenaltiesdrawn": "0",
        "skpim": "2",
        "skpkclearzone": "0",
        "skplusmin": "-1",
        "skpossession": "210",
        "skppg": "0",
        "sksaucerpasses": "2",
        "skshg": "0",
        "skshotattempts": "2",
        "skshotonnetpct": "50.00",
        "skshotpct": "100.00",
        "skshots": "1",
        "sktakeaways": "2",
        "teamId": "501",
        "teamSide": "1",
        "toi": "58",
        "toiseconds": "3480",
        "playername": "Mr_Janack12"
      },
      "1867569276": {
        "class": "15",
        "glbrksavepct": "0.00",
        "glbrksaves": "0",
        "glbrkshots": "0",
        "gldsaves": "0",
        "glga": "0",
        "glgaa": "0.00",
        "glpensavepct": "0.00",
        "glpensaves": "0",
        "glpenshots": "0",
        "glpkclearzone": "0",
        "glpokechecks": "0",
        "glsavepct": "0.00",
        "glsaves": "0",
        "glshots": "0",
        "glsoperiods": "0",
        "isGuest": "1",
        "opponentClubId": "120212",
        "opponentScore": "6",
        "opponentTeamId": "500",
        "player_dnf": "0",
        "playerLevel": "207",
        "pNhlOnlineGameType": "5",
        "position": "defenseMen",
        "posSorted": "2",
        "ratingDefense": "70.00",
        "ratingOffense": "100.00",
        "ratingTeamplay": "60.00",
        "score": "5",
        "skassists": "3",
        "skbs": "2",
        "skdeflections": "0",
        "skfol": "0",
        "skfopct": "0.00",
        "skfow": "0",
        "skgiveaways": "4",
        "skgoals": "1",
        "skgwg": "0",
        "skhits": "0",
        "skinterceptions": "13",
        "skpassattempts": "21",
        "skpasses": "18",
        "skpasspct": "85.71",
        "skpenaltiesdrawn": "0",
        "skpim": "0",
        "skpkclearzone": "0",
        "skplusmin": "-1",
        "skpossession": "146",
        "skppg": "0",
        "sksaucerpasses": "0",
        "skshg": "0",
        "skshotattempts": "4",
        "skshotonnetpct": "75.00",
        "skshotpct": "33.33",
        "skshots": "3",
        "sktakeaways": "9",
        "teamId": "501",
        "teamSide": "1",
        "toi": "60",
        "toiseconds": "3600",
        "playername": "xVerci-"
      },
      "1003797820592": {
        "class": "2",
        "glbrksavepct": "0.00",
        "glbrksaves": "0",
        "glbrkshots": "0",
        "gldsaves": "0",
        "glga": "0",
        "glgaa": "0.00",
        "glpensavepct": "0.00",
        "glpensaves": "0",
        "glpenshots": "0",
        "glpkclearzone": "0",
        "glpokechecks": "0",
        "glsavepct": "0.00",
        "glsaves": "0",
        "glshots": "0",
        "glsoperiods": "0",
        "isGuest": "1",
        "opponentClubId": "120212",
        "opponentScore": "6",
        "opponentTeamId": "500",
        "player_dnf": "0",
        "playerLevel": "299",
        "pNhlOnlineGameType": "5",
        "position": "leftWing",
        "posSorted": "4",
        "ratingDefense": "60.00",
        "ratingOffense": "90.00",
        "ratingTeamplay": "70.00",
        "score": "5",
        "skassists": "2",
        "skbs": "0",
        "skdeflections": "0",
        "skfol": "0",
        "skfopct": "0.00",
        "skfow": "0",
        "skgiveaways": "16",
        "skgoals": "1",
        "skgwg": "0",
        "skhits": "1",
        "skinterceptions": "7",
        "skpassattempts": "23",
        "skpasses": "19",
        "skpasspct": "82.61",
        "skpenaltiesdrawn": "0",
        "skpim": "0",
        "skpkclearzone": "0",
        "skplusmin": "-1",
        "skpossession": "265",
        "skppg": "0",
        "sksaucerpasses": "1",
        "skshg": "0",
        "skshotattempts": "6",
        "skshotonnetpct": "66.67",
        "skshotpct": "25.00",
        "skshots": "4",
        "sktakeaways": "4",
        "teamId": "501",
        "teamSide": "1",
        "toi": "60",
        "toiseconds": "3600",
        "playername": "A-H-O_20-"
      },
      "1004704581653": {
        "class": "15",
        "glbrksavepct": "0.00",
        "glbrksaves": "0",
        "glbrkshots": "0",
        "gldsaves": "0",
        "glga": "0",
        "glgaa": "0.00",
        "glpensavepct": "0.00",
        "glpensaves": "0",
        "glpenshots": "0",
        "glpkclearzone": "0",
        "glpokechecks": "0",
        "glsavepct": "0.00",
        "glsaves": "0",
        "glshots": "0",
        "glsoperiods": "0",
        "isGuest": "1",
        "opponentClubId": "120212",
        "opponentScore": "6",
        "opponentTeamId": "500",
        "player_dnf": "0",
        "playerLevel": "256",
        "pNhlOnlineGameType": "5",
        "position": "rightWing",
        "posSorted": "3",
        "ratingDefense": "85.00",
        "ratingOffense": "100.00",
        "ratingTeamplay": "65.00",
        "score": "5",
        "skassists": "1",
        "skbs": "0",
        "skdeflections": "0",
        "skfol": "0",
        "skfopct": "0.00",
        "skfow": "0",
        "skgiveaways": "6",
        "skgoals": "2",
        "skgwg": "0",
        "skhits": "0",
        "skinterceptions": "3",
        "skpassattempts": "14",
        "skpasses": "10",
        "skpasspct": "71.43",
        "skpenaltiesdrawn": "1",
        "skpim": "0",
        "skpkclearzone": "1",
        "skplusmin": "-1",
        "skpossession": "192",
        "skppg": "0",
        "sksaucerpasses": "0",
        "skshg": "0",
        "skshotattempts": "5",
        "skshotonnetpct": "80.00",
        "skshotpct": "50.00",
        "skshots": "4",
        "sktakeaways": "3",
        "teamId": "501",
        "teamSide": "1",
        "toi": "60",
        "toiseconds": "3600",
        "playername": "xBxllxgxrde-"
      }
    }
  },
  "aggregate": {
    "120212": {
      "class": 56,
      "glbrksavepct": 0,
      "glbrksaves": 0,
      "glbrkshots": 0,
      "gldsaves": 0,
      "glga": 5,
      "glgaa": 5,
      "glpensavepct": 0,
      "glpensaves": 0,
      "glpenshots": 0,
      "glpkclearzone": 0,
      "glpokechecks": 1,
      "glsavepct": 0.64,
      "glsaves": 9,
      "glshots": 14,
      "glsoperiods": 0,
      "isGuest": 5,
      "opponentClubId": 2644440,
      "opponentScore": 30,
      "opponentTeamId": 3006,
      "player_dnf": 1,
      "playerLevel": 1184,
      "pNhlOnlineGameType": 30,
      "position": 0,
      "posSorted": 15,
      "ratingDefense": 370,
      "ratingOffense": 510,
      "ratingTeamplay": 350,
      "score": 36,
      "skassists": 8,
      "skbs": 5,
      "skdeflections": 0,
      "skfol": 19,
      "skfopct": 140.62,
      "skfow": 14,
      "skgiveaways": 43,
      "skgoals": 6,
      "skgwg": 1,
      "skhits": 7,
      "skinterceptions": 20,
      "skpassattempts": 108,
      "skpasses": 79,
      "skpasspct": 370.99,
      "skpenaltiesdrawn": 1,
      "skpim": 4,
      "skpkclearzone": 2,
      "skplusmin": 6,
      "skpossession": 1121,
      "skppg": 0,
      "sksaucerpasses": 4,
      "skshg": 0,
      "skshotattempts": 22,
      "skshotonnetpct": 213.33,
      "skshotpct": 350,
      "skshots": 13,
      "sktakeaways": 14,
      "teamId": 3000,
      "teamSide": 0,
      "toi": 340,
      "toiseconds": 20387
    },
    "440740": {
      "class": 69,
      "glbrksavepct": 0,
      "glbrksaves": 0,
      "glbrkshots": 0,
      "gldsaves": 1,
      "glga": 6,
      "glgaa": 6,
      "glpensavepct": 0,
      "glpensaves": 0,
      "glpenshots": 0,
      "glpkclearzone": 0,
      "glpokechecks": 0,
      "glsavepct": 0.62,
      "glsaves": 10,
      "glshots": 16,
      "glsoperiods": 0,
      "isGuest": 5,
      "opponentClubId": 721272,
      "opponentScore": 36,
      "opponentTeamId": 3000,
      "player_dnf": 0,
      "playerLevel": 1149,
      "pNhlOnlineGameType": 30,
      "position": 0,
      "posSorted": 15,
      "ratingDefense": 425,
      "ratingOffense": 495,
      "ratingTeamplay": 385,
      "score": 30,
      "skassists": 8,
      "skbs": 3,
      "skdeflections": 0,
      "skfol": 14,
      "skfopct": 57.58,
      "skfow": 19,
      "skgiveaways": 35,
      "skgoals": 5,
      "skgwg": 0,
      "skhits": 7,
      "skinterceptions": 26,
      "skpassattempts": 90,
      "skpasses": 74,
      "skpasspct": 402.25,
      "skpenaltiesdrawn": 2,
      "skpim": 2,
      "skpkclearzone": 1,
      "skplusmin": -5,
      "skpossession": 872,
      "skppg": 0,
      "sksaucerpasses": 3,
      "skshg": 0,
      "skshotattempts": 18,
      "skshotonnetpct": 371.67,
      "skshotpct": 208.33,
      "skshots": 13,
      "sktakeaways": 19,
      "teamId": 3006,
      "teamSide": 6,
      "toi": 358,
      "toiseconds": 21480
    }
  }
}