{
  "matchId": "6726716560166",
  "timestamp": 1663722565,
  "timeAgo": {
    "number": 2,
    "unit": "days"
  },
  "clubs": {
    "416581": {
      "clubDivision": "5",
      "cNhlOnlineGameType": "5",
      "garaw": "2",
      "gfraw": "1",
      "losses": "0",
      "memberString": "6 / 6",
      "opponentClubId": "450721",
      "opponentScore": "2",
      "opponentTeamArtAbbr": "EASHL",
      "passa": "104",
      "passc": "75",
      "ppg": "0",
      "ppo": "0",
      "result": "6",
      "score": "1",
      "scoreString": "1 - 2",
      "shots": "12",
      "teamArtAbbr": "DROP",
      "teamSide": "1",
      "toa": "559",
      "winnerByDnf": "0",
      "winnerByGoalieDnf": "0",
      "details": null,
      "goals": "1",
      "goalsAgainst": "2"
    },
    "450721": {
      "clubDivision": "3",
      "cNhlOnlineGameType": "5",
      "garaw": "1",
      "gfraw": "2",
      "losses": "0",
      "memberString": "6 / 6",
      "opponentClubId": "416581",
      "opponentScore": "1",
      "opponentTeamArtAbbr": "DROP",
      "passa": "102",
      "passc": "70",
      "ppg": "0",
      "ppo": "3",
      "result": "5",
      "score": "2",
      "scoreString": "2 - 1",
      "shots": "17",
      "teamArtAbbr": "EASHL",
      "teamSide": "0",
      "toa": "303",
      "winnerByDnf": "0",
      "winnerByGoalieDnf": "0",
      "details": {
        "name": "M6 Troublemakers",
        "clubId": 450721,
        "regionId": 5,
        "teamId": 5137,
        "customKit": {
          "isCustomTeam": "1",
          "crestAssetId": "242",
          "useBaseAsset": "1"
        }
      },
      "goals": "2",
      "goalsAgainst": "1"
    }
  },
  "players": {
    "416581": {
      "187754842": {
        "class": "11",
        "glbrksavepct": "0.00",
        "glbrksaves": "0",
        "glbrkshots": "0",
        "gldsaves": "0",
        "glga": "0",
        "glgaa": "0.00",
        "glpensavepct": "0.00",
        "glpensaves": "0",
        "glpenshots": "0",
        "glpkclearzone": "0",
        "glpokechecks": "0",
        "glsavepct": "0.00",
        "glsaves": "0",
        "glshots": "0",
        "glsoperiods": "0",
        "isGuest": "1",
        "opponentClubId": "450721",
        "opponentScore": "2",
        "opponentTeamId": "500",
        "player_dnf": "0",
        "playerLevel": "133",
        "pNhlOnlineGameType": "5",
        "position": "defenseMen",
        "posSorted": "2",
        "ratingDefense": "90.00",
        "ratingOffense": "60.00",
        "ratingTeamplay": "65.00",
        "score": "1",
        "skassists": "0",
        "skbs": "2",
        "skdeflections": "0",
        "skfol": "0",
        "skfopct": "0.00",
        "skfow": "0",
        "skgiveaways": "7",
        "skgoals": "0",
        "skgwg": "0",
        "skhits": "1",
        "skinterceptions": "5",
        "skpassattempts": "16",
        "skpasses": "11",
        "skpasspct": "68.75",
        "skpenaltiesdrawn": "0",
        "skpim": "0",
        "skpkclearzone": "1",
        "skplusmin": "-1",
        "skpossession": "107",
        "skppg": "0",
        "sksaucerpasses": "0",
        "skshg": "0",
        "skshotattempts": "0",
        "skshotonnetpct": "0.00",
        "skshotpct": "0.00",
        "skshots": "0",
        "sktakeaways": "1",
        "teamId": "501",
        "teamSide": "1",
        "toi": "79",
        "toiseconds": "4733",
        "playername": "D_is_key"
      },
      "665487349": {
        "class": "21",
        "glbrksavepct": "0.00",
        "glbrksaves": "0",
        "glbrkshots": "0",
        "gldsaves": "1",
        "glga": "2",
        "glgaa": "1.52",
        "glpensavepct": "0.00",
        "glpensaves": "0",
        "glpenshots": "0",
        "glpkclearzone": "0",
        "glpokechecks": "0",
        "glsavepct": "0.88",
        "glsaves": "15",
        "glshots": "17",
        "glsoperiods": "0",
        "isGuest": "1",
        "opponentClubId": "450721",
        "opponentScore": "2",
        "opponentTeamId": "500",
        "player_dnf": "0",
        "playerLevel": "142",
        "pNhlOnlineGameType": "5",
        "position": "goalie",
        "posSorted": "0",
        "ratingDefense": "75.00",
        "ratingOffense": "65.00",
        "ratingTeamplay": "50.00",
        "score": "1",
        "skassists": "0",
        "skbs": "0",
        "skdeflections": "0",
        "skfol": "0",
        "skfopct": "0.00",
        "skfow": "0",
        "skgiveaways": "0",
        "skgoals": "0",
        "skgwg": "0",
        "skhits": "0",
        "skinterceptions": "0",
        "skpassattempts": "0",
        "skpasses": "0",
        "skpasspct": "0.00",
        "skpenaltiesdrawn": "0",
        "skpim": "0",
        "skpkclearzone": "0",
        "skplusmin": "0",
        "skpossession": "0",
        "skppg": "0",
        "sksaucerpasses": "0",
        "skshg": "0",
        "skshotattempts": "0",
        "skshotonnetpct": "0.00",
        "skshotpct": "0.00",
        "skshots": "0",
        "sktakeaways": "0",
        "teamId": "501",
        "teamSide": "1",
        "toi": "79",
        "toiseconds": "4733",
        "playername": "MrBlondeMedia"
      },
      "1021379901": {
        "class": "1",
        "glbrksavepct": "0.00",
        "glbrksaves": "0",
        "glbrkshots": "0",
        "gldsaves": "0",
        "glga": "0",
        "glgaa": "0.00",
        "glpensavepct": "0.00",
        "glpensaves": "0",
        "glpenshots": "0",
        "glpkclearzone": "0",
        "glpokechecks": "0",
        "glsavepct": "0.00",
        "glsaves": "0",
        "glshots": "0",
        "glsoperiods": "0",
        "isGuest": "0",
        "opponentClubId": "450721",
        "opponentScore": "2",
        "opponentTeamId": "500",
        "player_dnf": "0",
        "playerLevel": "194",
        "pNhlOnlineGameType": "5",
        "position": "center",
        "posSorted": "5",
        "ratingDefense": "95.00",
        "ratingOffense": "95.00",
        "ratingTeamplay": "65.00",
        "score": "1",
        "skassists": "0",
        "skbs": "1",
        "skdeflections": "0",
        "skfol": "13",
        "skfopct": "45.83",
        "skfow": "11",
        "skgiveaways": "8",
        "skgoals": "1",
        "skgwg": "0",
        "skhits": "3",
        "skinterceptions": "13",
        "skpassattempts": "20",
        "skpasses": "18",
        "skpasspct": "90.00",
        "skpenaltiesdrawn": "0",
        "skpim": "0",
        "skpkclearzone": "1",
        "skplusmin": "-1",
        "skpossession": "323",
        "skppg": "0",
        "sksaucerpasses": "1",
        "skshg": "1",
        "skshotattempts": "11",
        "skshotonnetpct": "54.55",
        "skshotpct": "16.67",
        "skshots": "6",
        "sktakeaways": "6",
        "teamId": "501",
        "teamSide": "1",
        "toi": "79",
        "toiseconds": "4733",
        "playername": "Ryy2Flyy-"
      },
      "1705605309": {
        "class": "15",
        "glbrksavepct": "0.00",
        "glbrksaves": "0",
        "glbrkshots": "0",
        "gldsaves": "0",
        "glga": "0",
        "glgaa": "0.00",
        "glpensavepct": "0.00",
        "glpensaves": "0",
        "glpenshots": "0",
        "glpkclearzone": "0",
        "glpokechecks": "0",
        "glsavepct": "0.00",
        "glsaves": "0",
        "glshots": "0",
        "glsoperiods": "0",
        "isGuest": "0",
        "opponentClubId": "450721",
        "opponentScore": "2",
        "opponentTeamId": "500",
        "player_dnf": "0",
        "playerLevel": "190",
        "pNhlOnlineGameType": "5",
        "position": "leftWing",
        "posSorted": "4",
        "ratingDefense": "70.00",
        "ratingOffense": "60.00",
        "ratingTeamplay": "55.00",
        "score": "1",
        "skassists": "0",
        "skbs": "0",
        "skdeflections": "0",
        "skfol": "0",
        "skfopct": "0.00",
        "skfow": "0",
        "skgiveaways": "10",
        "skgoals": "0",
        "skgwg": "0",
        "skhits": "0",
        "skinterceptions": "3",
        "skpassattempts": "21",
        "skpasses": "14",
        "skpasspct": "66.67",
        "skpenaltiesdrawn": "0",
        "skpim": "2",
        "skpkclearzone": "0",
        "skplusmin": "-2",
        "skpossession": "216",
        "skppg": "0",
        "sksaucerpasses": "1",
        "skshg": "0",
        "skshotattempts": "4",
        "skshotonnetpct": "75.00",
        "skshotpct": "0.00",
        "skshots": "3",
        "sktakeaways": "3",
        "teamId": "501",
        "teamSide": "1",
        "toi": "77",
        "toiseconds": "4614",
        "playername": "Bxrtzyy-_-"
      },
      "1752079379": {
        "class": "15",
        "glbrksavepct": "0.00",
        "glbrksaves": "0",
        "glbrkshots": "0",
        "gldsaves": "0",
        "glga": "0",
        "glgaa": "0.00",
        "glpensavepct": "0.00",
        "glpensaves": "0",
        "glpenshots": "0",
        "glpkclearzone": "0",
        "glpokechecks": "0",
        "glsavepct": "0.00",
        "glsaves": "0",
        "glshots": "0",
        "glsoperiods": "0",
        "isGuest": "1",
        "opponentClubId": "450721",
        "opponentScore": "2",
        "opponentTeamId": "500",
        "player_dnf": "0",
        "playerLevel": "91",
        "pNhlOnlineGameType": "5",
        "position": "defenseMen",
        "posSorted": "1",
        "ratingDefense": "95.00",
        "ratingOffense": "65.00",
        "ratingTeamplay": "65.00",
        "score": "1",
        "skassists": "1",
        "skbs": "0",
        "skdeflections": "0",
        "skfol": "0",
        "skfopct": "0.00",
        "skfow": "0",
        "skgiveaways": "12",
        "skgoals": "0",
        "skgwg": "0",
        "skhits": "4",
        "skinterceptions": "12",
        "skpassattempts": "24",
        "skpasses": "15",
        "skpasspct": "62.50",
        "skpenaltiesdrawn": "0",
        "skpim": "0",
        "skpkclearzone": "3",
        "skplusmin": "-1",
        "skpossession": "497",
        "skppg": "0",
        "sksaucerpasses": "3",
        "skshg": "0",
        "skshotattempts": "6",
        "skshotonnetpct": "33.33",
        "skshotpct": "0.00",
        "skshots": "2",
        "sktakeaways": "6",
        "teamId": "501",
        "teamSide": "1",
        "toi": "79",
        "toiseconds": "4733",
        "playername": "iamsmokxy-_-"
      },
      "1780423381": {
        "class": "6",
        "glbrksavepct": "0.00",
        "glbrksaves": "0",
        "glbrkshots": "0",
        "gldsaves": "0",
        "glga": "0",
        "glgaa": "0.00",
        "glpensavepct": "0.00",
        "glpensaves": "0",
        "glpenshots": "0",
        "glpkclearzone": "0",
        "glpokechecks": "0",
        "glsavepct": "0.00",
        "glsaves": "0",
        "glshots": "0",
        "glsoperiods": "0",
        "isGuest": "1",
        "opponentClubId": "450721",
        "opponentScore": "2",
        "opponentTeamId": "500",
        "player_dnf": "0",
        "playerLevel": "299",
        "pNhlOnlineGameType": "5",
        "position": "rightWing",
        "posSorted": "3",
        "ratingDefense": "65.00",
        "ratingOffense": "60.00",
        "ratingTeamplay": "30.00",
        "score": "1",
        "skassists": "0",
        "skbs": "0",
        "skdeflections": "0",
        "skfol": "0",
        "skfopct": "0.00",
        "skfow": "0",
        "skgiveaways": "12",
        "skgoals": "0",
        "skgwg": "0",
        "skhits": "0",
        "skinterceptions": "1",
        "skpassattempts": "19",
        "skpasses": "14",
        "skpasspct": "73.68",
        "skpenaltiesdrawn": "0",
        "skpim": "4",
        "skpkclearzone": "0",
        "skplusmin": "-2",
        "skpossession": "266",
        "skppg": "0",
        "sksaucerpasses": "1",
        "skshg": "0",
        "skshotattempts": "5",
        "skshotonnetpct": "20.00",
        "skshotpct": "0.00",
        "skshots": "1",
        "sktakeaways": "1",
        "teamId": "501",
        "teamSide": "1",
        "toi": "75",
        "toiseconds": "4494",
        "playername": "xDynamicEntryx"
      }
    },
    "450721": {
      "244124053": {
        "class": "4",
        "glbrksavepct": "0.00",
        "glbrksaves": "0",
        "glbrkshots": "0",
        "gldsaves": "0",
        "glga": "0",
        "glgaa": "0.00",
        "glpensavepct": "0.00",
        "glpensaves": "0",
        "glpenshots": "0",
        "glpkclearzone": "0",
        "glpokechecks": "0",
        "glsavepct": "0.00",
        "glsaves": "0",
        "glshots": "0",
        "glsoperiods": "0",
        "isGuest": "1",
        "opponentClubId": "416581",
        "opponentScore": "1",
        "opponentTeamId": "501",
        "player_dnf": "0",
        "playerLevel": "155",
        "pNhlOnlineGameType": "5",
        "position": "center",
        "posSorted": "5",
        "ratingDefense": "85.00",
        "ratingOffense": "60.00",
        "ratingTeamplay": "80.00",
        "score": "2",
        "skassists": "0",
        "skbs": "1",
        "skdeflections": "0",
        "skfol": "11",
        "skfopct": "54.17",
        "skfow": "13",
        "skgiveaways": "4",
        "skgoals": "0",
        "skgwg": "0",
        "skhits": "8",
        "skinterceptions": "5",
        "skpassattempts": "18",
        "skpasses": "13",
        "skpasspct": "72.22",
        "skpenaltiesdrawn": "0",
        "skpim": "0",
        "skpkclearzone": "0",
        "skplusmin": "1",
        "skpossession": "214",
        "skppg": "0",
        "sksaucerpasses": "0",
        "skshg": "0",
        "skshotattempts": "4",
        "skshotonnetpct": "75.00",
        "skshotpct": "0.00",
        "skshots": "3",
        "sktakeaways": "2",
        "teamId": "500",
        "teamSide": "0",
        "toi": "79",
        "toiseconds": "4733",
        "playername": "s-zeze-"
      },
      "386774169": {
        "class": "2",
        "glbrksavepct": "0.00",
        "glbrksaves": "0",
        "glbrkshots": "0",
        "gldsaves": "0",
        "glga": "0",
        "glgaa": "0.00",
        "glpensavepct": "0.00",
        "glpensaves": "0",
        "glpenshots": "0",
        "glpkclearzone": "0",
        "glpokechecks": "0",
        "glsavepct": "0.00",
        "glsaves": "0",
        "glshots": "0",
        "glsoperiods": "0",
        "isGuest": "1",
        "opponentClubId": "416581",
        "opponentScore": "1",
        "opponentTeamId": "501",
        "player_dnf": "0",
        "playerLevel": "226",
        "pNhlOnlineGameType": "5",
        "position": "leftWing",
        "posSorted": "4",
        "ratingDefense": "95.00",
        "ratingOffense": "95.00",
        "ratingTeamplay": "50.00",
        "score": "2",
        "skassists": "0",
        "skbs": "0",
        "skdeflections": "0",
        "skfol": "0",
        "skfopct": "0.00",
        "skfow": "0",
        "skgiveaways": "10",
        "skgoals": "2",
        "skgwg": "1",
        "skhits": "3",
        "skinterceptions": "12",
        "skpassattempts": "19",
        "skpasses": "14",
        "skpasspct": "73.68",
        "skpenaltiesdrawn": "0",
        "skpim": "0",
        "skpkclearzone": "0",
        "skplusmin": "1",
        "skpossession": "278",
        "skppg": "0",
        "sksaucerpasses": "1",
        "skshg": "0",
        "skshotattempts": "6",
        "skshotonnetpct": "83.33",
        "skshotpct": "40.00",
        "skshots": "5",
        "sktakeaways": "8",
        "teamId": "500",
        "teamSide": "0",
        "toi": "79",
        "toiseconds": "4733",
        "playername": "HogIandov"
      },
      "1019650373": {
        "class": "15",
        "glbrksavepct": "0.00",
        "glbrksaves": "0",
        "glbrkshots": "0",
        "gldsaves": "0",
        "glga": "0",
        "glgaa": "0.00",
        "glpensavepct": "0.00",
        "glpensaves": "0",
        "glpenshots": "0",
        "glpkclearzone": "0",
        "glpokechecks": "0",
        "glsavepct": "0.00",
        "glsaves": "0",
        "glshots": "0",
        "glsoperiods": "0",
        "isGuest": "1",
        "opponentClubId": "416581",
        "opponentScore": "1",
        "opponentTeamId": "501",
        "player_dnf": "0",
        "playerLevel": "102",
        "pNhlOnlineGameType": "5",
        "position": "defenseMen",
        "posSorted": "1",
        "ratingDefense": "100.00",
        "ratingOffense": "70.00",
        "ratingTeamplay": "65.00",
        "score": "2",
        "skassists": "1",
        "skbs": "4",
        "skdeflections": "0",
        "skfol": "0",
        "skfopct": "0.00",
        "skfow": "0",
        "skgiveaways": "10",
        "skgoals": "0",
        "skgwg": "0",
        "skhits": "2",
        "skinterceptions": "5",
        "skpassattempts": "17",
        "skpasses": "14",
        "skpasspct": "82.35",
        "skpenaltiesdrawn": "0",
        "skpim": "0",
        "skpkclearzone": "0",
        "skplusmin": "1",
        "skpossession": "208",
        "skppg": "0",
        "sksaucerpasses": "0",
        "skshg": "0",
        "skshotattempts": "1",
        "skshotonnetpct": "100.00",
        "skshotpct": "0.00",
        "skshots": "1",
        "sktakeaways": "3",
        "teamId": "500",
        "teamSide": "0",
        "toi": "79",
        "toiseconds": "4733",
        "playername": "NYfrijoles"
      },
      "1133854144": {
        "class": "6",
        "glbrksavepct": "0.00",
        "glbrksaves": "0",
        "glbrkshots": "0",
        "gldsaves": "0",
        "glga": "0",
        "glgaa": "0.00",
        "glpensavepct": "0.00",
        "glpensaves": "0",
        "glpenshots": "0",
        "glpkclearzone": "0",
        "glpokechecks": "0",
        "glsavepct": "0.00",
        "glsaves": "0",
        "glshots": "0",
        "glsoperiods": "0",
        "isGuest": "1",
        "opponentClubId": "416581",
        "opponentScore": "1",
        "opponentTeamId": "501",
        "player_dnf": "0",
        "playerLevel": "237",
        "pNhlOnlineGameType": "5",
        "position": "rightWing",
        "posSorted": "3",
        "ratingDefense": "80.00",
        "ratingOffense": "65.00",
        "ratingTeamplay": "40.00",
        "score": "2",
        "skassists": "1",
        "skbs": "0",
        "skdeflections": "0",
        "skfol": "0",
        "skfopct": "0.00",
        "skfow": "0",
        "skgiveaways": "16",
        "skgoals": "0",
        "skgwg": "0",
        "skhits": "0",
        "skinterceptions": "2",
        "skpassattempts": "20",
        "skpasses": "9",
        "skpasspct": "45.00",
        "skpenaltiesdrawn": "0",
        "skpim": "0",
        "skpkclearzone": "0",
        "skplusmin": "1",
        "skpossession": "249",
        "skppg": "0",
        "sksaucerpasses": "1",
        "skshg": "0",
        "skshotattempts": "5",
        "skshotonnetpct": "80.00",
        "skshotpct": "0.00",
        "skshots": "4",
        "sktakeaways": "2",
        "teamId": "500",
        "teamSide": "0",
        "toi": "79",
        "toiseconds": "4733",
        "playername": "Corbechkin"
      },
      "1915869717": {
        "class": "15",
        "glbrksavepct": "0.00",
        "glbrksaves": "0",
        "glbrkshots": "0",
        "gldsaves": "0",
        "glga": "0",
        "glgaa": "0.00",
        "glpensavepct": "0.00",
        "glpensaves": "0",
        "glpenshots": "0",
        "glpkclearzone": "0",
        "glpokechecks": "0",
        "glsavepct": "0.00",
        "glsaves": "0",
        "glshots": "0",
        "glsoperiods": "0",
        "isGuest": "0",
        "opponentClubId": "416581",
        "opponentScore": "1",
        "opponentTeamId": "501",
        "player_dnf": "0",
        "playerLevel": "168",
        "pNhlOnlineGameType": "5",
        "position": "defenseMen",
        "posSorted": "2",
        "ratingDefense": "100.00",
        "ratingOffense": "75.00",
        "ratingTeamplay": "50.00",
        "score": "2",
        "skassists": "1",
        "skbs": "2",
        "skdeflections": "0",
        "skfol": "0",
        "skfopct": "0.00",
        "skfow": "0",
        "skgiveaways": "11",
        "skgoals": "0",
        "skgwg": "0",
        "skhits": "0",
        "skinterceptions": "5",
        "skpassattempts": "25",
        "skpasses": "17",
        "skpasspct": "68.00",
        "skpenaltiesdrawn": "1",
        "skpim": "0",
        "skpkclearzone": "0",
        "skplusmin": "1",
        "skpossession": "226",
        "skppg": "0",
        "sksaucerpasses": "0",
        "skshg": "0",
        "skshotattempts": "4",
        "skshotonnetpct": "75.00",
        "skshotpct": "0.00",
        "skshots": "3",
        "sktakeaways": "5",
        "teamId": "500",
        "teamSide": "0",
        "toi": "79",
        "toiseconds": "4733",
        "playername": "Tchuky-7-"
      },
      "1926645693": {
        "class": "21",
        "glbrksavepct": "0.00",
        "glbrksaves": "0",
        "glbrkshots": "0",
        "gldsaves": "0",
        "glga": "1",
        "glgaa": "0.76",
        "glpensavepct": "0.00",
        "glpensaves": "0",
        "glpenshots": "0",
        "glpkclearzone": "0",
        "glpokechecks": "0",
        "glsavepct": "0.92",
        "glsaves": "11",
        "glshots": "12",
        "glsoperiods": "0",
        "isGuest": "0",
        "opponentClubId": "416581",
        "opponentScore": "1",
        "opponentTeamId": "501",
        "player_dnf": "0",
        "playerLevel": "139",
        "pNhlOnlineGameType": "5",
        "position": "goalie",
        "posSorted": "0",
        "ratingDefense": "85.00",
        "ratingOffense": "70.00",
        "ratingTeamplay": "65.00",
        "score": "2",
        "skassists": "0",
        "skbs": "0",
        "skdeflections": "0",
        "skfol": "0",
        "skfopct": "0.00",
        "skfow": "0",
        "skgiveaways": "0",
        "skgoals": "0",
        "skgwg": "0",
        "skhits": "0",
        "skinterceptions": "0",
        "skpassattempts": "0",
        "skpasses": "0",
        "skpasspct": "0.00",
        "skpenaltiesdrawn": "0",
        "skpim": "0",
        "skpkclearzone": "0",
        "skplusmin": "0",
        "skpossession": "0",
        "skppg": "0",
        "sksaucerpasses": "0",
        "skshg": "0",
        "skshotattempts": "0",
        "skshotonnetpct": "0.00",
        "skshotpct": "0.00",
        "skshots": "0",
        "sktakeaways": "0",
        "teamId": "500",
        "teamSide": "0",
        "toi": "79",
        "toiseconds": "4733",
        "playername": "Rabb1tx14"
      }
    }
  },
  "aggregate": {
    "416581": {
      "class": 69,
      "glbrksavepct": 0,
      "glbrksaves": 0,
      "glbrkshots": 0,
      "gldsaves": 1,
      "glga": 2,
      "glgaa": 1.52,
      "glpensavepct": 0,
      "glpensaves": 0,
      "glpenshots": 0,
      "glpkclearzone": 0,
      "glpokechecks": 0,
      "glsavepct": 0.88,
      "glsaves": 15,
      "glshots": 17,
      "glsoperiods": 0,
      "isGuest": 4,
      "opponentClubId": 2704326,
      "opponentScore": 12,
      "opponentTeamId": 3000,
      "player_dnf": 0,
      "playerLevel": 1049,
      "pNhlOnlineGameType": 30,
      "position": 0,
      "posSorted": 15,
      "ratingDefense": 490,
      "ratingOffense": 405,
      "ratingTeamplay": 330,
      "score": 6,
      "skassists": 1,
      "skbs": 3,
      "skdeflections": 0,
      "skfol": 13,
      "skfopct": 45.83,
      "skfow": 11,
      "skgiveaways": 49,
      "skgoals": 1,
      "skgwg": 0,
      "skhits": 8,
      "skinterceptions": 34,
      "skpassattempts": 100,
      "skpasses": 72,
      "skpasspct": 361.6,
      "skpenaltiesdrawn": 0,
      "skpim": 6,
      "skpkclearzone": 5,
      "skplusmin": -7,
      "skpossession": 1409,
      "skppg": 0,
      "sksaucerpasses": 6,
      "skshg": 1,
      "skshotattempts": 26,
      "skshotonnetpct": 182.88,
      "skshotpct": 16.67,
      "skshots": 12,
      "sktakeaways": 17,
      "teamId": 3006,
      "teamSide": 6,
      "toi": 468,
      "toiseconds": 28040
    },
    "450721": {
      "class": 63,
      "glbrksavepct": 0,
      "glbrksaves": 0,
      "glbrkshots": 0,
      "gldsaves": 0,
      "glga": 1,
      "glgaa": 0.76,
      "glpensavepct": 0,
      "glpensaves": 0,
      "glpenshots": 0,
      "glpkclearzone": 0,
      "glpokechecks": 0,
      "glsavepct": 0.92,
      "glsaves": 11,
      "glshots": 12,
      "glsoperiods": 0,
      "isGuest": 4,
      "opponentClubId": 2499486,
      "opponentScore": 6,
      "opponentTeamId": 3006,
      "player_dnf": 0,
      "playerLevel": 1027,
      "pNhlOnlineGameType": 30,
      "position": 0,
      "posSorted": 15,
      "ratingDefense": 545,
      "ratingOffense": 435,
      "ratingTeamplay": 350,
      "score": 12,
      "skassists": 3,
      "skbs": 7,
      "skdeflections": 0,
      "skfol": 11,
      "skfopct": 54.17,
      "skfow": 13,
      "skgiveaways": 51,
      "skgoals": 2,
      "skgwg": 1,
      "skhits": 13,
      "skinterceptions": 29,
      "skpassattempts": 99,
      "skpasses": 67,
      "skpasspct": 341.25,
      "skpenaltiesdrawn": 1,
      "skpim": 0,
      "skpkclearzone": 0,
      "skplusmin": 5,
      "skpossession": 1175,
      "skppg": 0,
      "sksaucerpasses": 2,
      "skshg": 0,
      "skshotattempts": 20,
      "skshotonnetpct": 413.33,
      "skshotpct": 40,
      "skshots": 16,
      "sktakeaways": 20,
      "teamId": 3000,
      "teamSide": 0,
      "toi": 474,
      "toiseconds": 28398
    }
  }
}