{
  "matchId": "6730037560258",
  "timestamp": 1663725147,
  "timeAgo": {
    "number": 2,
    "unit": "days"
  },
  "clubs": {
    "416581": {
      "clubDivision": "5",
      "cNhlOnlineGameType": "5",
      "garaw": "3",
      "gfraw": "1",
      "losses": "1",
      "memberString": "6 / 6",
      "opponentClubId": "450721",
      "opponentScore": "3",
      "opponentTeamArtAbbr": "EASHL",
      "passa": "69",
      "passc": "46",
      "ppg": "0",
      "ppo": "2",
      "result": "2",
      "score": "1",
      "scoreString": "1 - 3",
      "shots": "9",
      "teamArtAbbr": "DROP",
      "teamSide": "1",
      "toa": "386",
      "winnerByDnf": "0",
      "winnerByGoalieDnf": "0",
      "details": null,
      "goals": "1",
      "goalsAgainst": "3"
    },
    "450721": {
      "clubDivision": "3",
      "cNhlOnlineGameType": "5",
      "garaw": "1",
      "gfraw": "3",
      "losses": "0",
      "memberString": "6 / 6",
      "opponentClubId": "416581",
      "opponentScore": "1",
      "opponentTeamArtAbbr": "DROP",
      "passa": "106",
      "passc": "77",
      "ppg": "1",
      "ppo": "5",
      "result": "1",
      "score": "3",
      "scoreString": "3 - 1",
      "shots": "13",
      "teamArtAbbr": "EASHL",
      "teamSide": "0",
      "toa": "258",
      "winnerByDnf": "0",
      "winnerByGoalieDnf": "0",
      "details": {
        "name": "M6 Troublemakers",
        "clubId": 450721,
        "regionId": 5,
        "teamId": 5137,
        "customKit": {
          "isCustomTeam": "1",
          "crestAssetId": "242",
          "useBaseAsset": "1"
        }
      },
      "goals": "3",
      "goalsAgainst": "1"
    }
  },
  "players": {
    "416581": {
      "182377262": {
        "class": "11",
        "glbrksavepct": "0.00",
        "glbrksaves": "0",
        "glbrkshots": "0",
        "gldsaves": "0",
        "glga": "0",
        "glgaa": "0.00",
        "glpensavepct": "0.00",
        "glpensaves": "0",
        "glpenshots": "0",
        "glpkclearzone": "0",
        "glpokechecks": "0",
        "glsavepct": "0.00",
        "glsaves": "0",
        "glshots": "0",
        "glsoperiods": "0",
        "isGuest": "1",
        "opponentClubId": "450721",
        "opponentScore": "3",
        "opponentTeamId": "500",
        "player_dnf": "0",
        "playerLevel": "290",
        "pNhlOnlineGameType": "5",
        "position": "defenseMen",
        "posSorted": "1",
        "ratingDefense": "65.00",
        "ratingOffense": "70.00",
        "ratingTeamplay": "80.00",
        "score": "1",
        "skassists": "1",
        "skbs": "1",
        "skdeflections": "0",
        "skfol": "0",
        "skfopct": "0.00",
        "skfow": "0",
        "skgiveaways": "8",
        "skgoals": "0",
        "skgwg": "0",
        "skhits": "6",
        "skinterceptions": "8",
        "skpassattempts": "16",
        "skpasses": "13",
        "skpasspct": "81.25",
        "skpenaltiesdrawn": "0",
        "skpim": "0",
        "skpkclearzone": "2",
        "skplusmin": "-1",
        "skpossession": "209",
        "skppg": "0",
        "sksaucerpasses": "0",
        "skshg": "0",
        "skshotattempts": "3",
        "skshotonnetpct": "66.67",
        "skshotpct": "0.00",
        "skshots": "2",
        "sktakeaways": "2",
        "teamId": "501",
        "teamSide": "1",
        "toi": "60",
        "toiseconds": "3600",
        "playername": "BigPapaPumpkin"
      },
      "665487349": {
        "class": "21",
        "glbrksavepct": "0.00",
        "glbrksaves": "0",
        "glbrkshots": "0",
        "gldsaves": "0",
        "glga": "3",
        "glgaa": "3.00",
        "glpensavepct": "0.00",
        "glpensaves": "0",
        "glpenshots": "0",
        "glpkclearzone": "0",
        "glpokechecks": "0",
        "glsavepct": "0.77",
        "glsaves": "10",
        "glshots": "13",
        "glsoperiods": "0",
        "isGuest": "1",
        "opponentClubId": "450721",
        "opponentScore": "3",
        "opponentTeamId": "500",
        "player_dnf": "0",
        "playerLevel": "142",
        "pNhlOnlineGameType": "5",
        "position": "goalie",
        "posSorted": "0",
        "ratingDefense": "65.00",
        "ratingOffense": "55.00",
        "ratingTeamplay": "45.00",
        "score": "1",
        "skassists": "0",
        "skbs": "0",
        "skdeflections": "0",
        "skfol": "0",
        "skfopct": "0.00",
        "skfow": "0",
        "skgiveaways": "0",
        "skgoals": "0",
        "skgwg": "0",
        "skhits": "0",
        "skinterceptions": "0",
        "skpassattempts": "0",
        "skpasses": "0",
        "skpasspct": "0.00",
        "skpenaltiesdrawn": "0",
        "skpim": "0",
        "skpkclearzone": "0",
        "skplusmin": "0",
        "skpossession": "0",
        "skppg": "0",
        "sksaucerpasses": "0",
        "skshg": "0",
        "skshotattempts": "0",
        "skshotonnetpct": "0.00",
        "skshotpct": "0.00",
        "skshots": "0",
        "sktakeaways": "0",
        "teamId": "501",
        "teamSide": "1",
        "toi": "60",
        "toiseconds": "3600",
        "playername": "MrBlondeMedia"
      },
      "1482142235": {
        "class": "2",
        "glbrksavepct": "0.00",
        "glbrksaves": "0",
        "glbrkshots": "0",
        "gldsaves": "0",
        "glga": "0",
        "glgaa": "0.00",
        "glpensavepct": "0.00",
        "glpensaves": "0",
        "glpenshots": "0",
        "glpkclearzone": "0",
        "glpokechecks": "0",
        "glsavepct": "0.00",
        "glsaves": "0",
        "glshots": "0",
        "glsoperiods": "0",
        "isGuest": "1",
        "opponentClubId": "450721",
        "opponentScore": "3",
        "opponentTeamId": "500",
        "player_dnf": "0",
        "playerLevel": "209",
        "pNhlOnlineGameType": "5",
        "position": "leftWing",
        "posSorted": "4",
        "ratingDefense": "65.00",
        "ratingOffense": "65.00",
        "ratingTeamplay": "60.00",
        "score": "1",
        "skassists": "0",
        "skbs": "0",
        "skdeflections": "0",
        "skfol": "0",
        "skfopct": "0.00",
        "skfow": "0",
        "skgiveaways": "16",
        "skgoals": "1",
        "skgwg": "0",
        "skhits": "1",
        "skinterceptions": "3",
        "skpassattempts": "8",
        "skpasses": "4",
        "skpasspct": "50.00",
        "skpenaltiesdrawn": "1",
        "skpim": "0",
        "skpkclearzone": "0",
        "skplusmin": "-1",
        "skpossession": "182",
        "skppg": "0",
        "sksaucerpasses": "0",
        "skshg": "0",
        "skshotattempts": "7",
        "skshotonnetpct": "57.14",
        "skshotpct": "25.00",
        "skshots": "4",
        "sktakeaways": "1",
        "teamId": "501",
        "teamSide": "1",
        "toi": "60",
        "toiseconds": "3600",
        "playername": "Complexitii-"
      },
      "1705605309": {
        "class": "1",
        "glbrksavepct": "0.00",
        "glbrksaves": "0",
        "glbrkshots": "0",
        "gldsaves": "0",
        "glga": "0",
        "glgaa": "0.00",
        "glpensavepct": "0.00",
        "glpensaves": "0",
        "glpenshots": "0",
        "glpkclearzone": "0",
        "glpokechecks": "0",
        "glsavepct": "0.00",
        "glsaves": "0",
        "glshots": "0",
        "glsoperiods": "0",
        "isGuest": "0",
        "opponentClubId": "450721",
        "opponentScore": "3",
        "opponentTeamId": "500",
        "player_dnf": "0",
        "playerLevel": "190",
        "pNhlOnlineGameType": "5",
        "position": "center",
        "posSorted": "5",
        "ratingDefense": "100.00",
        "ratingOffense": "60.00",
        "ratingTeamplay": "60.00",
        "score": "1",
        "skassists": "0",
        "skbs": "1",
        "skdeflections": "0",
        "skfol": "17",
        "skfopct": "45.16",
        "skfow": "14",
        "skgiveaways": "10",
        "skgoals": "0",
        "skgwg": "0",
        "skhits": "2",
        "skinterceptions": "7",
        "skpassattempts": "14",
        "skpasses": "8",
        "skpasspct": "57.14",
        "skpenaltiesdrawn": "1",
        "skpim": "2",
        "skpkclearzone": "2",
        "skplusmin": "-1",
        "skpossession": "143",
        "skppg": "0",
        "sksaucerpasses": "0",
        "skshg": "0",
        "skshotattempts": "0",
        "skshotonnetpct": "0.00",
        "skshotpct": "0.00",
        "skshots": "0",
        "sktakeaways": "3",
        "teamId": "501",
        "teamSide": "1",
        "toi": "58",
        "toiseconds": "3481",
        "playername": "Bxrtzyy-_-"
      },
      "1752079379": {
        "class": "15",
        "glbrksavepct": "0.00",
        "glbrksaves": "0",
        "glbrkshots": "0",
        "gldsaves": "0",
        "glga": "0",
        "glgaa": "0.00",
        "glpensavepct": "0.00",
        "glpensaves": "0",
        "glpenshots": "0",
        "glpkclearzone": "0",
        "glpokechecks": "0",
        "glsavepct": "0.00",
        "glsaves": "0",
        "glshots": "0",
        "glsoperiods": "0",
        "isGuest": "1",
        "opponentClubId": "450721",
        "opponentScore": "3",
        "opponentTeamId": "500",
        "player_dnf": "0",
        "playerLevel": "91",
        "pNhlOnlineGameType": "5",
        "position": "defenseMen",
        "posSorted": "2",
        "ratingDefense": "70.00",
        "ratingOffense": "60.00",
        "ratingTeamplay": "40.00",
        "score": "1",
        "skassists": "1",
        "skbs": "0",
        "skdeflections": "0",
        "skfol": "0",
        "skfopct": "0.00",
        "skfow": "0",
        "skgiveaways": "10",
        "skgoals": "0",
        "skgwg": "0",
        "skhits": "4",
        "skinterceptions": "10",
        "skpassattempts": "14",
        "skpasses": "8",
        "skpasspct": "57.14",
        "skpenaltiesdrawn": "0",
        "skpim": "6",
        "skpkclearzone": "0",
        "skplusmin": "-1",
        "skpossession": "254",
        "skppg": "0",
        "sksaucerpasses": "2",
        "skshg": "0",
        "skshotattempts": "1",
        "skshotonnetpct": "100.00",
        "skshotpct": "0.00",
        "skshots": "1",
        "sktakeaways": "5",
        "teamId": "501",
        "teamSide": "1",
        "toi": "54",
        "toiseconds": "3243",
        "playername": "iamsmokxy-_-"
      },
      "1780423381": {
        "class": "12",
        "glbrksavepct": "0.00",
        "glbrksaves": "0",
        "glbrkshots": "0",
        "gldsaves": "0",
        "glga": "0",
        "glgaa": "0.00",
        "glpensavepct": "0.00",
        "glpensaves": "0",
        "glpenshots": "0",
        "glpkclearzone": "0",
        "glpokechecks": "0",
        "glsavepct": "0.00",
        "glsaves": "0",
        "glshots": "0",
        "glsoperiods": "0",
        "isGuest": "1",
        "opponentClubId": "450721",
        "opponentScore": "3",
        "opponentTeamId": "500",
        "player_dnf": "0",
        "playerLevel": "299",
        "pNhlOnlineGameType": "5",
        "position": "rightWing",
        "posSorted": "3",
        "ratingDefense": "70.00",
        "ratingOffense": "55.00",
        "ratingTeamplay": "35.00",
        "score": "1",
        "skassists": "0",
        "skbs": "0",
        "skdeflections": "0",
        "skfol": "1",
        "skfopct": "50.00",
        "skfow": "1",
        "skgiveaways": "10",
        "skgoals": "0",
        "skgwg": "0",
        "skhits": "3",
        "skinterceptions": "6",
        "skpassattempts": "16",
        "skpasses": "12",
        "skpasspct": "75.00",
        "skpenaltiesdrawn": "0",
        "skpim": "2",
        "skpkclearzone": "1",
        "skplusmin": "-1",
        "skpossession": "258",
        "skppg": "0",
        "sksaucerpasses": "0",
        "skshg": "0",
        "skshotattempts": "2",
        "skshotonnetpct": "0.00",
        "skshotpct": "0.00",
        "skshots": "0",
        "sktakeaways": "3",
        "teamId": "501",
        "teamSide": "1",
        "toi": "60",
        "toiseconds": "3595",
        "playername": "xDynamicEntryx"
      }
    },
    "450721": {
      "178617183": {
        "class": "21",
        "glbrksavepct": "1.00",
        "glbrksaves": "1",
        "glbrkshots": "1",
        "gldsaves": "0",
        "glga": "1",
        "glgaa": "1.00",
        "glpensavepct": "0.00",
        "glpensaves": "0",
        "glpenshots": "0",
        "glpkclearzone": "0",
        "glpokechecks": "0",
        "glsavepct": "0.89",
        "glsaves": "8",
        "glshots": "9",
        "glsoperiods": "0",
        "isGuest": "0",
        "opponentClubId": "416581",
        "opponentScore": "1",
        "opponentTeamId": "501",
        "player_dnf": "0",
        "playerLevel": "131",
        "pNhlOnlineGameType": "5",
        "position": "goalie",
        "posSorted": "0",
        "ratingDefense": "85.00",
        "ratingOffense": "60.00",
        "ratingTeamplay": "60.00",
        "score": "3",
        "skassists": "0",
        "skbs": "0",
        "skdeflections": "0",
        "skfol": "0",
        "skfopct": "0.00",
        "skfow": "0",
        "skgiveaways": "0",
        "skgoals": "0",
        "skgwg": "0",
        "skhits": "0",
        "skinterceptions": "0",
        "skpassattempts": "0",
        "skpasses": "0",
        "skpasspct": "0.00",
        "skpenaltiesdrawn": "0",
        "skpim": "0",
        "skpkclearzone": "0",
        "skplusmin": "0",
        "skpossession": "0",
        "skppg": "0",
        "sksaucerpasses": "0",
        "skshg": "0",
        "skshotattempts": "0",
        "skshotonnetpct": "0.00",
        "skshotpct": "0.00",
        "skshots": "0",
        "sktakeaways": "0",
        "teamId": "500",
        "teamSide": "0",
        "toi": "60",
        "toiseconds": "3598",
        "playername": "falcolover"
      },
      "244124053": {
        "class": "4",
        "glbrksavepct": "0.00",
        "glbrksaves": "0",
        "glbrkshots": "0",
        "gldsaves": "0",
        "glga": "0",
        "glgaa": "0.00",
        "glpensavepct": "0.00",
        "glpensaves": "0",
        "glpenshots": "0",
        "glpkclearzone": "0",
        "glpokechecks": "0",
        "glsavepct": "0.00",
        "glsaves": "0",
        "glshots": "0",
        "glsoperiods": "0",
        "isGuest": "1",
        "opponentClubId": "416581",
        "opponentScore": "1",
        "opponentTeamId": "501",
        "player_dnf": "0",
        "playerLevel": "155",
        "pNhlOnlineGameType": "5",
        "position": "center",
        "posSorted": "5",
        "ratingDefense": "85.00",
        "ratingOffense": "75.00",
        "ratingTeamplay": "90.00",
        "score": "3",
        "skassists": "1",
        "skbs": "1",
        "skdeflections": "0",
        "skfol": "15",
        "skfopct": "54.55",
        "skfow": "18",
        "skgiveaways": "6",
        "skgoals": "0",
        "skgwg": "0",
        "skhits": "3",
        "skinterceptions": "7",
        "skpassattempts": "24",
        "skpasses": "18",
        "skpasspct": "75.00",
        "skpenaltiesdrawn": "0",
        "skpim": "0",
        "skpkclearzone": "0",
        "skplusmin": "1",
        "skpossession": "196",
        "skppg": "0",
        "sksaucerpasses": "0",
        "skshg": "0",
        "skshotattempts": "2",
        "skshotonnetpct": "100.00",
        "skshotpct": "0.00",
        "skshots": "2",
        "sktakeaways": "7",
        "teamId": "500",
        "teamSide": "0",
        "toi": "60",
        "toiseconds": "3600",
        "playername": "s-zeze-"
      },
      "386774169": {
        "class": "2",
        "glbrksavepct": "0.00",
        "glbrksaves": "0",
        "glbrkshots": "0",
        "gldsaves": "0",
        "glga": "0",
        "glgaa": "0.00",
        "glpensavepct": "0.00",
        "glpensaves": "0",
        "glpenshots": "0",
        "glpkclearzone": "0",
        "glpokechecks": "0",
        "glsavepct": "0.00",
        "glsaves": "0",
        "glshots": "0",
        "glsoperiods": "0",
        "isGuest": "1",
        "opponentClubId": "416581",
        "opponentScore": "1",
        "opponentTeamId": "501",
        "player_dnf": "0",
        "playerLevel": "226",
        "pNhlOnlineGameType": "5",
        "position": "leftWing",
        "posSorted": "4",
        "ratingDefense": "80.00",
        "ratingOffense": "100.00",
        "ratingTeamplay": "65.00",
        "score": "3",
        "skassists": "1",
        "skbs": "0",
        "skdeflections": "0",
        "skfol": "0",
        "skfopct": "0.00",
        "skfow": "0",
        "skgiveaways": "12",
        "skgoals": "2",
        "skgwg": "0",
        "skhits": "1",
        "skinterceptions": "3",
        "skpassattempts": "14",
        "skpasses": "9",
        "skpasspct": "64.29",
        "skpenaltiesdrawn": "0",
        "skpim": "0",
        "skpkclearzone": "1",
        "skplusmin": "1",
        "skpossession": "188",
        "skppg": "1",
        "sksaucerpasses": "0",
        "skshg": "0",
        "skshotattempts": "8",
        "skshotonnetpct": "75.00",
        "skshotpct": "33.33",
        "skshots": "6",
        "sktakeaways": "3",
        "teamId": "500",
        "teamSide": "0",
        "toi": "60",
        "toiseconds": "3600",
        "playername": "HogIandov"
      },
      "792179809": {
        "class": "15",
        "glbrksavepct": "0.00",
        "glbrksaves": "0",
        "glbrkshots": "0",
        "gldsaves": "0",
        "glga": "0",
        "glgaa": "0.00",
        "glpensavepct": "0.00",
        "glpensaves": "0",
        "glpenshots": "0",
        "glpkclearzone": "0",
        "glpokechecks": "0",
        "glsavepct": "0.00",
        "glsaves": "0",
        "glshots": "0",
        "glsoperiods": "0",
        "isGuest": "1",
        "opponentClubId": "416581",
        "opponentScore": "1",
        "opponentTeamId": "501",
        "player_dnf": "0",
        "playerLevel": "202",
        "pNhlOnlineGameType": "5",
        "position": "defenseMen",
        "posSorted": "2",
        "ratingDefense": "85.00",
        "ratingOffense": "60.00",
        "ratingTeamplay": "70.00",
        "score": "3",
        "skassists": "0",
        "skbs": "2",
        "skdeflections": "0",
        "skfol": "0",
        "skfopct": "0.00",
        "skfow": "0",
        "skgiveaways": "10",
        "skgoals": "0",
        "skgwg": "0",
        "skhits": "7",
        "skinterceptions": "6",
        "skpassattempts": "24",
        "skpasses": "18",
        "skpasspct": "75.00",
        "skpenaltiesdrawn": "0",
        "skpim": "2",
        "skpkclearzone": "0",
        "skplusmin": "1",
        "skpossession": "155",
        "skppg": "0",
        "sksaucerpasses": "0",
        "skshg": "0",
        "skshotattempts": "2",
        "skshotonnetpct": "0.00",
        "skshotpct": "0.00",
        "skshots": "0",
        "sktakeaways": "6",
        "teamId": "500",
        "teamSide": "0",
        "toi": "58",
        "toiseconds": "3481",
        "playername": "xSandin38"
      },
      "1133854144": {
        "class": "6",
        "glbrksavepct": "0.00",
        "glbrksaves": "0",
        "glbrkshots": "0",
        "gldsaves": "0",
        "glga": "0",
        "glgaa": "0.00",
        "glpensavepct": "0.00",
        "glpensaves": "0",
        "glpenshots": "0",
        "glpkclearzone": "0",
        "glpokechecks": "0",
        "glsavepct": "0.00",
        "glsaves": "0",
        "glshots": "0",
        "glsoperiods": "0",
        "isGuest": "1",
        "opponentClubId": "416581",
        "opponentScore": "1",
        "opponentTeamId": "501",
        "player_dnf": "0",
        "playerLevel": "237",
        "pNhlOnlineGameType": "5",
        "position": "rightWing",
        "posSorted": "3",
        "ratingDefense": "80.00",
        "ratingOffense": "90.00",
        "ratingTeamplay": "70.00",
        "score": "3",
        "skassists": "2",
        "skbs": "1",
        "skdeflections": "1",
        "skfol": "0",
        "skfopct": "0.00",
        "skfow": "0",
        "skgiveaways": "10",
        "skgoals": "1",
        "skgwg": "1",
        "skhits": "3",
        "skinterceptions": "4",
        "skpassattempts": "19",
        "skpasses": "14",
        "skpasspct": "73.68",
        "skpenaltiesdrawn": "3",
        "skpim": "2",
        "skpkclearzone": "2",
        "skplusmin": "1",
        "skpossession": "201",
        "skppg": "0",
        "sksaucerpasses": "0",
        "skshg": "0",
        "skshotattempts": "4",
        "skshotonnetpct": "75.00",
        "skshotpct": "33.33",
        "skshots": "3",
        "sktakeaways": "3",
        "teamId": "500",
        "teamSide": "0",
        "toi": "58",
        "toiseconds": "3481",
        "playername": "Corbechkin"
      },
      "1004931773441": {
        "class": "15",
        "glbrksavepct": "0.00",
        "glbrksaves": "0",
        "glbrkshots": "0",
        "gldsaves": "0",
        "glga": "0",
        "glgaa": "0.00",
        "glpensavepct": "0.00",
        "glpensaves": "0",
        "glpenshots": "0",
        "glpkclearzone": "0",
        "glpokechecks": "0",
        "glsavepct": "0.00",
        "glsaves": "0",
        "glshots": "0",
        "glsoperiods": "0",
        "isGuest": "1",
        "opponentClubId": "416581",
        "opponentScore": "1",
        "opponentTeamId": "501",
        "player_dnf": "0",
        "playerLevel": "240",
        "pNhlOnlineGameType": "5",
        "position": "defenseMen",
        "posSorted": "1",
        "ratingDefense": "85.00",
        "ratingOffense": "65.00",
        "ratingTeamplay": "65.00",
        "score": "3",
        "skassists": "0",
        "skbs": "2",
        "skdeflections": "0",
        "skfol": "0",
        "skfopct": "0.00",
        "skfow": "0",
        "skgiveaways": "10",
        "skgoals": "0",
        "skgwg": "0",
        "skhits": "0",
        "skinterceptions": "9",
        "skpassattempts": "24",
        "skpasses": "17",
        "skpasspct": "70.83",
        "skpenaltiesdrawn": "1",
        "skpim": "0",
        "skpkclearzone": "0",
        "skplusmin": "1",
        "skpossession": "245",
        "skppg": "0",
        "sksaucerpasses": "0",
        "skshg": "0",
        "skshotattempts": "1",
        "skshotonnetpct": "100.00",
        "skshotpct": "0.00",
        "skshots": "1",
        "sktakeaways": "6",
        "teamId": "500",
        "teamSide": "0",
        "toi": "60",
        "toiseconds": "3600",
        "playername": "Silverstxin"
      }
    }
  },
  "aggregate": {
    "416581": {
      "class": 62,
      "glbrksavepct": 0,
      "glbrksaves": 0,
      "glbrkshots": 0,
      "gldsaves": 0,
      "glga": 3,
      "glgaa": 3,
      "glpensavepct": 0,
      "glpensaves": 0,
      "glpenshots": 0,
      "glpkclearzone": 0,
      "glpokechecks": 0,
      "glsavepct": 0.77,
      "glsaves": 10,
      "glshots": 13,
      "glsoperiods": 0,
      "isGuest": 5,
      "opponentClubId": 2704326,
      "opponentScore": 18,
      "opponentTeamId": 3000,
      "player_dnf": 0,
      "playerLevel": 1221,
      "pNhlOnlineGameType": 30,
      "position": 0,
      "posSorted": 15,
      "ratingDefense": 435,
      "ratingOffense": 365,
      "ratingTeamplay": 320,
      "score": 6,
      "skassists": 2,
      "skbs": 2,
      "skdeflections": 0,
      "skfol": 18,
      "skfopct": 95.16,
      "skfow": 15,
      "skgiveaways": 54,
      "skgoals": 1,
      "skgwg": 0,
      "skhits": 16,
      "skinterceptions": 34,
      "skpassattempts": 68,
      "skpasses": 45,
      "skpasspct": 320.53,
      "skpenaltiesdrawn": 2,
      "skpim": 10,
      "skpkclearzone": 5,
      "skplusmin": -5,
      "skpossession": 1046,
      "skppg": 0,
      "sksaucerpasses": 2,
      "skshg": 0,
      "skshotattempts": 13,
      "skshotonnetpct": 223.81,
      "skshotpct": 25,
      "skshots": 7,
      "sktakeaways": 14,
      "teamId": 3006,
      "teamSide": 6,
      "toi": 352,
      "toiseconds": 21119
    },
    "450721": {
      "class": 63,
      "glbrksavepct": 1,
      "glbrksaves": 1,
      "glbrkshots": 1,
      "gldsaves": 0,
      "glga": 1,
      "glgaa": 1,
      "glpensavepct": 0,
      "glpensaves": 0,
      "glpenshots": 0,
      "glpkclearzone": 0,
      "glpokechecks": 0,
      "glsavepct": 0.89,
      "glsaves": 8,
      "glshots": 9,
      "glsoperiods": 0,
      "isGuest": 5,
      "opponentClubId": 2499486,
      "opponentScore": 6,
      "opponentTeamId": 3006,
      "player_dnf": 0,
      "playerLevel": 1191,
      "pNhlOnlineGameType": 30,
      "position": 0,
      "posSorted": 15,
      "ratingDefense": 500,
      "ratingOffense": 450,
      "ratingTeamplay": 420,
      "score": 18,
      "skassists": 4,
      "skbs": 6,
      "skdeflections": 1,
      "skfol": 15,
      "skfopct": 54.55,
      "skfow": 18,
      "skgiveaways": 48,
      "skgoals": 3,
      "skgwg": 1,
      "skhits": 14,
      "skinterceptions": 29,
      "skpassattempts": 105,
      "skpasses": 76,
      "skpasspct": 358.8,
      "skpenaltiesdrawn": 4,
      "skpim": 4,
      "skpkclearzone": 3,
      "skplusmin": 5,
      "skpossession": 985,
      "skppg": 1,
      "sksaucerpasses": 0,
      "skshg": 0,
      "skshotattempts": 17,
      "skshotonnetpct": 350,
      "skshotpct": 66.66,
      "skshots": 12,
      "sktakeaways": 25,
      "teamId": 3000,
      "teamSide": 0,
      "toi": 356,
      "toiseconds": 21360
    }
  }
}