{
  "matchId": "6732794670254",
  "timestamp": 1663808502,
  "timeAgo": {
    "number": 1,
    "unit": "days"
  },
  "clubs": {
    "120212": {
      "clubDivision": "10",
      "cNhlOnlineGameType": "5",
      "garaw": "4",
      "gfraw": "3",
      "losses": "1",
      "memberString": "6 / 6",
      "opponentClubId": "440740",
      "opponentScore": "4",
      "opponentTeamArtAbbr": "EASHL",
      "passa": "124",
      "passc": "77",
      "ppg": "0",
      "ppo": "3",
      "result": "2",
      "score": "3",
      "scoreString": "3 - 4",
      "shots": "12",
      "teamArtAbbr": "DROP",
      "teamSide": "1",
      "toa": "424",
      "winnerByDnf": "0",
      "winnerByGoalieDnf": "0",
      "details": {
        "name": "Catalyst",
        "clubId": 120212,
        "regionId": 5,
        "teamId": 5179,
        "customKit": {
          "isCustomTeam": "1",
          "crestAssetId": "239",
          "useBaseAsset": "1"
        }
      },
      "goals": "3",
      "goalsAgainst": "4"
    },
    "440740": {
      "clubDivision": "1",
      "cNhlOnlineGameType": "5",
      "garaw": "3",
      "gfraw": "4",
      "losses": "0",
      "memberString": "6 / 6",
      "opponentClubId": "120212",
      "opponentScore": "3",
      "opponentTeamArtAbbr": "DROP",
      "passa": "74",
      "passc": "54",
      "ppg": "2",
      "ppo": "2",
      "result": "1",
      "score": "4",
      "scoreString": "4 - 3",
      "shots": "16",
      "teamArtAbbr": "EASHL",
      "teamSide": "0",
      "toa": "221",
      "winnerByDnf": "0",
      "winnerByGoalieDnf": "0",
      "details": {
        "name": "M6 Electrified",
        "clubId": 440740,
        "regionId": 5,
        "teamId": 5070,
        "customKit": {
          "isCustomTeam": "1",
          "crestAssetId": "183",
          "useBaseAsset": "1"
        }
      },
      "goals": "4",
      "goalsAgainst": "3"
    }
  },
  "players": {
    "120212": {
      "225613703": {
        "class": "2",
        "glbrksavepct": "0.00",
        "glbrksaves": "0",
        "glbrkshots": "0",
        "gldsaves": "0",
        "glga": "0",
        "glgaa": "0.00",
        "glpensavepct": "0.00",
        "glpensaves": "0",
        "glpenshots": "0",
        "glpkclearzone": "0",
        "glpokechecks": "0",
        "glsavepct": "0.00",
        "glsaves": "0",
        "glshots": "0",
        "glsoperiods": "0",
        "isGuest": "1",
        "opponentClubId": "440740",
        "opponentScore": "4",
        "opponentTeamId": "500",
        "player_dnf": "0",
        "playerLevel": "204",
        "pNhlOnlineGameType": "5",
        "position": "leftWing",
        "posSorted": "4",
        "ratingDefense": "75.00",
        "ratingOffense": "95.00",
        "ratingTeamplay": "60.00",
        "score": "3",
        "skassists": "1",
        "skbs": "0",
        "skdeflections": "0",
        "skfol": "0",
        "skfopct": "0.00",
        "skfow": "0",
        "skgiveaways": "4",
        "skgoals": "2",
        "skgwg": "0",
        "skhits": "1",
        "skinterceptions": "3",
        "skpassattempts": "25",
        "skpasses": "17",
        "skpasspct": "68.00",
        "skpenaltiesdrawn": "1",
        "skpim": "0",
        "skpkclearzone": "0",
        "skplusmin": "1",
        "skpossession": "203",
        "skppg": "0",
        "sksaucerpasses": "0",
        "skshg": "0",
        "skshotattempts": "3",
        "skshotonnetpct": "100.00",
        "skshotpct": "66.67",
        "skshots": "3",
        "sktakeaways": "2",
        "teamId": "501",
        "teamSide": "1",
        "toi": "60",
        "toiseconds": "3600",
        "playername": "TheMarker_1"
      },
      "1128072336": {
        "class": "21",
        "glbrksavepct": "0.00",
        "glbrksaves": "0",
        "glbrkshots": "0",
        "gldsaves": "0",
        "glga": "4",
        "glgaa": "4.00",
        "glpensavepct": "0.00",
        "glpensaves": "0",
        "glpenshots": "0",
        "glpkclearzone": "0",
        "glpokechecks": "0",
        "glsavepct": "0.75",
        "glsaves": "12",
        "glshots": "16",
        "glsoperiods": "0",
        "isGuest": "0",
        "opponentClubId": "440740",
        "opponentScore": "4",
        "opponentTeamId": "500",
        "player_dnf": "0",
        "playerLevel": "171",
        "pNhlOnlineGameType": "5",
        "position": "goalie",
        "posSorted": "0",
        "ratingDefense": "65.00",
        "ratingOffense": "45.00",
        "ratingTeamplay": "45.00",
        "score": "3",
        "skassists": "0",
        "skbs": "0",
        "skdeflections": "0",
        "skfol": "0",
        "skfopct": "0.00",
        "skfow": "0",
        "skgiveaways": "0",
        "skgoals": "0",
        "skgwg": "0",
        "skhits": "0",
        "skinterceptions": "0",
        "skpassattempts": "0",
        "skpasses": "0",
        "skpasspct": "0.00",
        "skpenaltiesdrawn": "0",
        "skpim": "0",
        "skpkclearzone": "0",
        "skplusmin": "0",
        "skpossession": "0",
        "skppg": "0",
        "sksaucerpasses": "0",
        "skshg": "0",
        "skshotattempts": "0",
        "skshotonnetpct": "0.00",
        "skshotpct": "0.00",
        "skshots": "0",
        "sktakeaways": "0",
        "teamId": "501",
        "teamSide": "1",
        "toi": "60",
        "toiseconds": "3600",
        "playername": "MirrorParty"
      },
      "1613568747": {
        "class": "15",
        "glbrksavepct": "0.00",
        "glbrksaves": "0",
        "glbrkshots": "0",
        "gldsaves": "0",
        "glga": "0",
        "glgaa": "0.00",
        "glpensavepct": "0.00",
        "glpensaves": "0",
        "glpenshots": "0",
        "glpkclearzone": "0",
        "glpokechecks": "0",
        "glsavepct": "0.00",
        "glsaves": "0",
        "glshots": "0",
        "glsoperiods": "0",
        "isGuest": "0",
        "opponentClubId": "440740",
        "opponentScore": "4",
        "opponentTeamId": "500",
        "player_dnf": "0",
        "playerLevel": "224",
        "pNhlOnlineGameType": "5",
        "position": "defenseMen",
        "posSorted": "1",
        "ratingDefense": "75.00",
        "ratingOffense": "60.00",
        "ratingTeamplay": "50.00",
        "score": "3",
        "skassists": "0",
        "skbs": "0",
        "skdeflections": "0",
        "skfol": "0",
        "skfopct": "0.00",
        "skfow": "0",
        "skgiveaways": "10",
        "skgoals": "0",
        "skgwg": "0",
        "skhits": "5",
        "skinterceptions": "1",
        "skpassattempts": "30",
        "skpasses": "18",
        "skpasspct": "60.00",
        "skpenaltiesdrawn": "0",
        "skpim": "2",
        "skpkclearzone": "0",
        "skplusmin": "1",
        "skpossession": "231",
        "skppg": "0",
        "sksaucerpasses": "0",
        "skshg": "0",
        "skshotattempts": "1",
        "skshotonnetpct": "100.00",
        "skshotpct": "0.00",
        "skshots": "1",
        "sktakeaways": "1",
        "teamId": "501",
        "teamSide": "1",
        "toi": "59",
        "toiseconds": "3560",
        "playername": "nLands"
      },
      "1903088278": {
        "class": "15",
        "glbrksavepct": "0.00",
        "glbrksaves": "0",
        "glbrkshots": "0",
        "gldsaves": "0",
        "glga": "0",
        "glgaa": "0.00",
        "glpensavepct": "0.00",
        "glpensaves": "0",
        "glpenshots": "0",
        "glpkclearzone": "0",
        "glpokechecks": "0",
        "glsavepct": "0.00",
        "glsaves": "0",
        "glshots": "0",
        "glsoperiods": "0",
        "isGuest": "1",
        "opponentClubId": "440740",
        "opponentScore": "4",
        "opponentTeamId": "500",
        "player_dnf": "1",
        "playerLevel": "202",
        "pNhlOnlineGameType": "5",
        "position": "defenseMen",
        "posSorted": "2",
        "ratingDefense": "65.00",
        "ratingOffense": "75.00",
        "ratingTeamplay": "60.00",
        "score": "3",
        "skassists": "1",
        "skbs": "1",
        "skdeflections": "0",
        "skfol": "0",
        "skfopct": "0.00",
        "skfow": "0",
        "skgiveaways": "9",
        "skgoals": "0",
        "skgwg": "0",
        "skhits": "1",
        "skinterceptions": "8",
        "skpassattempts": "32",
        "skpasses": "16",
        "skpasspct": "50.00",
        "skpenaltiesdrawn": "1",
        "skpim": "0",
        "skpkclearzone": "0",
        "skplusmin": "1",
        "skpossession": "427",
        "skppg": "0",
        "sksaucerpasses": "0",
        "skshg": "0",
        "skshotattempts": "3",
        "skshotonnetpct": "66.67",
        "skshotpct": "0.00",
        "skshots": "2",
        "sktakeaways": "3",
        "teamId": "501",
        "teamSide": "1",
        "toi": "60",
        "toiseconds": "3599",
        "playername": "xHyper-27"
      },
      "1979919589": {
        "class": "2",
        "glbrksavepct": "0.00",
        "glbrksaves": "0",
        "glbrkshots": "0",
        "gldsaves": "0",
        "glga": "0",
        "glgaa": "0.00",
        "glpensavepct": "0.00",
        "glpensaves": "0",
        "glpenshots": "0",
        "glpkclearzone": "0",
        "glpokechecks": "0",
        "glsavepct": "0.00",
        "glsaves": "0",
        "glshots": "0",
        "glsoperiods": "0",
        "isGuest": "1",
        "opponentClubId": "440740",
        "opponentScore": "4",
        "opponentTeamId": "500",
        "player_dnf": "0",
        "playerLevel": "228",
        "pNhlOnlineGameType": "5",
        "position": "rightWing",
        "posSorted": "3",
        "ratingDefense": "60.00",
        "ratingOffense": "90.00",
        "ratingTeamplay": "45.00",
        "score": "3",
        "skassists": "2",
        "skbs": "0",
        "skdeflections": "0",
        "skfol": "0",
        "skfopct": "0.00",
        "skfow": "0",
        "skgiveaways": "6",
        "skgoals": "1",
        "skgwg": "0",
        "skhits": "2",
        "skinterceptions": "1",
        "skpassattempts": "14",
        "skpasses": "7",
        "skpasspct": "50.00",
        "skpenaltiesdrawn": "1",
        "skpim": "2",
        "skpkclearzone": "0",
        "skplusmin": "1",
        "skpossession": "115",
        "skppg": "0",
        "sksaucerpasses": "0",
        "skshg": "0",
        "skshotattempts": "8",
        "skshotonnetpct": "62.50",
        "skshotpct": "20.00",
        "skshots": "5",
        "sktakeaways": "1",
        "teamId": "501",
        "teamSide": "1",
        "toi": "59",
        "toiseconds": "3531",
        "playername": "TheBossNYC"
      },
      "1004161695637": {
        "class": "1",
        "glbrksavepct": "0.00",
        "glbrksaves": "0",
        "glbrkshots": "0",
        "gldsaves": "0",
        "glga": "0",
        "glgaa": "0.00",
        "glpensavepct": "0.00",
        "glpensaves": "0",
        "glpenshots": "0",
        "glpkclearzone": "0",
        "glpokechecks": "0",
        "glsavepct": "0.00",
        "glsaves": "0",
        "glshots": "0",
        "glsoperiods": "0",
        "isGuest": "1",
        "opponentClubId": "440740",
        "opponentScore": "4",
        "opponentTeamId": "500",
        "player_dnf": "0",
        "playerLevel": "151",
        "pNhlOnlineGameType": "5",
        "position": "center",
        "posSorted": "5",
        "ratingDefense": "85.00",
        "ratingOffense": "80.00",
        "ratingTeamplay": "50.00",
        "score": "3",
        "skassists": "2",
        "skbs": "1",
        "skdeflections": "0",
        "skfol": "22",
        "skfopct": "31.25",
        "skfow": "10",
        "skgiveaways": "2",
        "skgoals": "0",
        "skgwg": "0",
        "skhits": "1",
        "skinterceptions": "6",
        "skpassattempts": "23",
        "skpasses": "19",
        "skpasspct": "82.61",
        "skpenaltiesdrawn": "0",
        "skpim": "0",
        "skpkclearzone": "0",
        "skplusmin": "1",
        "skpossession": "124",
        "skppg": "0",
        "sksaucerpasses": "0",
        "skshg": "0",
        "skshotattempts": "3",
        "skshotonnetpct": "0.00",
        "skshotpct": "0.00",
        "skshots": "0",
        "sktakeaways": "3",
        "teamId": "501",
        "teamSide": "1",
        "toi": "60",
        "toiseconds": "3600",
        "playername": "FxtDino-"
      }
    },
    "440740": {
      "207185895": {
        "class": "15",
        "glbrksavepct": "0.00",
        "glbrksaves": "0",
        "glbrkshots": "0",
        "gldsaves": "0",
        "glga": "0",
        "glgaa": "0.00",
        "glpensavepct": "0.00",
        "glpensaves": "0",
        "glpenshots": "0",
        "glpkclearzone": "0",
        "glpokechecks": "0",
        "glsavepct": "0.00",
        "glsaves": "0",
        "glshots": "0",
        "glsoperiods": "0",
        "isGuest": "1",
        "opponentClubId": "120212",
        "opponentScore": "3",
        "opponentTeamId": "501",
        "player_dnf": "0",
        "playerLevel": "161",
        "pNhlOnlineGameType": "5",
        "position": "defenseMen",
        "posSorted": "1",
        "ratingDefense": "100.00",
        "ratingOffense": "65.00",
        "ratingTeamplay": "50.00",
        "score": "4",
        "skassists": "1",
        "skbs": "1",
        "skdeflections": "0",
        "skfol": "0",
        "skfopct": "0.00",
        "skfow": "0",
        "skgiveaways": "5",
        "skgoals": "0",
        "skgwg": "0",
        "skhits": "1",
        "skinterceptions": "3",
        "skpassattempts": "15",
        "skpasses": "11",
        "skpasspct": "73.33",
        "skpenaltiesdrawn": "0",
        "skpim": "2",
        "skpkclearzone": "1",
        "skplusmin": "-1",
        "skpossession": "118",
        "skppg": "0",
        "sksaucerpasses": "0",
        "skshg": "0",
        "skshotattempts": "3",
        "skshotonnetpct": "0.00",
        "skshotpct": "0.00",
        "skshots": "0",
        "sktakeaways": "2",
        "teamId": "500",
        "teamSide": "0",
        "toi": "58",
        "toiseconds": "3481",
        "playername": "IVIelo"
      },
      "261807399": {
        "class": "2",
        "glbrksavepct": "0.00",
        "glbrksaves": "0",
        "glbrkshots": "0",
        "gldsaves": "0",
        "glga": "0",
        "glgaa": "0.00",
        "glpensavepct": "0.00",
        "glpensaves": "0",
        "glpenshots": "0",
        "glpkclearzone": "0",
        "glpokechecks": "0",
        "glsavepct": "0.00",
        "glsaves": "0",
        "glshots": "0",
        "glsoperiods": "0",
        "isGuest": "1",
        "opponentClubId": "120212",
        "opponentScore": "3",
        "opponentTeamId": "501",
        "player_dnf": "0",
        "playerLevel": "195",
        "pNhlOnlineGameType": "5",
        "position": "leftWing",
        "posSorted": "4",
        "ratingDefense": "55.00",
        "ratingOffense": "75.00",
        "ratingTeamplay": "65.00",
        "score": "4",
        "skassists": "1",
        "skbs": "0",
        "skdeflections": "0",
        "skfol": "0",
        "skfopct": "0.00",
        "skfow": "0",
        "skgiveaways": "6",
        "skgoals": "1",
        "skgwg": "0",
        "skhits": "7",
        "skinterceptions": "1",
        "skpassattempts": "5",
        "skpasses": "4",
        "skpasspct": "80.00",
        "skpenaltiesdrawn": "0",
        "skpim": "0",
        "skpkclearzone": "1",
        "skplusmin": "-1",
        "skpossession": "86",
        "skppg": "0",
        "sksaucerpasses": "0",
        "skshg": "0",
        "skshotattempts": "3",
        "skshotonnetpct": "133.33",
        "skshotpct": "25.00",
        "skshots": "4",
        "sktakeaways": "1",
        "teamId": "500",
        "teamSide": "0",
        "toi": "60",
        "toiseconds": "3600",
        "playername": "BingBongByron69"
      },
      "880469871": {
        "class": "21",
        "glbrksavepct": "0.00",
        "glbrksaves": "0",
        "glbrkshots": "0",
        "gldsaves": "0",
        "glga": "3",
        "glgaa": "3.00",
        "glpensavepct": "0.00",
        "glpensaves": "0",
        "glpenshots": "0",
        "glpkclearzone": "0",
        "glpokechecks": "0",
        "glsavepct": "0.75",
        "glsaves": "9",
        "glshots": "12",
        "glsoperiods": "0",
        "isGuest": "0",
        "opponentClubId": "120212",
        "opponentScore": "3",
        "opponentTeamId": "501",
        "player_dnf": "0",
        "playerLevel": "188",
        "pNhlOnlineGameType": "5",
        "position": "goalie",
        "posSorted": "0",
        "ratingDefense": "65.00",
        "ratingOffense": "45.00",
        "ratingTeamplay": "60.00",
        "score": "4",
        "skassists": "0",
        "skbs": "0",
        "skdeflections": "0",
        "skfol": "0",
        "skfopct": "0.00",
        "skfow": "0",
        "skgiveaways": "0",
        "skgoals": "0",
        "skgwg": "0",
        "skhits": "0",
        "skinterceptions": "0",
        "skpassattempts": "0",
        "skpasses": "0",
        "skpasspct": "0.00",
        "skpenaltiesdrawn": "0",
        "skpim": "0",
        "skpkclearzone": "0",
        "skplusmin": "0",
        "skpossession": "0",
        "skppg": "0",
        "sksaucerpasses": "0",
        "skshg": "0",
        "skshotattempts": "0",
        "skshotonnetpct": "0.00",
        "skshotpct": "0.00",
        "skshots": "0",
        "sktakeaways": "0",
        "teamId": "500",
        "teamSide": "0",
        "toi": "60",
        "toiseconds": "3600",
        "playername": "Seagull_3134"
      },
      "1012193622": {
        "class": "15",
        "glbrksavepct": "0.00",
        "glbrksaves": "0",
        "glbrkshots": "0",
        "gldsaves": "0",
        "glga": "0",
        "glgaa": "0.00",
        "glpensavepct": "0.00",
        "glpensaves": "0",
        "glpenshots": "0",
        "glpkclearzone": "0",
        "glpokechecks": "0",
        "glsavepct": "0.00",
        "glsaves": "0",
        "glshots": "0",
        "glsoperiods": "0",
        "isGuest": "0",
        "opponentClubId": "120212",
        "opponentScore": "3",
        "opponentTeamId": "501",
        "player_dnf": "0",
        "playerLevel": "203",
        "pNhlOnlineGameType": "5",
        "position": "defenseMen",
        "posSorted": "2",
        "ratingDefense": "95.00",
        "ratingOffense": "75.00",
        "ratingTeamplay": "75.00",
        "score": "4",
        "skassists": "1",
        "skbs": "1",
        "skdeflections": "0",
        "skfol": "0",
        "skfopct": "0.00",
        "skfow": "0",
        "skgiveaways": "6",
        "skgoals": "0",
        "skgwg": "0",
        "skhits": "6",
        "skinterceptions": "9",
        "skpassattempts": "21",
        "skpasses": "14",
        "skpasspct": "66.67",
        "skpenaltiesdrawn": "0",
        "skpim": "2",
        "skpkclearzone": "1",
        "skplusmin": "-1",
        "skpossession": "268",
        "skppg": "0",
        "sksaucerpasses": "6",
        "skshg": "0",
        "skshotattempts": "3",
        "skshotonnetpct": "33.33",
        "skshotpct": "0.00",
        "skshots": "1",
        "sktakeaways": "3",
        "teamId": "500",
        "teamSide": "0",
        "toi": "60",
        "toiseconds": "3599",
        "playername": "Bilal-I96I"
      },
      "1867569276": {
        "class": "15",
        "glbrksavepct": "0.00",
        "glbrksaves": "0",
        "glbrkshots": "0",
        "gldsaves": "0",
        "glga": "0",
        "glgaa": "0.00",
        "glpensavepct": "0.00",
        "glpensaves": "0",
        "glpenshots": "0",
        "glpkclearzone": "0",
        "glpokechecks": "0",
        "glsavepct": "0.00",
        "glsaves": "0",
        "glshots": "0",
        "glsoperiods": "0",
        "isGuest": "1",
        "opponentClubId": "120212",
        "opponentScore": "3",
        "opponentTeamId": "501",
        "player_dnf": "0",
        "playerLevel": "207",
        "pNhlOnlineGameType": "5",
        "position": "rightWing",
        "posSorted": "3",
        "ratingDefense": "80.00",
        "ratingOffense": "80.00",
        "ratingTeamplay": "45.00",
        "score": "4",
        "skassists": "2",
        "skbs": "0",
        "skdeflections": "0",
        "skfol": "0",
        "skfopct": "100.00",
        "skfow": "1",
        "skgiveaways": "3",
        "skgoals": "0",
        "skgwg": "0",
        "skhits": "0",
        "skinterceptions": "6",
        "skpassattempts": "20",
        "skpasses": "17",
        "skpasspct": "85.00",
        "skpenaltiesdrawn": "0",
        "skpim": "2",
        "skpkclearzone": "1",
        "skplusmin": "-1",
        "skpossession": "159",
        "skppg": "0",
        "sksaucerpasses": "0",
        "skshg": "0",
        "skshotattempts": "3",
        "skshotonnetpct": "100.00",
        "skshotpct": "0.00",
        "skshots": "3",
        "sktakeaways": "4",
        "teamId": "500",
        "teamSide": "0",
        "toi": "58",
        "toiseconds": "3481",
        "playername": "xVerci-"
      },
      "1003797820592": {
        "class": "4",
        "glbrksavepct": "0.00",
        "glbrksaves": "0",
        "glbrkshots": "0",
        "gldsaves": "0",
        "glga": "0",
        "glgaa": "0.00",
        "glpensavepct": "0.00",
        "glpensaves": "0",
        "glpenshots": "0",
        "glpkclearzone": "0",
        "glpokechecks": "0",
        "glsavepct": "0.00",
        "glsaves": "0",
        "glshots": "0",
        "glsoperiods": "0",
        "isGuest": "1",
        "opponentClubId": "120212",
        "opponentScore": "3",
        "opponentTeamId": "501",
        "player_dnf": "0",
        "playerLevel": "299",
        "pNhlOnlineGameType": "5",
        "position": "center",
        "posSorted": "5",
        "ratingDefense": "75.00",
        "ratingOffense": "100.00",
        "ratingTeamplay": "90.00",
        "score": "4",
        "skassists": "0",
        "skbs": "0",
        "skdeflections": "0",
        "skfol": "10",
        "skfopct": "67.74",
        "skfow": "21",
        "skgiveaways": "9",
        "skgoals": "3",
        "skgwg": "1",
        "skhits": "1",
        "skinterceptions": "1",
        "skpassattempts": "13",
        "skpasses": "8",
        "skpasspct": "61.54",
        "skpenaltiesdrawn": "1",
        "skpim": "0",
        "skpkclearzone": "0",
        "skplusmin": "-1",
        "skpossession": "204",
        "skppg": "2",
        "sksaucerpasses": "0",
        "skshg": "0",
        "skshotattempts": "6",
        "skshotonnetpct": "100.00",
        "skshotpct": "50.00",
        "skshots": "6",
        "sktakeaways": "1",
        "teamId": "500",
        "teamSide": "0",
        "toi": "60",
        "toiseconds": "3600",
        "playername": "A-H-O_20-"
      }
    }
  },
  "aggregate": {
    "120212": {
      "class": 56,
      "glbrksavepct": 0,
      "glbrksaves": 0,
      "glbrkshots": 0,
      "gldsaves": 0,
      "glga": 4,
      "glgaa": 4,
      "glpensavepct": 0,
      "glpensaves": 0,
      "glpenshots": 0,
      "glpkclearzone": 0,
      "glpokechecks": 0,
      "glsavepct": 0.75,
      "glsaves": 12,
      "glshots": 16,
      "glsoperiods": 0,
      "isGuest": 4,
      "opponentClubId": 2644440,
      "opponentScore": 24,
      "opponentTeamId": 3000,
      "player_dnf": 1,
      "playerLevel": 1180,
      "pNhlOnlineGameType": 30,
      "position": 0,
      "posSorted": 15,
      "ratingDefense": 425,
      "ratingOffense": 445,
      "ratingTeamplay": 310,
      "score": 18,
      "skassists": 6,
      "skbs": 2,
      "skdeflections": 0,
      "skfol": 22,
      "skfopct": 31.25,
      "skfow": 10,
      "skgiveaways": 31,
      "skgoals": 3,
      "skgwg": 0,
      "skhits": 10,
      "skinterceptions": 19,
      "skpassattempts": 124,
      "skpasses": 77,
      "skpasspct": 310.61,
      "skpenaltiesdrawn": 3,
      "skpim": 4,
      "skpkclearzone": 0,
      "skplusmin": 5,
      "skpossession": 1100,
      "skppg": 0,
      "sksaucerpasses": 0,
      "skshg": 0,
      "skshotattempts": 18,
      "skshotonnetpct": 329.17,
      "skshotpct": 86.67,
      "skshots": 11,
      "sktakeaways": 10,
      "teamId": 3006,
      "teamSide": 6,
      "toi": 358,
      "toiseconds": 21490
    },
    "440740": {
      "class": 72,
      "glbrksavepct": 0,
      "glbrksaves": 0,
      "glbrkshots": 0,
      "gldsaves": 0,
      "glga": 3,
      "glgaa": 3,
      "glpensavepct": 0,
      "glpensaves": 0,
      "glpenshots": 0,
      "glpkclearzone": 0,
      "glpokechecks": 0,
      "glsavepct": 0.75,
      "glsaves": 9,
      "glshots": 12,
      "glsoperiods": 0,
      "isGuest": 4,
      "opponentClubId": 721272,
      "opponentScore": 18,
      "opponentTeamId": 3006,
      "player_dnf": 0,
      "playerLevel": 1253,
      "pNhlOnlineGameType": 30,
      "position": 0,
      "posSorted": 15,
      "ratingDefense": 470,
      "ratingOffense": 440,
      "ratingTeamplay": 385,
      "score": 24,
      "skassists": 5,
      "skbs": 2,
      "skdeflections": 0,
      "skfol": 10,
      "skfopct": 167.74,
      "skfow": 22,
      "skgiveaways": 29,
      "skgoals": 4,
      "skgwg": 1,
      "skhits": 15,
      "skinterceptions": 20,
      "skpassattempts": 74,
      "skpasses": 54,
      "skpasspct": 366.54,
      "skpenaltiesdrawn": 1,
      "skpim": 6,
      "skpkclearzone": 4,
      "skplusmin": -5,
      "skpossession": 835,
      "skppg": 2,
      "sksaucerpasses": 6,
      "skshg": 0,
      "skshotattempts": 18,
      "skshotonnetpct": 366.66,
      "skshotpct": 75,
      "skshots": 14,
      "sktakeaways": 11,
      "teamId": 3000,
      "teamSide": 0,
      "toi": 356,
      "toiseconds": 21361
    }
  }
}