{
  "matchId": "6736550890206",
  "timestamp": 1663811823,
  "timeAgo": {
    "number": 1,
    "unit": "days"
  },
  "clubs": {
    "120212": {
      "clubDivision": "10",
      "cNhlOnlineGameType": "5",
      "garaw": "2",
      "gfraw": "1",
      "losses": "0",
      "memberString": "6 / 6",
      "opponentClubId": "440740",
      "opponentScore": "2",
      "opponentTeamArtAbbr": "EASHL",
      "passa": "134",
      "passc": "92",
      "ppg": "1",
      "ppo": "2",
      "result": "6",
      "score": "1",
      "scoreString": "1 - 2",
      "shots": "6",
      "teamArtAbbr": "DROP",
      "teamSide": "1",
      "toa": "354",
      "winnerByDnf": "0",
      "winnerByGoalieDnf": "0",
      "details": {
        "name": "Catalyst",
        "clubId": 120212,
        "regionId": 5,
        "teamId": 5179,
        "customKit": {
          "isCustomTeam": "1",
          "crestAssetId": "239",
          "useBaseAsset": "1"
        }
      },
      "goals": "1",
      "goalsAgainst": "2"
    },
    "440740": {
      "clubDivision": "1",
      "cNhlOnlineGameType": "5",
      "garaw": "1",
      "gfraw": "2",
      "losses": "0",
      "memberString": "6 / 6",
      "opponentClubId": "120212",
      "opponentScore": "1",
      "opponentTeamArtAbbr": "DROP",
      "passa": "128",
      "passc": "92",
      "ppg": "1",
      "ppo": "3",
      "result": "5",
      "score": "2",
      "scoreString": "2 - 1",
      "shots": "19",
      "teamArtAbbr": "EASHL",
      "teamSide": "0",
      "toa": "433",
      "winnerByDnf": "0",
      "winnerByGoalieDnf": "0",
      "details": {
        "name": "M6 Electrified",
        "clubId": 440740,
        "regionId": 5,
        "teamId": 5070,
        "customKit": {
          "isCustomTeam": "1",
          "crestAssetId": "183",
          "useBaseAsset": "1"
        }
      },
      "goals": "2",
      "goalsAgainst": "1"
    }
  },
  "players": {
    "120212": {
      "362296239": {
        "class": "15",
        "glbrksavepct": "0.00",
        "glbrksaves": "0",
        "glbrkshots": "0",
        "gldsaves": "0",
        "glga": "0",
        "glgaa": "0.00",
        "glpensavepct": "0.00",
        "glpensaves": "0",
        "glpenshots": "0",
        "glpkclearzone": "0",
        "glpokechecks": "0",
        "glsavepct": "0.00",
        "glsaves": "0",
        "glshots": "0",
        "glsoperiods": "0",
        "isGuest": "1",
        "opponentClubId": "440740",
        "opponentScore": "2",
        "opponentTeamId": "500",
        "player_dnf": "0",
        "playerLevel": "206",
        "pNhlOnlineGameType": "5",
        "position": "leftWing",
        "posSorted": "4",
        "ratingDefense": "100.00",
        "ratingOffense": "65.00",
        "ratingTeamplay": "60.00",
        "score": "1",
        "skassists": "0",
        "skbs": "1",
        "skdeflections": "0",
        "skfol": "1",
        "skfopct": "50.00",
        "skfow": "1",
        "skgiveaways": "12",
        "skgoals": "0",
        "skgwg": "0",
        "skhits": "2",
        "skinterceptions": "4",
        "skpassattempts": "26",
        "skpasses": "19",
        "skpasspct": "73.08",
        "skpenaltiesdrawn": "0",
        "skpim": "0",
        "skpkclearzone": "0",
        "skplusmin": "-1",
        "skpossession": "315",
        "skppg": "0",
        "sksaucerpasses": "0",
        "skshg": "0",
        "skshotattempts": "5",
        "skshotonnetpct": "0.00",
        "skshotpct": "0.00",
        "skshots": "0",
        "sktakeaways": "2",
        "teamId": "501",
        "teamSide": "1",
        "toi": "80",
        "toiseconds": "4786",
        "playername": "KuttnKornerz"
      },
      "941432623": {
        "class": "15",
        "glbrksavepct": "0.00",
        "glbrksaves": "0",
        "glbrkshots": "0",
        "gldsaves": "0",
        "glga": "0",
        "glgaa": "0.00",
        "glpensavepct": "0.00",
        "glpensaves": "0",
        "glpenshots": "0",
        "glpkclearzone": "0",
        "glpokechecks": "0",
        "glsavepct": "0.00",
        "glsaves": "0",
        "glshots": "0",
        "glsoperiods": "0",
        "isGuest": "1",
        "opponentClubId": "440740",
        "opponentScore": "2",
        "opponentTeamId": "500",
        "player_dnf": "0",
        "playerLevel": "195",
        "pNhlOnlineGameType": "5",
        "position": "defenseMen",
        "posSorted": "2",
        "ratingDefense": "100.00",
        "ratingOffense": "75.00",
        "ratingTeamplay": "25.00",
        "score": "1",
        "skassists": "1",
        "skbs": "1",
        "skdeflections": "0",
        "skfol": "0",
        "skfopct": "0.00",
        "skfow": "0",
        "skgiveaways": "4",
        "skgoals": "0",
        "skgwg": "0",
        "skhits": "0",
        "skinterceptions": "9",
        "skpassattempts": "27",
        "skpasses": "21",
        "skpasspct": "77.78",
        "skpenaltiesdrawn": "0",
        "skpim": "4",
        "skpkclearzone": "1",
        "skplusmin": "-1",
        "skpossession": "190",
        "skppg": "0",
        "sksaucerpasses": "0",
        "skshg": "0",
        "skshotattempts": "3",
        "skshotonnetpct": "33.33",
        "skshotpct": "0.00",
        "skshots": "1",
        "sktakeaways": "6",
        "teamId": "501",
        "teamSide": "1",
        "toi": "77",
        "toiseconds": "4606",
        "playername": "dudethisishard"
      },
      "1128072336": {
        "class": "21",
        "glbrksavepct": "1.00",
        "glbrksaves": "1",
        "glbrkshots": "1",
        "gldsaves": "0",
        "glga": "2",
        "glgaa": "1.50",
        "glpensavepct": "0.00",
        "glpensaves": "0",
        "glpenshots": "0",
        "glpkclearzone": "0",
        "glpokechecks": "0",
        "glsavepct": "0.89",
        "glsaves": "17",
        "glshots": "19",
        "glsoperiods": "0",
        "isGuest": "0",
        "opponentClubId": "440740",
        "opponentScore": "2",
        "opponentTeamId": "500",
        "player_dnf": "0",
        "playerLevel": "171",
        "pNhlOnlineGameType": "5",
        "position": "goalie",
        "posSorted": "0",
        "ratingDefense": "75.00",
        "ratingOffense": "85.00",
        "ratingTeamplay": "45.00",
        "score": "1",
        "skassists": "0",
        "skbs": "0",
        "skdeflections": "0",
        "skfol": "0",
        "skfopct": "0.00",
        "skfow": "0",
        "skgiveaways": "0",
        "skgoals": "0",
        "skgwg": "0",
        "skhits": "0",
        "skinterceptions": "0",
        "skpassattempts": "0",
        "skpasses": "0",
        "skpasspct": "0.00",
        "skpenaltiesdrawn": "0",
        "skpim": "0",
        "skpkclearzone": "0",
        "skplusmin": "0",
        "skpossession": "0",
        "skppg": "0",
        "sksaucerpasses": "0",
        "skshg": "0",
        "skshotattempts": "0",
        "skshotonnetpct": "0.00",
        "skshotpct": "0.00",
        "skshots": "0",
        "sktakeaways": "0",
        "teamId": "501",
        "teamSide": "1",
        "toi": "80",
        "toiseconds": "4786",
        "playername": "MirrorParty"
      },
      "1303636499": {
        "class": "1",
        "glbrksavepct": "0.00",
        "glbrksaves": "0",
        "glbrkshots": "0",
        "gldsaves": "0",
        "glga": "0",
        "glgaa": "0.00",
        "glpensavepct": "0.00",
        "glpensaves": "0",
        "glpenshots": "0",
        "glpkclearzone": "0",
        "glpokechecks": "0",
        "glsavepct": "0.00",
        "glsaves": "0",
        "glshots": "0",
        "glsoperiods": "0",
        "isGuest": "0",
        "opponentClubId": "440740",
        "opponentScore": "2",
        "opponentTeamId": "500",
        "player_dnf": "1",
        "playerLevel": "213",
        "pNhlOnlineGameType": "5",
        "position": "center",
        "posSorted": "5",
        "ratingDefense": "100.00",
        "ratingOffense": "65.00",
        "ratingTeamplay": "80.00",
        "score": "1",
        "skassists": "0",
        "skbs": "2",
        "skdeflections": "1",
        "skfol": "12",
        "skfopct": "50.00",
        "skfow": "12",
        "skgiveaways": "8",
        "skgoals": "0",
        "skgwg": "0",
        "skhits": "5",
        "skinterceptions": "8",
        "skpassattempts": "28",
        "skpasses": "19",
        "skpasspct": "67.86",
        "skpenaltiesdrawn": "1",
        "skpim": "0",
        "skpkclearzone": "0",
        "skplusmin": "-1",
        "skpossession": "257",
        "skppg": "0",
        "sksaucerpasses": "0",
        "skshg": "0",
        "skshotattempts": "3",
        "skshotonnetpct": "66.67",
        "skshotpct": "0.00",
        "skshots": "2",
        "sktakeaways": "6",
        "teamId": "501",
        "teamSide": "1",
        "toi": "78",
        "toiseconds": "4707",
        "playername": "Sakxc-"
      },
      "1613568747": {
        "class": "15",
        "glbrksavepct": "0.00",
        "glbrksaves": "0",
        "glbrkshots": "0",
        "gldsaves": "0",
        "glga": "0",
        "glgaa": "0.00",
        "glpensavepct": "0.00",
        "glpensaves": "0",
        "glpenshots": "0",
        "glpkclearzone": "0",
        "glpokechecks": "0",
        "glsavepct": "0.00",
        "glsaves": "0",
        "glshots": "0",
        "glsoperiods": "0",
        "isGuest": "0",
        "opponentClubId": "440740",
        "opponentScore": "2",
        "opponentTeamId": "500",
        "player_dnf": "0",
        "playerLevel": "224",
        "pNhlOnlineGameType": "5",
        "position": "defenseMen",
        "posSorted": "1",
        "ratingDefense": "100.00",
        "ratingOffense": "75.00",
        "ratingTeamplay": "90.00",
        "score": "1",
        "skassists": "0",
        "skbs": "1",
        "skdeflections": "0",
        "skfol": "0",
        "skfopct": "0.00",
        "skfow": "0",
        "skgiveaways": "22",
        "skgoals": "1",
        "skgwg": "0",
        "skhits": "10",
        "skinterceptions": "7",
        "skpassattempts": "33",
        "skpasses": "22",
        "skpasspct": "66.67",
        "skpenaltiesdrawn": "1",
        "skpim": "0",
        "skpkclearzone": "2",
        "skplusmin": "-1",
        "skpossession": "465",
        "skppg": "1",
        "sksaucerpasses": "1",
        "skshg": "0",
        "skshotattempts": "3",
        "skshotonnetpct": "100.00",
        "skshotpct": "33.33",
        "skshots": "3",
        "sktakeaways": "3",
        "teamId": "501",
        "teamSide": "1",
        "toi": "80",
        "toiseconds": "4786",
        "playername": "nLands"
      },
      "1004161695637": {
        "class": "2",
        "glbrksavepct": "0.00",
        "glbrksaves": "0",
        "glbrkshots": "0",
        "gldsaves": "0",
        "glga": "0",
        "glgaa": "0.00",
        "glpensavepct": "0.00",
        "glpensaves": "0",
        "glpenshots": "0",
        "glpkclearzone": "0",
        "glpokechecks": "0",
        "glsavepct": "0.00",
        "glsaves": "0",
        "glshots": "0",
        "glsoperiods": "0",
        "isGuest": "1",
        "opponentClubId": "440740",
        "opponentScore": "2",
        "opponentTeamId": "500",
        "player_dnf": "0",
        "playerLevel": "151",
        "pNhlOnlineGameType": "5",
        "position": "rightWing",
        "posSorted": "3",
        "ratingDefense": "85.00",
        "ratingOffense": "65.00",
        "ratingTeamplay": "50.00",
        "score": "1",
        "skassists": "1",
        "skbs": "0",
        "skdeflections": "0",
        "skfol": "1",
        "skfopct": "50.00",
        "skfow": "1",
        "skgiveaways": "8",
        "skgoals": "0",
        "skgwg": "0",
        "skhits": "2",
        "skinterceptions": "5",
        "skpassattempts": "18",
        "skpasses": "10",
        "skpasspct": "55.56",
        "skpenaltiesdrawn": "0",
        "skpim": "4",
        "skpkclearzone": "0",
        "skplusmin": "-1",
        "skpossession": "118",
        "skppg": "0",
        "sksaucerpasses": "1",
        "skshg": "0",
        "skshotattempts": "0",
        "skshotonnetpct": "0.00",
        "skshotpct": "0.00",
        "skshots": "0",
        "sktakeaways": "1",
        "teamId": "501",
        "teamSide": "1",
        "toi": "77",
        "toiseconds": "4638",
        "playername": "FxtDino-"
      }
    },
    "440740": {
      "207185895": {
        "class": "11",
        "glbrksavepct": "0.00",
        "glbrksaves": "0",
        "glbrkshots": "0",
        "gldsaves": "0",
        "glga": "0",
        "glgaa": "0.00",
        "glpensavepct": "0.00",
        "glpensaves": "0",
        "glpenshots": "0",
        "glpkclearzone": "0",
        "glpokechecks": "0",
        "glsavepct": "0.00",
        "glsaves": "0",
        "glshots": "0",
        "glsoperiods": "0",
        "isGuest": "1",
        "opponentClubId": "120212",
        "opponentScore": "1",
        "opponentTeamId": "501",
        "player_dnf": "0",
        "playerLevel": "161",
        "pNhlOnlineGameType": "5",
        "position": "defenseMen",
        "posSorted": "1",
        "ratingDefense": "100.00",
        "ratingOffense": "80.00",
        "ratingTeamplay": "85.00",
        "score": "2",
        "skassists": "0",
        "skbs": "0",
        "skdeflections": "0",
        "skfol": "0",
        "skfopct": "0.00",
        "skfow": "0",
        "skgiveaways": "5",
        "skgoals": "1",
        "skgwg": "0",
        "skhits": "9",
        "skinterceptions": "13",
        "skpassattempts": "24",
        "skpasses": "20",
        "skpasspct": "83.33",
        "skpenaltiesdrawn": "1",
        "skpim": "2",
        "skpkclearzone": "0",
        "skplusmin": "1",
        "skpossession": "279",
        "skppg": "0",
        "sksaucerpasses": "1",
        "skshg": "0",
        "skshotattempts": "2",
        "skshotonnetpct": "100.00",
        "skshotpct": "50.00",
        "skshots": "2",
        "sktakeaways": "7",
        "teamId": "500",
        "teamSide": "0",
        "toi": "78",
        "toiseconds": "4666",
        "playername": "IVIelo"
      },
      "385985151": {
        "class": "15",
        "glbrksavepct": "0.00",
        "glbrksaves": "0",
        "glbrkshots": "0",
        "gldsaves": "0",
        "glga": "0",
        "glgaa": "0.00",
        "glpensavepct": "0.00",
        "glpensaves": "0",
        "glpenshots": "0",
        "glpkclearzone": "0",
        "glpokechecks": "0",
        "glsavepct": "0.00",
        "glsaves": "0",
        "glshots": "0",
        "glsoperiods": "0",
        "isGuest": "0",
        "opponentClubId": "120212",
        "opponentScore": "1",
        "opponentTeamId": "501",
        "player_dnf": "0",
        "playerLevel": "82",
        "pNhlOnlineGameType": "5",
        "position": "defenseMen",
        "posSorted": "2",
        "ratingDefense": "95.00",
        "ratingOffense": "65.00",
        "ratingTeamplay": "60.00",
        "score": "2",
        "skassists": "0",
        "skbs": "0",
        "skdeflections": "0",
        "skfol": "0",
        "skfopct": "0.00",
        "skfow": "0",
        "skgiveaways": "5",
        "skgoals": "0",
        "skgwg": "0",
        "skhits": "1",
        "skinterceptions": "4",
        "skpassattempts": "23",
        "skpasses": "20",
        "skpasspct": "86.96",
        "skpenaltiesdrawn": "0",
        "skpim": "0",
        "skpkclearzone": "1",
        "skplusmin": "1",
        "skpossession": "218",
        "skppg": "0",
        "sksaucerpasses": "4",
        "skshg": "0",
        "skshotattempts": "3",
        "skshotonnetpct": "33.33",
        "skshotpct": "0.00",
        "skshots": "1",
        "sktakeaways": "2",
        "teamId": "500",
        "teamSide": "0",
        "toi": "80",
        "toiseconds": "4786",
        "playername": "Sauc---y"
      },
      "787537987": {
        "class": "1",
        "glbrksavepct": "0.00",
        "glbrksaves": "0",
        "glbrkshots": "0",
        "gldsaves": "0",
        "glga": "0",
        "glgaa": "0.00",
        "glpensavepct": "0.00",
        "glpensaves": "0",
        "glpenshots": "0",
        "glpkclearzone": "0",
        "glpokechecks": "0",
        "glsavepct": "0.00",
        "glsaves": "0",
        "glshots": "0",
        "glsoperiods": "0",
        "isGuest": "1",
        "opponentClubId": "120212",
        "opponentScore": "1",
        "opponentTeamId": "501",
        "player_dnf": "0",
        "playerLevel": "10",
        "pNhlOnlineGameType": "5",
        "position": "center",
        "posSorted": "5",
        "ratingDefense": "100.00",
        "ratingOffense": "75.00",
        "ratingTeamplay": "85.00",
        "score": "2",
        "skassists": "1",
        "skbs": "2",
        "skdeflections": "0",
        "skfol": "14",
        "skfopct": "51.72",
        "skfow": "15",
        "skgiveaways": "19",
        "skgoals": "0",
        "skgwg": "0",
        "skhits": "3",
        "skinterceptions": "9",
        "skpassattempts": "29",
        "skpasses": "19",
        "skpasspct": "65.52",
        "skpenaltiesdrawn": "1",
        "skpim": "0",
        "skpkclearzone": "0",
        "skplusmin": "1",
        "skpossession": "268",
        "skppg": "0",
        "sksaucerpasses": "5",
        "skshg": "0",
        "skshotattempts": "3",
        "skshotonnetpct": "66.67",
        "skshotpct": "0.00",
        "skshots": "2",
        "sktakeaways": "4",
        "teamId": "500",
        "teamSide": "0",
        "toi": "80",
        "toiseconds": "4786",
        "playername": "BarryWoodsDong"
      },
      "880469871": {
        "class": "21",
        "glbrksavepct": "0.00",
        "glbrksaves": "0",
        "glbrkshots": "0",
        "gldsaves": "0",
        "glga": "1",
        "glgaa": "0.75",
        "glpensavepct": "0.00",
        "glpensaves": "0",
        "glpenshots": "0",
        "glpkclearzone": "0",
        "glpokechecks": "0",
        "glsavepct": "0.83",
        "glsaves": "5",
        "glshots": "6",
        "glsoperiods": "2",
        "isGuest": "0",
        "opponentClubId": "120212",
        "opponentScore": "1",
        "opponentTeamId": "501",
        "player_dnf": "0",
        "playerLevel": "188",
        "pNhlOnlineGameType": "5",
        "position": "goalie",
        "posSorted": "0",
        "ratingDefense": "75.00",
        "ratingOffense": "65.00",
        "ratingTeamplay": "60.00",
        "score": "2",
        "skassists": "0",
        "skbs": "0",
        "skdeflections": "0",
        "skfol": "0",
        "skfopct": "0.00",
        "skfow": "0",
        "skgiveaways": "0",
        "skgoals": "0",
        "skgwg": "0",
        "skhits": "0",
        "skinterceptions": "0",
        "skpassattempts": "0",
        "skpasses": "0",
        "skpasspct": "0.00",
        "skpenaltiesdrawn": "0",
        "skpim": "0",
        "skpkclearzone": "0",
        "skplusmin": "0",
        "skpossession": "0",
        "skppg": "0",
        "sksaucerpasses": "0",
        "skshg": "0",
        "skshotattempts": "0",
        "skshotonnetpct": "0.00",
        "skshotpct": "0.00",
        "skshots": "0",
        "sktakeaways": "0",
        "teamId": "500",
        "teamSide": "0",
        "toi": "80",
        "toiseconds": "4786",
        "playername": "Seagull_3134"
      },
      "1975762195": {
        "class": "2",
        "glbrksavepct": "0.00",
        "glbrksaves": "0",
        "glbrkshots": "0",
        "gldsaves": "0",
        "glga": "0",
        "glgaa": "0.00",
        "glpensavepct": "0.00",
        "glpensaves": "0",
        "glpenshots": "0",
        "glpkclearzone": "0",
        "glpokechecks": "0",
        "glsavepct": "0.00",
        "glsaves": "0",
        "glshots": "0",
        "glsoperiods": "0",
        "isGuest": "0",
        "opponentClubId": "120212",
        "opponentScore": "1",
        "opponentTeamId": "501",
        "player_dnf": "0",
        "playerLevel": "155",
        "pNhlOnlineGameType": "5",
        "position": "rightWing",
        "posSorted": "3",
        "ratingDefense": "85.00",
        "ratingOffense": "90.00",
        "ratingTeamplay": "35.00",
        "score": "2",
        "skassists": "0",
        "skbs": "0",
        "skdeflections": "0",
        "skfol": "0",
        "skfopct": "0.00",
        "skfow": "0",
        "skgiveaways": "9",
        "skgoals": "1",
        "skgwg": "1",
        "skhits": "3",
        "skinterceptions": "5",
        "skpassattempts": "21",
        "skpasses": "15",
        "skpasspct": "71.43",
        "skpenaltiesdrawn": "1",
        "skpim": "2",
        "skpkclearzone": "0",
        "skplusmin": "1",
        "skpossession": "372",
        "skppg": "1",
        "sksaucerpasses": "0",
        "skshg": "0",
        "skshotattempts": "10",
        "skshotonnetpct": "80.00",
        "skshotpct": "12.50",
        "skshots": "8",
        "sktakeaways": "4",
        "teamId": "500",
        "teamSide": "0",
        "toi": "79",
        "toiseconds": "4767",
        "playername": "Vaniskov"
      },
      "1999624193": {
        "class": "2",
        "glbrksavepct": "0.00",
        "glbrksaves": "0",
        "glbrkshots": "0",
        "gldsaves": "0",
        "glga": "0",
        "glgaa": "0.00",
        "glpensavepct": "0.00",
        "glpensaves": "0",
        "glpenshots": "0",
        "glpkclearzone": "0",
        "glpokechecks": "0",
        "glsavepct": "0.00",
        "glsaves": "0",
        "glshots": "0",
        "glsoperiods": "0",
        "isGuest": "1",
        "opponentClubId": "120212",
        "opponentScore": "1",
        "opponentTeamId": "501",
        "player_dnf": "0",
        "playerLevel": "299",
        "pNhlOnlineGameType": "5",
        "position": "leftWing",
        "posSorted": "4",
        "ratingDefense": "90.00",
        "ratingOffense": "85.00",
        "ratingTeamplay": "60.00",
        "score": "2",
        "skassists": "1",
        "skbs": "0",
        "skdeflections": "0",
        "skfol": "0",
        "skfopct": "0.00",
        "skfow": "0",
        "skgiveaways": "16",
        "skgoals": "0",
        "skgwg": "0",
        "skhits": "2",
        "skinterceptions": "4",
        "skpassattempts": "31",
        "skpasses": "18",
        "skpasspct": "58.06",
        "skpenaltiesdrawn": "0",
        "skpim": "0",
        "skpkclearzone": "0",
        "skplusmin": "1",
        "skpossession": "277",
        "skppg": "0",
        "sksaucerpasses": "0",
        "skshg": "0",
        "skshotattempts": "10",
        "skshotonnetpct": "50.00",
        "skshotpct": "0.00",
        "skshots": "5",
        "sktakeaways": "4",
        "teamId": "500",
        "teamSide": "0",
        "toi": "80",
        "toiseconds": "4786",
        "playername": "FlowSoClean"
      }
    }
  },
  "aggregate": {
    "120212": {
      "class": 69,
      "glbrksavepct": 1,
      "glbrksaves": 1,
      "glbrkshots": 1,
      "gldsaves": 0,
      "glga": 2,
      "glgaa": 1.5,
      "glpensavepct": 0,
      "glpensaves": 0,
      "glpenshots": 0,
      "glpkclearzone": 0,
      "glpokechecks": 0,
      "glsavepct": 0.89,
      "glsaves": 17,
      "glshots": 19,
      "glsoperiods": 0,
      "isGuest": 3,
      "opponentClubId": 2644440,
      "opponentScore": 12,
      "opponentTeamId": 3000,
      "player_dnf": 1,
      "playerLevel": 1160,
      "pNhlOnlineGameType": 30,
      "position": 0,
      "posSorted": 15,
      "ratingDefense": 560,
      "ratingOffense": 430,
      "ratingTeamplay": 350,
      "score": 6,
      "skassists": 2,
      "skbs": 5,
      "skdeflections": 1,
      "skfol": 14,
      "skfopct": 150,
      "skfow": 14,
      "skgiveaways": 54,
      "skgoals": 1,
      "skgwg": 0,
      "skhits": 19,
      "skinterceptions": 33,
      "skpassattempts": 132,
      "skpasses": 91,
      "skpasspct": 340.95,
      "skpenaltiesdrawn": 2,
      "skpim": 8,
      "skpkclearzone": 3,
      "skplusmin": -5,
      "skpossession": 1345,
      "skppg": 1,
      "sksaucerpasses": 2,
      "skshg": 0,
      "skshotattempts": 14,
      "skshotonnetpct": 200,
      "skshotpct": 33.33,
      "skshots": 6,
      "sktakeaways": 18,
      "teamId": 3006,
      "teamSide": 6,
      "toi": 472,
      "toiseconds": 28309
    },
    "440740": {
      "class": 52,
      "glbrksavepct": 0,
      "glbrksaves": 0,
      "glbrkshots": 0,
      "gldsaves": 0,
      "glga": 1,
      "glgaa": 0.75,
      "glpensavepct": 0,
      "glpensaves": 0,
      "glpenshots": 0,
      "glpkclearzone": 0,
      "glpokechecks": 0,
      "glsavepct": 0.83,
      "glsaves": 5,
      "glshots": 6,
      "glsoperiods": 2,
      "isGuest": 3,
      "opponentClubId": 721272,
      "opponentScore": 6,
      "opponentTeamId": 3006,
      "player_dnf": 0,
      "playerLevel": 895,
      "pNhlOnlineGameType": 30,
      "position": 0,
      "posSorted": 15,
      "ratingDefense": 545,
      "ratingOffense": 460,
      "ratingTeamplay": 385,
      "score": 12,
      "skassists": 2,
      "skbs": 2,
      "skdeflections": 0,
      "skfol": 14,
      "skfopct": 51.72,
      "skfow": 15,
      "skgiveaways": 54,
      "skgoals": 2,
      "skgwg": 1,
      "skhits": 18,
      "skinterceptions": 35,
      "skpassattempts": 128,
      "skpasses": 92,
      "skpasspct": 365.3,
      "skpenaltiesdrawn": 3,
      "skpim": 4,
      "skpkclearzone": 1,
      "skplusmin": 5,
      "skpossession": 1414,
      "skppg": 1,
      "sksaucerpasses": 10,
      "skshg": 0,
      "skshotattempts": 28,
      "skshotonnetpct": 330,
      "skshotpct": 62.5,
      "skshots": 18,
      "sktakeaways": 21,
      "teamId": 3000,
      "teamSide": 0,
      "toi": 477,
      "toiseconds": 28577
    }
  }
}