{
  "matchId": "6738587570336",
  "timestamp": 1663895649,
  "timeAgo": {
    "number": 14,
    "unit": "hours"
  },
  "clubs": {
    "120212": {
      "clubDivision": "10",
      "cNhlOnlineGameType": "5",
      "garaw": "2",
      "gfraw": "1",
      "losses": "1",
      "memberString": "6 / 6",
      "opponentClubId": "440740",
      "opponentScore": "2",
      "opponentTeamArtAbbr": "DROP",
      "passa": "82",
      "passc": "56",
      "ppg": "1",
      "ppo": "3",
      "result": "2",
      "score": "1",
      "scoreString": "1 - 2",
      "shots": "11",
      "teamArtAbbr": "EASHL",
      "teamSide": "0",
      "toa": "225",
      "winnerByDnf": "0",
      "winnerByGoalieDnf": "0",
      "details": {
        "name": "Catalyst",
        "clubId": 120212,
        "regionId": 5,
        "teamId": 5179,
        "customKit": {
          "isCustomTeam": "1",
          "crestAssetId": "239",
          "useBaseAsset": "1"
        }
      },
      "goals": "1",
      "goalsAgainst": "2"
    },
    "440740": {
      "clubDivision": "1",
      "cNhlOnlineGameType": "5",
      "garaw": "1",
      "gfraw": "2",
      "losses": "0",
      "memberString": "6 / 6",
      "opponentClubId": "120212",
      "opponentScore": "1",
      "opponentTeamArtAbbr": "EASHL",
      "passa": "101",
      "passc": "79",
      "ppg": "1",
      "ppo": "2",
      "result": "1",
      "score": "2",
      "scoreString": "2 - 1",
      "shots": "12",
      "teamArtAbbr": "DROP",
      "teamSide": "1",
      "toa": "374",
      "winnerByDnf": "0",
      "winnerByGoalieDnf": "0",
      "details": {
        "name": "M6 Electrified",
        "clubId": 440740,
        "regionId": 5,
        "teamId": 5070,
        "customKit": {
          "isCustomTeam": "1",
          "crestAssetId": "183",
          "useBaseAsset": "1"
        }
      },
      "goals": "2",
      "goalsAgainst": "1"
    }
  },
  "players": {
    "120212": {
      "362296239": {
        "class": "15",
        "glbrksavepct": "0.00",
        "glbrksaves": "0",
        "glbrkshots": "0",
        "gldsaves": "0",
        "glga": "0",
        "glgaa": "0.00",
        "glpensavepct": "0.00",
        "glpensaves": "0",
        "glpenshots": "0",
        "glpkclearzone": "0",
        "glpokechecks": "0",
        "glsavepct": "0.00",
        "glsaves": "0",
        "glshots": "0",
        "glsoperiods": "0",
        "isGuest": "1",
        "opponentClubId": "440740",
        "opponentScore": "2",
        "opponentTeamId": "501",
        "player_dnf": "0",
        "playerLevel": "206",
        "pNhlOnlineGameType": "5",
        "position": "leftWing",
        "posSorted": "4",
        "ratingDefense": "75.00",
        "ratingOffense": "65.00",
        "ratingTeamplay": "45.00",
        "score": "1",
        "skassists": "1",
        "skbs": "2",
        "skdeflections": "0",
        "skfol": "0",
        "skfopct": "0.00",
        "skfow": "0",
        "skgiveaways": "2",
        "skgoals": "0",
        "skgwg": "0",
        "skhits": "2",
        "skinterceptions": "8",
        "skpassattempts": "16",
        "skpasses": "16",
        "skpasspct": "100.00",
        "skpenaltiesdrawn": "0",
        "skpim": "2",
        "skpkclearzone": "0",
        "skplusmin": "-1",
        "skpossession": "165",
        "skppg": "0",
        "sksaucerpasses": "0",
        "skshg": "0",
        "skshotattempts": "4",
        "skshotonnetpct": "50.00",
        "skshotpct": "0.00",
        "skshots": "2",
        "sktakeaways": "6",
        "teamId": "500",
        "teamSide": "0",
        "toi": "59",
        "toiseconds": "3538",
        "playername": "KuttnKornerz"
      },
      "941432623": {
        "class": "15",
        "glbrksavepct": "0.00",
        "glbrksaves": "0",
        "glbrkshots": "0",
        "gldsaves": "0",
        "glga": "0",
        "glgaa": "0.00",
        "glpensavepct": "0.00",
        "glpensaves": "0",
        "glpenshots": "0",
        "glpkclearzone": "0",
        "glpokechecks": "0",
        "glsavepct": "0.00",
        "glsaves": "0",
        "glshots": "0",
        "glsoperiods": "0",
        "isGuest": "1",
        "opponentClubId": "440740",
        "opponentScore": "2",
        "opponentTeamId": "501",
        "player_dnf": "0",
        "playerLevel": "195",
        "pNhlOnlineGameType": "5",
        "position": "defenseMen",
        "posSorted": "1",
        "ratingDefense": "95.00",
        "ratingOffense": "55.00",
        "ratingTeamplay": "70.00",
        "score": "1",
        "skassists": "0",
        "skbs": "3",
        "skdeflections": "0",
        "skfol": "0",
        "skfopct": "0.00",
        "skfow": "0",
        "skgiveaways": "5",
        "skgoals": "0",
        "skgwg": "0",
        "skhits": "2",
        "skinterceptions": "5",
        "skpassattempts": "16",
        "skpasses": "12",
        "skpasspct": "75.00",
        "skpenaltiesdrawn": "0",
        "skpim": "0",
        "skpkclearzone": "1",
        "skplusmin": "-1",
        "skpossession": "100",
        "skppg": "0",
        "sksaucerpasses": "0",
        "skshg": "0",
        "skshotattempts": "1",
        "skshotonnetpct": "0.00",
        "skshotpct": "0.00",
        "skshots": "0",
        "sktakeaways": "2",
        "teamId": "500",
        "teamSide": "0",
        "toi": "60",
        "toiseconds": "3600",
        "playername": "dudethisishard"
      },
      "1128072336": {
        "class": "21",
        "glbrksavepct": "0.00",
        "glbrksaves": "0",
        "glbrkshots": "0",
        "gldsaves": "0",
        "glga": "2",
        "glgaa": "2.00",
        "glpensavepct": "0.00",
        "glpensaves": "0",
        "glpenshots": "0",
        "glpkclearzone": "0",
        "glpokechecks": "0",
        "glsavepct": "0.83",
        "glsaves": "10",
        "glshots": "12",
        "glsoperiods": "0",
        "isGuest": "0",
        "opponentClubId": "440740",
        "opponentScore": "2",
        "opponentTeamId": "501",
        "player_dnf": "0",
        "playerLevel": "172",
        "pNhlOnlineGameType": "5",
        "position": "goalie",
        "posSorted": "0",
        "ratingDefense": "70.00",
        "ratingOffense": "70.00",
        "ratingTeamplay": "45.00",
        "score": "1",
        "skassists": "0",
        "skbs": "0",
        "skdeflections": "0",
        "skfol": "0",
        "skfopct": "0.00",
        "skfow": "0",
        "skgiveaways": "0",
        "skgoals": "0",
        "skgwg": "0",
        "skhits": "0",
        "skinterceptions": "0",
        "skpassattempts": "0",
        "skpasses": "0",
        "skpasspct": "0.00",
        "skpenaltiesdrawn": "0",
        "skpim": "0",
        "skpkclearzone": "0",
        "skplusmin": "0",
        "skpossession": "0",
        "skppg": "0",
        "sksaucerpasses": "0",
        "skshg": "0",
        "skshotattempts": "0",
        "skshotonnetpct": "0.00",
        "skshotpct": "0.00",
        "skshots": "0",
        "sktakeaways": "0",
        "teamId": "500",
        "teamSide": "0",
        "toi": "60",
        "toiseconds": "3600",
        "playername": "MirrorParty"
      },
      "1303636499": {
        "class": "1",
        "glbrksavepct": "0.00",
        "glbrksaves": "0",
        "glbrkshots": "0",
        "gldsaves": "0",
        "glga": "0",
        "glgaa": "0.00",
        "glpensavepct": "0.00",
        "glpensaves": "0",
        "glpenshots": "0",
        "glpkclearzone": "0",
        "glpokechecks": "0",
        "glsavepct": "0.00",
        "glsaves": "0",
        "glshots": "0",
        "glsoperiods": "0",
        "isGuest": "0",
        "opponentClubId": "440740",
        "opponentScore": "2",
        "opponentTeamId": "501",
        "player_dnf": "0",
        "playerLevel": "213",
        "pNhlOnlineGameType": "5",
        "position": "center",
        "posSorted": "5",
        "ratingDefense": "75.00",
        "ratingOffense": "70.00",
        "ratingTeamplay": "65.00",
        "score": "1",
        "skassists": "1",
        "skbs": "0",
        "skdeflections": "0",
        "skfol": "15",
        "skfopct": "37.50",
        "skfow": "9",
        "skgiveaways": "7",
        "skgoals": "0",
        "skgwg": "0",
        "skhits": "3",
        "skinterceptions": "2",
        "skpassattempts": "13",
        "skpasses": "7",
        "skpasspct": "53.85",
        "skpenaltiesdrawn": "2",
        "skpim": "0",
        "skpkclearzone": "0",
        "skplusmin": "-1",
        "skpossession": "172",
        "skppg": "0",
        "sksaucerpasses": "0",
        "skshg": "0",
        "skshotattempts": "3",
        "skshotonnetpct": "66.67",
        "skshotpct": "0.00",
        "skshots": "2",
        "sktakeaways": "2",
        "teamId": "500",
        "teamSide": "0",
        "toi": "60",
        "toiseconds": "3600",
        "playername": "Sakxc-"
      },
      "1903088278": {
        "class": "15",
        "glbrksavepct": "0.00",
        "glbrksaves": "0",
        "glbrkshots": "0",
        "gldsaves": "0",
        "glga": "0",
        "glgaa": "0.00",
        "glpensavepct": "0.00",
        "glpensaves": "0",
        "glpenshots": "0",
        "glpkclearzone": "0",
        "glpokechecks": "0",
        "glsavepct": "0.00",
        "glsaves": "0",
        "glshots": "0",
        "glsoperiods": "0",
        "isGuest": "1",
        "opponentClubId": "440740",
        "opponentScore": "2",
        "opponentTeamId": "501",
        "player_dnf": "0",
        "playerLevel": "202",
        "pNhlOnlineGameType": "5",
        "position": "defenseMen",
        "posSorted": "2",
        "ratingDefense": "80.00",
        "ratingOffense": "60.00",
        "ratingTeamplay": "65.00",
        "score": "1",
        "skassists": "0",
        "skbs": "2",
        "skdeflections": "0",
        "skfol": "0",
        "skfopct": "0.00",
        "skfow": "0",
        "skgiveaways": "13",
        "skgoals": "0",
        "skgwg": "0",
        "skhits": "1",
        "skinterceptions": "10",
        "skpassattempts": "27",
        "skpasses": "15",
        "skpasspct": "55.56",
        "skpenaltiesdrawn": "1",
        "skpim": "0",
        "skpkclearzone": "0",
        "skplusmin": "-1",
        "skpossession": "418",
        "skppg": "0",
        "sksaucerpasses": "0",
        "skshg": "0",
        "skshotattempts": "0",
        "skshotonnetpct": "0.00",
        "skshotpct": "0.00",
        "skshots": "0",
        "sktakeaways": "4",
        "teamId": "500",
        "teamSide": "0",
        "toi": "60",
        "toiseconds": "3600",
        "playername": "xHyper-27"
      },
      "1979919589": {
        "class": "2",
        "glbrksavepct": "0.00",
        "glbrksaves": "0",
        "glbrkshots": "0",
        "gldsaves": "0",
        "glga": "0",
        "glgaa": "0.00",
        "glpensavepct": "0.00",
        "glpensaves": "0",
        "glpenshots": "0",
        "glpkclearzone": "0",
        "glpokechecks": "0",
        "glsavepct": "0.00",
        "glsaves": "0",
        "glshots": "0",
        "glsoperiods": "0",
        "isGuest": "1",
        "opponentClubId": "440740",
        "opponentScore": "2",
        "opponentTeamId": "501",
        "player_dnf": "0",
        "playerLevel": "228",
        "pNhlOnlineGameType": "5",
        "position": "rightWing",
        "posSorted": "3",
        "ratingDefense": "65.00",
        "ratingOffense": "70.00",
        "ratingTeamplay": "50.00",
        "score": "1",
        "skassists": "0",
        "skbs": "2",
        "skdeflections": "0",
        "skfol": "0",
        "skfopct": "0.00",
        "skfow": "0",
        "skgiveaways": "6",
        "skgoals": "1",
        "skgwg": "0",
        "skhits": "3",
        "skinterceptions": "2",
        "skpassattempts": "9",
        "skpasses": "5",
        "skpasspct": "55.56",
        "skpenaltiesdrawn": "0",
        "skpim": "2",
        "skpkclearzone": "0",
        "skplusmin": "-1",
        "skpossession": "78",
        "skppg": "1",
        "sksaucerpasses": "0",
        "skshg": "0",
        "skshotattempts": "8",
        "skshotonnetpct": "50.00",
        "skshotpct": "25.00",
        "skshots": "4",
        "sktakeaways": "2",
        "teamId": "500",
        "teamSide": "0",
        "toi": "58",
        "toiseconds": "3481",
        "playername": "TheBossNYC"
      }
    },
    "440740": {
      "207185895": {
        "class": "11",
        "glbrksavepct": "0.00",
        "glbrksaves": "0",
        "glbrkshots": "0",
        "gldsaves": "0",
        "glga": "0",
        "glgaa": "0.00",
        "glpensavepct": "0.00",
        "glpensaves": "0",
        "glpenshots": "0",
        "glpkclearzone": "0",
        "glpokechecks": "0",
        "glsavepct": "0.00",
        "glsaves": "0",
        "glshots": "0",
        "glsoperiods": "0",
        "isGuest": "1",
        "opponentClubId": "120212",
        "opponentScore": "1",
        "opponentTeamId": "500",
        "player_dnf": "0",
        "playerLevel": "161",
        "pNhlOnlineGameType": "5",
        "position": "defenseMen",
        "posSorted": "1",
        "ratingDefense": "80.00",
        "ratingOffense": "70.00",
        "ratingTeamplay": "70.00",
        "score": "2",
        "skassists": "1",
        "skbs": "0",
        "skdeflections": "0",
        "skfol": "0",
        "skfopct": "0.00",
        "skfow": "0",
        "skgiveaways": "6",
        "skgoals": "0",
        "skgwg": "0",
        "skhits": "5",
        "skinterceptions": "7",
        "skpassattempts": "21",
        "skpasses": "17",
        "skpasspct": "80.95",
        "skpenaltiesdrawn": "1",
        "skpim": "2",
        "skpkclearzone": "1",
        "skplusmin": "1",
        "skpossession": "170",
        "skppg": "0",
        "sksaucerpasses": "1",
        "skshg": "0",
        "skshotattempts": "1",
        "skshotonnetpct": "0.00",
        "skshotpct": "0.00",
        "skshots": "0",
        "sktakeaways": "3",
        "teamId": "501",
        "teamSide": "1",
        "toi": "58",
        "toiseconds": "3480",
        "playername": "IVIelo"
      },
      "787537987": {
        "class": "1",
        "glbrksavepct": "0.00",
        "glbrksaves": "0",
        "glbrkshots": "0",
        "gldsaves": "0",
        "glga": "0",
        "glgaa": "0.00",
        "glpensavepct": "0.00",
        "glpensaves": "0",
        "glpenshots": "0",
        "glpkclearzone": "0",
        "glpokechecks": "0",
        "glsavepct": "0.00",
        "glsaves": "0",
        "glshots": "0",
        "glsoperiods": "0",
        "isGuest": "1",
        "opponentClubId": "120212",
        "opponentScore": "1",
        "opponentTeamId": "500",
        "player_dnf": "0",
        "playerLevel": "10",
        "pNhlOnlineGameType": "5",
        "position": "center",
        "posSorted": "5",
        "ratingDefense": "80.00",
        "ratingOffense": "70.00",
        "ratingTeamplay": "70.00",
        "score": "2",
        "skassists": "1",
        "skbs": "0",
        "skdeflections": "0",
        "skfol": "8",
        "skfopct": "61.90",
        "skfow": "13",
        "skgiveaways": "14",
        "skgoals": "0",
        "skgwg": "0",
        "skhits": "1",
        "skinterceptions": "3",
        "skpassattempts": "17",
        "skpasses": "11",
        "skpasspct": "64.71",
        "skpenaltiesdrawn": "0",
        "skpim": "2",
        "skpkclearzone": "0",
        "skplusmin": "1",
        "skpossession": "171",
        "skppg": "0",
        "sksaucerpasses": "0",
        "skshg": "0",
        "skshotattempts": "3",
        "skshotonnetpct": "100.00",
        "skshotpct": "0.00",
        "skshots": "3",
        "sktakeaways": "3",
        "teamId": "501",
        "teamSide": "1",
        "toi": "58",
        "toiseconds": "3481",
        "playername": "BarryWoodsDong"
      },
      "880469871": {
        "class": "21",
        "glbrksavepct": "0.00",
        "glbrksaves": "0",
        "glbrkshots": "0",
        "gldsaves": "0",
        "glga": "1",
        "glgaa": "1.00",
        "glpensavepct": "0.00",
        "glpensaves": "0",
        "glpenshots": "0",
        "glpkclearzone": "0",
        "glpokechecks": "1",
        "glsavepct": "0.91",
        "glsaves": "10",
        "glshots": "11",
        "glsoperiods": "0",
        "isGuest": "0",
        "opponentClubId": "120212",
        "opponentScore": "1",
        "opponentTeamId": "500",
        "player_dnf": "0",
        "playerLevel": "188",
        "pNhlOnlineGameType": "5",
        "position": "goalie",
        "posSorted": "0",
        "ratingDefense": "60.00",
        "ratingOffense": "60.00",
        "ratingTeamplay": "65.00",
        "score": "2",
        "skassists": "0",
        "skbs": "0",
        "skdeflections": "0",
        "skfol": "0",
        "skfopct": "0.00",
        "skfow": "0",
        "skgiveaways": "0",
        "skgoals": "0",
        "skgwg": "0",
        "skhits": "0",
        "skinterceptions": "0",
        "skpassattempts": "0",
        "skpasses": "0",
        "skpasspct": "0.00",
        "skpenaltiesdrawn": "0",
        "skpim": "0",
        "skpkclearzone": "0",
        "skplusmin": "0",
        "skpossession": "0",
        "skppg": "0",
        "sksaucerpasses": "0",
        "skshg": "0",
        "skshotattempts": "0",
        "skshotonnetpct": "0.00",
        "skshotpct": "0.00",
        "skshots": "0",
        "sktakeaways": "0",
        "teamId": "501",
        "teamSide": "1",
        "toi": "60",
        "toiseconds": "3600",
        "playername": "Seagull_3134"
      },
      "1012193622": {
        "class": "15",
        "glbrksavepct": "0.00",
        "glbrksaves": "0",
        "glbrkshots": "0",
        "gldsaves": "0",
        "glga": "0",
        "glgaa": "0.00",
        "glpensavepct": "0.00",
        "glpensaves": "0",
        "glpenshots": "0",
        "glpkclearzone": "0",
        "glpokechecks": "0",
        "glsavepct": "0.00",
        "glsaves": "0",
        "glshots": "0",
        "glsoperiods": "0",
        "isGuest": "0",
        "opponentClubId": "120212",
        "opponentScore": "1",
        "opponentTeamId": "500",
        "player_dnf": "0",
        "playerLevel": "203",
        "pNhlOnlineGameType": "5",
        "position": "defenseMen",
        "posSorted": "2",
        "ratingDefense": "100.00",
        "ratingOffense": "70.00",
        "ratingTeamplay": "65.00",
        "score": "2",
        "skassists": "0",
        "skbs": "2",
        "skdeflections": "0",
        "skfol": "0",
        "skfopct": "0.00",
        "skfow": "0",
        "skgiveaways": "6",
        "skgoals": "0",
        "skgwg": "0",
        "skhits": "0",
        "skinterceptions": "2",
        "skpassattempts": "25",
        "skpasses": "22",
        "skpasspct": "88.00",
        "skpenaltiesdrawn": "1",
        "skpim": "0",
        "skpkclearzone": "1",
        "skplusmin": "1",
        "skpossession": "300",
        "skppg": "0",
        "sksaucerpasses": "5",
        "skshg": "0",
        "skshotattempts": "6",
        "skshotonnetpct": "50.00",
        "skshotpct": "0.00",
        "skshots": "3",
        "sktakeaways": "1",
        "teamId": "501",
        "teamSide": "1",
        "toi": "60",
        "toiseconds": "3600",
        "playername": "Bilal-I96I"
      },
      "1975762195": {
        "class": "2",
        "glbrksavepct": "0.00",
        "glbrksaves": "0",
        "glbrkshots": "0",
        "gldsaves": "0",
        "glga": "0",
        "glgaa": "0.00",
        "glpensavepct": "0.00",
        "glpensaves": "0",
        "glpenshots": "0",
        "glpkclearzone": "0",
        "glpokechecks": "0",
        "glsavepct": "0.00",
        "glsaves": "0",
        "glshots": "0",
        "glsoperiods": "0",
        "isGuest": "0",
        "opponentClubId": "120212",
        "opponentScore": "1",
        "opponentTeamId": "500",
        "player_dnf": "0",
        "playerLevel": "155",
        "pNhlOnlineGameType": "5",
        "position": "rightWing",
        "posSorted": "3",
        "ratingDefense": "75.00",
        "ratingOffense": "85.00",
        "ratingTeamplay": "70.00",
        "score": "2",
        "skassists": "1",
        "skbs": "0",
        "skdeflections": "0",
        "skfol": "1",
        "skfopct": "66.67",
        "skfow": "2",
        "skgiveaways": "8",
        "skgoals": "1",
        "skgwg": "0",
        "skhits": "3",
        "skinterceptions": "6",
        "skpassattempts": "17",
        "skpasses": "12",
        "skpasspct": "70.59",
        "skpenaltiesdrawn": "0",
        "skpim": "0",
        "skpkclearzone": "0",
        "skplusmin": "1",
        "skpossession": "256",
        "skppg": "1",
        "sksaucerpasses": "0",
        "skshg": "0",
        "skshotattempts": "6",
        "skshotonnetpct": "33.33",
        "skshotpct": "50.00",
        "skshots": "2",
        "sktakeaways": "2",
        "teamId": "501",
        "teamSide": "1",
        "toi": "60",
        "toiseconds": "3600",
        "playername": "Vaniskov"
      },
      "1003797820592": {
        "class": "2",
        "glbrksavepct": "0.00",
        "glbrksaves": "0",
        "glbrkshots": "0",
        "gldsaves": "0",
        "glga": "0",
        "glgaa": "0.00",
        "glpensavepct": "0.00",
        "glpensaves": "0",
        "glpenshots": "0",
        "glpkclearzone": "0",
        "glpokechecks": "0",
        "glsavepct": "0.00",
        "glsaves": "0",
        "glshots": "0",
        "glsoperiods": "0",
        "isGuest": "1",
        "opponentClubId": "120212",
        "opponentScore": "1",
        "opponentTeamId": "500",
        "player_dnf": "0",
        "playerLevel": "299",
        "pNhlOnlineGameType": "5",
        "position": "leftWing",
        "posSorted": "4",
        "ratingDefense": "75.00",
        "ratingOffense": "80.00",
        "ratingTeamplay": "30.00",
        "score": "2",
        "skassists": "1",
        "skbs": "1",
        "skdeflections": "0",
        "skfol": "0",
        "skfopct": "0.00",
        "skfow": "0",
        "skgiveaways": "9",
        "skgoals": "1",
        "skgwg": "0",
        "skhits": "0",
        "skinterceptions": "4",
        "skpassattempts": "20",
        "skpasses": "16",
        "skpasspct": "80.00",
        "skpenaltiesdrawn": "0",
        "skpim": "2",
        "skpkclearzone": "1",
        "skplusmin": "1",
        "skpossession": "285",
        "skppg": "0",
        "sksaucerpasses": "0",
        "skshg": "0",
        "skshotattempts": "7",
        "skshotonnetpct": "57.14",
        "skshotpct": "25.00",
        "skshots": "4",
        "sktakeaways": "2",
        "teamId": "501",
        "teamSide": "1",
        "toi": "59",
        "toiseconds": "3558",
        "playername": "A-H-O_20-"
      }
    }
  },
  "aggregate": {
    "120212": {
      "class": 69,
      "glbrksavepct": 0,
      "glbrksaves": 0,
      "glbrkshots": 0,
      "gldsaves": 0,
      "glga": 2,
      "glgaa": 2,
      "glpensavepct": 0,
      "glpensaves": 0,
      "glpenshots": 0,
      "glpkclearzone": 0,
      "glpokechecks": 0,
      "glsavepct": 0.83,
      "glsaves": 10,
      "glshots": 12,
      "glsoperiods": 0,
      "isGuest": 4,
      "opponentClubId": 2644440,
      "opponentScore": 12,
      "opponentTeamId": 3006,
      "player_dnf": 0,
      "playerLevel": 1216,
      "pNhlOnlineGameType": 30,
      "position": 0,
      "posSorted": 15,
      "ratingDefense": 460,
      "ratingOffense": 390,
      "ratingTeamplay": 340,
      "score": 6,
      "skassists": 2,
      "skbs": 9,
      "skdeflections": 0,
      "skfol": 15,
      "skfopct": 37.5,
      "skfow": 9,
      "skgiveaways": 33,
      "skgoals": 1,
      "skgwg": 0,
      "skhits": 11,
      "skinterceptions": 27,
      "skpassattempts": 81,
      "skpasses": 55,
      "skpasspct": 339.97,
      "skpenaltiesdrawn": 3,
      "skpim": 4,
      "skpkclearzone": 1,
      "skplusmin": -5,
      "skpossession": 933,
      "skppg": 1,
      "sksaucerpasses": 0,
      "skshg": 0,
      "skshotattempts": 16,
      "skshotonnetpct": 166.67,
      "skshotpct": 25,
      "skshots": 8,
      "sktakeaways": 16,
      "teamId": 3000,
      "teamSide": 0,
      "toi": 357,
      "toiseconds": 21419
    },
    "440740": {
      "class": 52,
      "glbrksavepct": 0,
      "glbrksaves": 0,
      "glbrkshots": 0,
      "gldsaves": 0,
      "glga": 1,
      "glgaa": 1,
      "glpensavepct": 0,
      "glpensaves": 0,
      "glpenshots": 0,
      "glpkclearzone": 0,
      "glpokechecks": 1,
      "glsavepct": 0.91,
      "glsaves": 10,
      "glshots": 11,
      "glsoperiods": 0,
      "isGuest": 3,
      "opponentClubId": 721272,
      "opponentScore": 6,
      "opponentTeamId": 3000,
      "player_dnf": 0,
      "playerLevel": 1016,
      "pNhlOnlineGameType": 30,
      "position": 0,
      "posSorted": 15,
      "ratingDefense": 470,
      "ratingOffense": 435,
      "ratingTeamplay": 370,
      "score": 12,
      "skassists": 4,
      "skbs": 3,
      "skdeflections": 0,
      "skfol": 9,
      "skfopct": 128.57,
      "skfow": 15,
      "skgiveaways": 43,
      "skgoals": 2,
      "skgwg": 0,
      "skhits": 9,
      "skinterceptions": 22,
      "skpassattempts": 100,
      "skpasses": 78,
      "skpasspct": 384.25,
      "skpenaltiesdrawn": 2,
      "skpim": 6,
      "skpkclearzone": 3,
      "skplusmin": 5,
      "skpossession": 1182,
      "skppg": 1,
      "sksaucerpasses": 6,
      "skshg": 0,
      "skshotattempts": 23,
      "skshotonnetpct": 240.47,
      "skshotpct": 75,
      "skshots": 12,
      "sktakeaways": 11,
      "teamId": 3006,
      "teamSide": 6,
      "toi": 355,
      "toiseconds": 21319
    }
  }
}