{
  "matchId": "6778395440212",
  "timestamp": 1664327099,
  "timeAgo": {
    "number": 2,
    "unit": "days"
  },
  "clubs": {
    "440740": {
      "clubDivision": "1",
      "cNhlOnlineGameType": "5",
      "garaw": "2",
      "gfraw": "3",
      "losses": "0",
      "memberString": "6 / 6",
      "opponentClubId": "450721",
      "opponentScore": "2",
      "opponentTeamArtAbbr": "EASHL",
      "passa": "116",
      "passc": "84",
      "ppg": "1",
      "ppo": "2",
      "result": "5",
      "score": "3",
      "scoreString": "3 - 2",
      "shots": "11",
      "teamArtAbbr": "DROP",
      "teamSide": "1",
      "toa": "333",
      "winnerByDnf": "0",
      "winnerByGoalieDnf": "0",
      "details": {
        "name": "M6 Electrified",
        "clubId": 440740,
        "regionId": 5,
        "teamId": 5070,
        "customKit": {
          "isCustomTeam": "1",
          "crestAssetId": "183",
          "useBaseAsset": "1"
        }
      },
      "goals": "3",
      "goalsAgainst": "2"
    },
    "450721": {
      "clubDivision": "3",
      "cNhlOnlineGameType": "5",
      "garaw": "3",
      "gfraw": "2",
      "losses": "0",
      "memberString": "6 / 6",
      "opponentClubId": "440740",
      "opponentScore": "3",
      "opponentTeamArtAbbr": "DROP",
      "passa": "90",
      "passc": "69",
      "ppg": "1",
      "ppo": "3",
      "result": "6",
      "score": "2",
      "scoreString": "2 - 3",
      "shots": "11",
      "teamArtAbbr": "EASHL",
      "teamSide": "0",
      "toa": "199",
      "winnerByDnf": "0",
      "winnerByGoalieDnf": "0",
      "details": {
        "name": "M6 Troublemakers",
        "clubId": 450721,
        "regionId": 5,
        "teamId": 5137,
        "customKit": {
          "isCustomTeam": "1",
          "crestAssetId": "242",
          "useBaseAsset": "1"
        }
      },
      "goals": "2",
      "goalsAgainst": "3"
    }
  },
  "players": {
    "440740": {
      "655079392": {
        "class": "21",
        "glbrksavepct": "0.00",
        "glbrksaves": "0",
        "glbrkshots": "0",
        "gldsaves": "1",
        "glga": "2",
        "glgaa": "1.94",
        "glpensavepct": "0.00",
        "glpensaves": "0",
        "glpenshots": "0",
        "glpkclearzone": "0",
        "glpokechecks": "1",
        "glsavepct": "0.82",
        "glsaves": "9",
        "glshots": "11",
        "glsoperiods": "0",
        "isGuest": "0",
        "opponentClubId": "450721",
        "opponentScore": "2",
        "opponentTeamId": "500",
        "player_dnf": "0",
        "playerLevel": "30",
        "pNhlOnlineGameType": "5",
        "position": "goalie",
        "posSorted": "0",
        "ratingDefense": "70.00",
        "ratingOffense": "60.00",
        "ratingTeamplay": "60.00",
        "score": "3",
        "skassists": "0",
        "skbs": "0",
        "skdeflections": "0",
        "skfol": "0",
        "skfopct": "0.00",
        "skfow": "0",
        "skgiveaways": "0",
        "skgoals": "0",
        "skgwg": "0",
        "skhits": "0",
        "skinterceptions": "0",
        "skpassattempts": "0",
        "skpasses": "0",
        "skpasspct": "0.00",
        "skpenaltiesdrawn": "0",
        "skpim": "0",
        "skpkclearzone": "0",
        "skplusmin": "0",
        "skpossession": "0",
        "skppg": "0",
        "sksaucerpasses": "0",
        "skshg": "0",
        "skshotattempts": "0",
        "skshotonnetpct": "0.00",
        "skshotpct": "0.00",
        "skshots": "0",
        "sktakeaways": "0",
        "teamId": "501",
        "teamSide": "1",
        "toi": "62",
        "toiseconds": "3733",
        "playername": "SVNickNitro"
      },
      "787537987": {
        "class": "1",
        "glbrksavepct": "0.00",
        "glbrksaves": "0",
        "glbrkshots": "0",
        "gldsaves": "0",
        "glga": "0",
        "glgaa": "0.00",
        "glpensavepct": "0.00",
        "glpensaves": "0",
        "glpenshots": "0",
        "glpkclearzone": "0",
        "glpokechecks": "0",
        "glsavepct": "0.00",
        "glsaves": "0",
        "glshots": "0",
        "glsoperiods": "0",
        "isGuest": "1",
        "opponentClubId": "450721",
        "opponentScore": "2",
        "opponentTeamId": "500",
        "player_dnf": "0",
        "playerLevel": "10",
        "pNhlOnlineGameType": "5",
        "position": "center",
        "posSorted": "5",
        "ratingDefense": "80.00",
        "ratingOffense": "80.00",
        "ratingTeamplay": "25.00",
        "score": "3",
        "skassists": "1",
        "skbs": "1",
        "skdeflections": "0",
        "skfol": "8",
        "skfopct": "55.56",
        "skfow": "10",
        "skgiveaways": "13",
        "skgoals": "0",
        "skgwg": "0",
        "skhits": "1",
        "skinterceptions": "3",
        "skpassattempts": "21",
        "skpasses": "15",
        "skpasspct": "71.43",
        "skpenaltiesdrawn": "0",
        "skpim": "6",
        "skpkclearzone": "0",
        "skplusmin": "1",
        "skpossession": "221",
        "skppg": "0",
        "sksaucerpasses": "2",
        "skshg": "0",
        "skshotattempts": "2",
        "skshotonnetpct": "50.00",
        "skshotpct": "0.00",
        "skshots": "1",
        "sktakeaways": "3",
        "teamId": "501",
        "teamSide": "1",
        "toi": "58",
        "toiseconds": "3483",
        "playername": "BarryWoodsDong"
      },
      "1012193622": {
        "class": "15",
        "glbrksavepct": "0.00",
        "glbrksaves": "0",
        "glbrkshots": "0",
        "gldsaves": "0",
        "glga": "0",
        "glgaa": "0.00",
        "glpensavepct": "0.00",
        "glpensaves": "0",
        "glpenshots": "0",
        "glpkclearzone": "0",
        "glpokechecks": "0",
        "glsavepct": "0.00",
        "glsaves": "0",
        "glshots": "0",
        "glsoperiods": "0",
        "isGuest": "0",
        "opponentClubId": "450721",
        "opponentScore": "2",
        "opponentTeamId": "500",
        "player_dnf": "0",
        "playerLevel": "203",
        "pNhlOnlineGameType": "5",
        "position": "defenseMen",
        "posSorted": "2",
        "ratingDefense": "90.00",
        "ratingOffense": "75.00",
        "ratingTeamplay": "65.00",
        "score": "3",
        "skassists": "1",
        "skbs": "1",
        "skdeflections": "0",
        "skfol": "0",
        "skfopct": "0.00",
        "skfow": "0",
        "skgiveaways": "21",
        "skgoals": "0",
        "skgwg": "0",
        "skhits": "1",
        "skinterceptions": "2",
        "skpassattempts": "32",
        "skpasses": "20",
        "skpasspct": "62.50",
        "skpenaltiesdrawn": "0",
        "skpim": "0",
        "skpkclearzone": "0",
        "skplusmin": "1",
        "skpossession": "304",
        "skppg": "0",
        "sksaucerpasses": "3",
        "skshg": "0",
        "skshotattempts": "1",
        "skshotonnetpct": "100.00",
        "skshotpct": "0.00",
        "skshots": "1",
        "sktakeaways": "2",
        "teamId": "501",
        "teamSide": "1",
        "toi": "62",
        "toiseconds": "3733",
        "playername": "Bilal-I96I"
      },
      "1975762195": {
        "class": "2",
        "glbrksavepct": "0.00",
        "glbrksaves": "0",
        "glbrkshots": "0",
        "gldsaves": "0",
        "glga": "0",
        "glgaa": "0.00",
        "glpensavepct": "0.00",
        "glpensaves": "0",
        "glpenshots": "0",
        "glpkclearzone": "0",
        "glpokechecks": "0",
        "glsavepct": "0.00",
        "glsaves": "0",
        "glshots": "0",
        "glsoperiods": "0",
        "isGuest": "0",
        "opponentClubId": "450721",
        "opponentScore": "2",
        "opponentTeamId": "500",
        "player_dnf": "0",
        "playerLevel": "155",
        "pNhlOnlineGameType": "5",
        "position": "rightWing",
        "posSorted": "3",
        "ratingDefense": "75.00",
        "ratingOffense": "95.00",
        "ratingTeamplay": "65.00",
        "score": "3",
        "skassists": "2",
        "skbs": "0",
        "skdeflections": "0",
        "skfol": "1",
        "skfopct": "75.00",
        "skfow": "3",
        "skgiveaways": "7",
        "skgoals": "1",
        "skgwg": "0",
        "skhits": "0",
        "skinterceptions": "5",
        "skpassattempts": "17",
        "skpasses": "14",
        "skpasspct": "82.35",
        "skpenaltiesdrawn": "1",
        "skpim": "0",
        "skpkclearzone": "1",
        "skplusmin": "1",
        "skpossession": "218",
        "skppg": "1",
        "sksaucerpasses": "0",
        "skshg": "0",
        "skshotattempts": "6",
        "skshotonnetpct": "83.33",
        "skshotpct": "20.00",
        "skshots": "5",
        "sktakeaways": "3",
        "teamId": "501",
        "teamSide": "1",
        "toi": "62",
        "toiseconds": "3733",
        "playername": "Vaniskov"
      },
      "1999624193": {
        "class": "15",
        "glbrksavepct": "0.00",
        "glbrksaves": "0",
        "glbrkshots": "0",
        "gldsaves": "0",
        "glga": "0",
        "glgaa": "0.00",
        "glpensavepct": "0.00",
        "glpensaves": "0",
        "glpenshots": "0",
        "glpkclearzone": "0",
        "glpokechecks": "0",
        "glsavepct": "0.00",
        "glsaves": "0",
        "glshots": "0",
        "glsoperiods": "0",
        "isGuest": "1",
        "opponentClubId": "450721",
        "opponentScore": "2",
        "opponentTeamId": "500",
        "player_dnf": "0",
        "playerLevel": "299",
        "pNhlOnlineGameType": "5",
        "position": "defenseMen",
        "posSorted": "1",
        "ratingDefense": "95.00",
        "ratingOffense": "80.00",
        "ratingTeamplay": "65.00",
        "score": "3",
        "skassists": "2",
        "skbs": "2",
        "skdeflections": "0",
        "skfol": "0",
        "skfopct": "0.00",
        "skfow": "0",
        "skgiveaways": "2",
        "skgoals": "0",
        "skgwg": "0",
        "skhits": "2",
        "skinterceptions": "9",
        "skpassattempts": "25",
        "skpasses": "20",
        "skpasspct": "80.00",
        "skpenaltiesdrawn": "0",
        "skpim": "0",
        "skpkclearzone": "2",
        "skplusmin": "1",
        "skpossession": "203",
        "skppg": "0",
        "sksaucerpasses": "2",
        "skshg": "0",
        "skshotattempts": "1",
        "skshotonnetpct": "0.00",
        "skshotpct": "0.00",
        "skshots": "0",
        "sktakeaways": "5",
        "teamId": "501",
        "teamSide": "1",
        "toi": "62",
        "toiseconds": "3733",
        "playername": "FlowSoClean"
      },
      "1003797820592": {
        "class": "2",
        "glbrksavepct": "0.00",
        "glbrksaves": "0",
        "glbrkshots": "0",
        "gldsaves": "0",
        "glga": "0",
        "glgaa": "0.00",
        "glpensavepct": "0.00",
        "glpensaves": "0",
        "glpenshots": "0",
        "glpkclearzone": "0",
        "glpokechecks": "0",
        "glsavepct": "0.00",
        "glsaves": "0",
        "glshots": "0",
        "glsoperiods": "0",
        "isGuest": "1",
        "opponentClubId": "450721",
        "opponentScore": "2",
        "opponentTeamId": "500",
        "player_dnf": "0",
        "playerLevel": "299",
        "pNhlOnlineGameType": "5",
        "position": "leftWing",
        "posSorted": "4",
        "ratingDefense": "80.00",
        "ratingOffense": "95.00",
        "ratingTeamplay": "45.00",
        "score": "3",
        "skassists": "0",
        "skbs": "0",
        "skdeflections": "0",
        "skfol": "0",
        "skfopct": "0.00",
        "skfow": "0",
        "skgiveaways": "10",
        "skgoals": "2",
        "skgwg": "1",
        "skhits": "0",
        "skinterceptions": "10",
        "skpassattempts": "21",
        "skpasses": "15",
        "skpasspct": "71.43",
        "skpenaltiesdrawn": "0",
        "skpim": "0",
        "skpkclearzone": "1",
        "skplusmin": "1",
        "skpossession": "194",
        "skppg": "0",
        "sksaucerpasses": "0",
        "skshg": "0",
        "skshotattempts": "7",
        "skshotonnetpct": "57.14",
        "skshotpct": "50.00",
        "skshots": "4",
        "sktakeaways": "6",
        "teamId": "501",
        "teamSide": "1",
        "toi": "62",
        "toiseconds": "3733",
        "playername": "A-H-O_20-"
      }
    },
    "450721": {
      "244124053": {
        "class": "4",
        "glbrksavepct": "0.00",
        "glbrksaves": "0",
        "glbrkshots": "0",
        "gldsaves": "0",
        "glga": "0",
        "glgaa": "0.00",
        "glpensavepct": "0.00",
        "glpensaves": "0",
        "glpenshots": "0",
        "glpkclearzone": "0",
        "glpokechecks": "0",
        "glsavepct": "0.00",
        "glsaves": "0",
        "glshots": "0",
        "glsoperiods": "0",
        "isGuest": "1",
        "opponentClubId": "440740",
        "opponentScore": "3",
        "opponentTeamId": "501",
        "player_dnf": "0",
        "playerLevel": "156",
        "pNhlOnlineGameType": "5",
        "position": "center",
        "posSorted": "5",
        "ratingDefense": "80.00",
        "ratingOffense": "75.00",
        "ratingTeamplay": "60.00",
        "score": "2",
        "skassists": "0",
        "skbs": "0",
        "skdeflections": "0",
        "skfol": "13",
        "skfopct": "35.00",
        "skfow": "7",
        "skgiveaways": "8",
        "skgoals": "1",
        "skgwg": "0",
        "skhits": "6",
        "skinterceptions": "6",
        "skpassattempts": "21",
        "skpasses": "18",
        "skpasspct": "85.71",
        "skpenaltiesdrawn": "1",
        "skpim": "2",
        "skpkclearzone": "0",
        "skplusmin": "-1",
        "skpossession": "251",
        "skppg": "1",
        "sksaucerpasses": "0",
        "skshg": "0",
        "skshotattempts": "4",
        "skshotonnetpct": "50.00",
        "skshotpct": "50.00",
        "skshots": "2",
        "sktakeaways": "5",
        "teamId": "500",
        "teamSide": "0",
        "toi": "60",
        "toiseconds": "3613",
        "playername": "s-zeze-"
      },
      "792179809": {
        "class": "15",
        "glbrksavepct": "0.00",
        "glbrksaves": "0",
        "glbrkshots": "0",
        "gldsaves": "0",
        "glga": "0",
        "glgaa": "0.00",
        "glpensavepct": "0.00",
        "glpensaves": "0",
        "glpenshots": "0",
        "glpkclearzone": "0",
        "glpokechecks": "0",
        "glsavepct": "0.00",
        "glsaves": "0",
        "glshots": "0",
        "glsoperiods": "0",
        "isGuest": "1",
        "opponentClubId": "440740",
        "opponentScore": "3",
        "opponentTeamId": "501",
        "player_dnf": "0",
        "playerLevel": "202",
        "pNhlOnlineGameType": "5",
        "position": "defenseMen",
        "posSorted": "2",
        "ratingDefense": "95.00",
        "ratingOffense": "75.00",
        "ratingTeamplay": "65.00",
        "score": "2",
        "skassists": "0",
        "skbs": "0",
        "skdeflections": "0",
        "skfol": "0",
        "skfopct": "0.00",
        "skfow": "0",
        "skgiveaways": "2",
        "skgoals": "1",
        "skgwg": "0",
        "skhits": "11",
        "skinterceptions": "8",
        "skpassattempts": "18",
        "skpasses": "15",
        "skpasspct": "83.33",
        "skpenaltiesdrawn": "0",
        "skpim": "2",
        "skpkclearzone": "0",
        "skplusmin": "-1",
        "skpossession": "99",
        "skppg": "0",
        "sksaucerpasses": "0",
        "skshg": "0",
        "skshotattempts": "7",
        "skshotonnetpct": "57.14",
        "skshotpct": "25.00",
        "skshots": "4",
        "sktakeaways": "3",
        "teamId": "500",
        "teamSide": "0",
        "toi": "61",
        "toiseconds": "3682",
        "playername": "xSandin38"
      },
      "1019650373": {
        "class": "15",
        "glbrksavepct": "0.00",
        "glbrksaves": "0",
        "glbrkshots": "0",
        "gldsaves": "0",
        "glga": "0",
        "glgaa": "0.00",
        "glpensavepct": "0.00",
        "glpensaves": "0",
        "glpenshots": "0",
        "glpkclearzone": "0",
        "glpokechecks": "0",
        "glsavepct": "0.00",
        "glsaves": "0",
        "glshots": "0",
        "glsoperiods": "0",
        "isGuest": "1",
        "opponentClubId": "440740",
        "opponentScore": "3",
        "opponentTeamId": "501",
        "player_dnf": "0",
        "playerLevel": "102",
        "pNhlOnlineGameType": "5",
        "position": "defenseMen",
        "posSorted": "1",
        "ratingDefense": "100.00",
        "ratingOffense": "70.00",
        "ratingTeamplay": "60.00",
        "score": "2",
        "skassists": "1",
        "skbs": "2",
        "skdeflections": "0",
        "skfol": "0",
        "skfopct": "0.00",
        "skfow": "0",
        "skgiveaways": "12",
        "skgoals": "0",
        "skgwg": "0",
        "skhits": "2",
        "skinterceptions": "8",
        "skpassattempts": "25",
        "skpasses": "20",
        "skpasspct": "80.00",
        "skpenaltiesdrawn": "0",
        "skpim": "0",
        "skpkclearzone": "1",
        "skplusmin": "-1",
        "skpossession": "326",
        "skppg": "0",
        "sksaucerpasses": "0",
        "skshg": "0",
        "skshotattempts": "1",
        "skshotonnetpct": "100.00",
        "skshotpct": "0.00",
        "skshots": "1",
        "sktakeaways": "6",
        "teamId": "500",
        "teamSide": "0",
        "toi": "62",
        "toiseconds": "3733",
        "playername": "NYfrijoles"
      },
      "1857198471": {
        "class": "15",
        "glbrksavepct": "0.00",
        "glbrksaves": "0",
        "glbrkshots": "0",
        "gldsaves": "0",
        "glga": "0",
        "glgaa": "0.00",
        "glpensavepct": "0.00",
        "glpensaves": "0",
        "glpenshots": "0",
        "glpkclearzone": "0",
        "glpokechecks": "0",
        "glsavepct": "0.00",
        "glsaves": "0",
        "glshots": "0",
        "glsoperiods": "0",
        "isGuest": "1",
        "opponentClubId": "440740",
        "opponentScore": "3",
        "opponentTeamId": "501",
        "player_dnf": "0",
        "playerLevel": "299",
        "pNhlOnlineGameType": "5",
        "position": "leftWing",
        "posSorted": "4",
        "ratingDefense": "75.00",
        "ratingOffense": "55.00",
        "ratingTeamplay": "50.00",
        "score": "2",
        "skassists": "0",
        "skbs": "1",
        "skdeflections": "0",
        "skfol": "0",
        "skfopct": "0.00",
        "skfow": "0",
        "skgiveaways": "14",
        "skgoals": "0",
        "skgwg": "0",
        "skhits": "0",
        "skinterceptions": "5",
        "skpassattempts": "12",
        "skpasses": "6",
        "skpasspct": "50.00",
        "skpenaltiesdrawn": "1",
        "skpim": "0",
        "skpkclearzone": "1",
        "skplusmin": "-1",
        "skpossession": "152",
        "skppg": "0",
        "sksaucerpasses": "0",
        "skshg": "0",
        "skshotattempts": "2",
        "skshotonnetpct": "50.00",
        "skshotpct": "0.00",
        "skshots": "1",
        "sktakeaways": "3",
        "teamId": "500",
        "teamSide": "0",
        "toi": "62",
        "toiseconds": "3733",
        "playername": "Maesuhn"
      },
      "1915869717": {
        "class": "1",
        "glbrksavepct": "0.00",
        "glbrksaves": "0",
        "glbrkshots": "0",
        "gldsaves": "0",
        "glga": "0",
        "glgaa": "0.00",
        "glpensavepct": "0.00",
        "glpensaves": "0",
        "glpenshots": "0",
        "glpkclearzone": "0",
        "glpokechecks": "0",
        "glsavepct": "0.00",
        "glsaves": "0",
        "glshots": "0",
        "glsoperiods": "0",
        "isGuest": "0",
        "opponentClubId": "440740",
        "opponentScore": "3",
        "opponentTeamId": "501",
        "player_dnf": "0",
        "playerLevel": "172",
        "pNhlOnlineGameType": "5",
        "position": "rightWing",
        "posSorted": "3",
        "ratingDefense": "65.00",
        "ratingOffense": "65.00",
        "ratingTeamplay": "50.00",
        "score": "2",
        "skassists": "1",
        "skbs": "1",
        "skdeflections": "0",
        "skfol": "0",
        "skfopct": "100.00",
        "skfow": "2",
        "skgiveaways": "8",
        "skgoals": "0",
        "skgwg": "0",
        "skhits": "1",
        "skinterceptions": "6",
        "skpassattempts": "12",
        "skpasses": "10",
        "skpasspct": "83.33",
        "skpenaltiesdrawn": "0",
        "skpim": "0",
        "skpkclearzone": "0",
        "skplusmin": "-1",
        "skpossession": "217",
        "skppg": "0",
        "sksaucerpasses": "0",
        "skshg": "0",
        "skshotattempts": "2",
        "skshotonnetpct": "50.00",
        "skshotpct": "0.00",
        "skshots": "1",
        "sktakeaways": "3",
        "teamId": "500",
        "teamSide": "0",
        "toi": "62",
        "toiseconds": "3733",
        "playername": "Tchuky-7-"
      },
      "1926645693": {
        "class": "21",
        "glbrksavepct": "0.00",
        "glbrksaves": "0",
        "glbrkshots": "0",
        "gldsaves": "0",
        "glga": "3",
        "glgaa": "2.90",
        "glpensavepct": "0.00",
        "glpensaves": "0",
        "glpenshots": "0",
        "glpkclearzone": "0",
        "glpokechecks": "0",
        "glsavepct": "0.70",
        "glsaves": "7",
        "glshots": "10",
        "glsoperiods": "0",
        "isGuest": "0",
        "opponentClubId": "440740",
        "opponentScore": "3",
        "opponentTeamId": "501",
        "player_dnf": "0",
        "playerLevel": "145",
        "pNhlOnlineGameType": "5",
        "position": "goalie",
        "posSorted": "0",
        "ratingDefense": "70.00",
        "ratingOffense": "55.00",
        "ratingTeamplay": "30.00",
        "score": "2",
        "skassists": "0",
        "skbs": "0",
        "skdeflections": "0",
        "skfol": "0",
        "skfopct": "0.00",
        "skfow": "0",
        "skgiveaways": "0",
        "skgoals": "0",
        "skgwg": "0",
        "skhits": "0",
        "skinterceptions": "0",
        "skpassattempts": "0",
        "skpasses": "0",
        "skpasspct": "0.00",
        "skpenaltiesdrawn": "0",
        "skpim": "0",
        "skpkclearzone": "0",
        "skplusmin": "0",
        "skpossession": "0",
        "skppg": "0",
        "sksaucerpasses": "0",
        "skshg": "0",
        "skshotattempts": "0",
        "skshotonnetpct": "0.00",
        "skshotpct": "0.00",
        "skshots": "0",
        "sktakeaways": "0",
        "teamId": "500",
        "teamSide": "0",
        "toi": "62",
        "toiseconds": "3733",
        "playername": "Rabb1tx14"
      }
    }
  },
  "aggregate": {
    "440740": {
      "class": 56,
      "glbrksavepct": 0,
      "glbrksaves": 0,
      "glbrkshots": 0,
      "gldsaves": 1,
      "glga": 2,
      "glgaa": 1.94,
      "glpensavepct": 0,
      "glpensaves": 0,
      "glpenshots": 0,
      "glpkclearzone": 0,
      "glpokechecks": 1,
      "glsavepct": 0.82,
      "glsaves": 9,
      "glshots": 11,
      "glsoperiods": 0,
      "isGuest": 3,
      "opponentClubId": 2704326,
      "opponentScore": 12,
      "opponentTeamId": 3000,
      "player_dnf": 0,
      "playerLevel": 996,
      "pNhlOnlineGameType": 30,
      "position": 0,
      "posSorted": 15,
      "ratingDefense": 490,
      "ratingOffense": 485,
      "ratingTeamplay": 325,
      "score": 18,
      "skassists": 6,
      "skbs": 4,
      "skdeflections": 0,
      "skfol": 9,
      "skfopct": 130.56,
      "skfow": 13,
      "skgiveaways": 53,
      "skgoals": 3,
      "skgwg": 1,
      "skhits": 4,
      "skinterceptions": 29,
      "skpassattempts": 116,
      "skpasses": 84,
      "skpasspct": 367.71,
      "skpenaltiesdrawn": 1,
      "skpim": 6,
      "skpkclearzone": 4,
      "skplusmin": 5,
      "skpossession": 1140,
      "skppg": 1,
      "sksaucerpasses": 7,
      "skshg": 0,
      "skshotattempts": 17,
      "skshotonnetpct": 290.47,
      "skshotpct": 70,
      "skshots": 11,
      "sktakeaways": 19,
      "teamId": 3006,
      "teamSide": 6,
      "toi": 368,
      "toiseconds": 22148
    },
    "450721": {
      "class": 71,
      "glbrksavepct": 0,
      "glbrksaves": 0,
      "glbrkshots": 0,
      "gldsaves": 0,
      "glga": 3,
      "glgaa": 2.9,
      "glpensavepct": 0,
      "glpensaves": 0,
      "glpenshots": 0,
      "glpkclearzone": 0,
      "glpokechecks": 0,
      "glsavepct": 0.7,
      "glsaves": 7,
      "glshots": 10,
      "glsoperiods": 0,
      "isGuest": 4,
      "opponentClubId": 2644440,
      "opponentScore": 18,
      "opponentTeamId": 3006,
      "player_dnf": 0,
      "playerLevel": 1076,
      "pNhlOnlineGameType": 30,
      "position": 0,
      "posSorted": 15,
      "ratingDefense": 485,
      "ratingOffense": 395,
      "ratingTeamplay": 315,
      "score": 12,
      "skassists": 2,
      "skbs": 4,
      "skdeflections": 0,
      "skfol": 13,
      "skfopct": 135,
      "skfow": 9,
      "skgiveaways": 44,
      "skgoals": 2,
      "skgwg": 0,
      "skhits": 20,
      "skinterceptions": 33,
      "skpassattempts": 88,
      "skpasses": 69,
      "skpasspct": 382.37,
      "skpenaltiesdrawn": 2,
      "skpim": 4,
      "skpkclearzone": 2,
      "skplusmin": -5,
      "skpossession": 1045,
      "skppg": 1,
      "sksaucerpasses": 0,
      "skshg": 0,
      "skshotattempts": 16,
      "skshotonnetpct": 307.14,
      "skshotpct": 75,
      "skshots": 9,
      "sktakeaways": 20,
      "teamId": 3000,
      "teamSide": 0,
      "toi": 369,
      "toiseconds": 22227
    }
  }
}