{
  "matchId": "6780337000239",
  "timestamp": 1664329937,
  "timeAgo": {
    "number": 2,
    "unit": "days"
  },
  "clubs": {
    "440740": {
      "clubDivision": "1",
      "cNhlOnlineGameType": "5",
      "garaw": "3",
      "gfraw": "6",
      "losses": "0",
      "memberString": "6 / 6",
      "opponentClubId": "450721",
      "opponentScore": "3",
      "opponentTeamArtAbbr": "EASHL",
      "passa": "96",
      "passc": "68",
      "ppg": "3",
      "ppo": "5",
      "result": "1",
      "score": "6",
      "scoreString": "6 - 3",
      "shots": "12",
      "teamArtAbbr": "DROP",
      "teamSide": "1",
      "toa": "296",
      "winnerByDnf": "0",
      "winnerByGoalieDnf": "0",
      "details": {
        "name": "M6 Electrified",
        "clubId": 440740,
        "regionId": 5,
        "teamId": 5070,
        "customKit": {
          "isCustomTeam": "1",
          "crestAssetId": "183",
          "useBaseAsset": "1"
        }
      },
      "goals": "6",
      "goalsAgainst": "3"
    },
    "450721": {
      "clubDivision": "3",
      "cNhlOnlineGameType": "5",
      "garaw": "6",
      "gfraw": "3",
      "losses": "1",
      "memberString": "6 / 6",
      "opponentClubId": "440740",
      "opponentScore": "6",
      "opponentTeamArtAbbr": "DROP",
      "passa": "83",
      "passc": "54",
      "ppg": "0",
      "ppo": "3",
      "result": "2",
      "score": "3",
      "scoreString": "3 - 6",
      "shots": "13",
      "teamArtAbbr": "EASHL",
      "teamSide": "0",
      "toa": "340",
      "winnerByDnf": "0",
      "winnerByGoalieDnf": "0",
      "details": {
        "name": "M6 Troublemakers",
        "clubId": 450721,
        "regionId": 5,
        "teamId": 5137,
        "customKit": {
          "isCustomTeam": "1",
          "crestAssetId": "242",
          "useBaseAsset": "1"
        }
      },
      "goals": "3",
      "goalsAgainst": "6"
    }
  },
  "players": {
    "440740": {
      "385985151": {
        "class": "15",
        "glbrksavepct": "0.00",
        "glbrksaves": "0",
        "glbrkshots": "0",
        "gldsaves": "0",
        "glga": "0",
        "glgaa": "0.00",
        "glpensavepct": "0.00",
        "glpensaves": "0",
        "glpenshots": "0",
        "glpkclearzone": "0",
        "glpokechecks": "0",
        "glsavepct": "0.00",
        "glsaves": "0",
        "glshots": "0",
        "glsoperiods": "0",
        "isGuest": "0",
        "opponentClubId": "450721",
        "opponentScore": "3",
        "opponentTeamId": "500",
        "player_dnf": "0",
        "playerLevel": "82",
        "pNhlOnlineGameType": "5",
        "position": "defenseMen",
        "posSorted": "2",
        "ratingDefense": "70.00",
        "ratingOffense": "90.00",
        "ratingTeamplay": "75.00",
        "score": "6",
        "skassists": "3",
        "skbs": "0",
        "skdeflections": "0",
        "skfol": "0",
        "skfopct": "0.00",
        "skfow": "0",
        "skgiveaways": "20",
        "skgoals": "0",
        "skgwg": "0",
        "skhits": "3",
        "skinterceptions": "5",
        "skpassattempts": "30",
        "skpasses": "21",
        "skpasspct": "70.00",
        "skpenaltiesdrawn": "2",
        "skpim": "2",
        "skpkclearzone": "0",
        "skplusmin": "0",
        "skpossession": "338",
        "skppg": "0",
        "sksaucerpasses": "5",
        "skshg": "0",
        "skshotattempts": "3",
        "skshotonnetpct": "66.67",
        "skshotpct": "0.00",
        "skshots": "2",
        "sktakeaways": "4",
        "teamId": "501",
        "teamSide": "1",
        "toi": "58",
        "toiseconds": "3480",
        "playername": "Sauc---y"
      },
      "655079392": {
        "class": "21",
        "glbrksavepct": "0.00",
        "glbrksaves": "0",
        "glbrkshots": "1",
        "gldsaves": "0",
        "glga": "3",
        "glgaa": "3.00",
        "glpensavepct": "0.00",
        "glpensaves": "0",
        "glpenshots": "0",
        "glpkclearzone": "0",
        "glpokechecks": "0",
        "glsavepct": "0.77",
        "glsaves": "10",
        "glshots": "13",
        "glsoperiods": "0",
        "isGuest": "0",
        "opponentClubId": "450721",
        "opponentScore": "3",
        "opponentTeamId": "500",
        "player_dnf": "0",
        "playerLevel": "30",
        "pNhlOnlineGameType": "5",
        "position": "goalie",
        "posSorted": "0",
        "ratingDefense": "75.00",
        "ratingOffense": "55.00",
        "ratingTeamplay": "60.00",
        "score": "6",
        "skassists": "0",
        "skbs": "0",
        "skdeflections": "0",
        "skfol": "0",
        "skfopct": "0.00",
        "skfow": "0",
        "skgiveaways": "0",
        "skgoals": "0",
        "skgwg": "0",
        "skhits": "0",
        "skinterceptions": "0",
        "skpassattempts": "0",
        "skpasses": "0",
        "skpasspct": "0.00",
        "skpenaltiesdrawn": "0",
        "skpim": "0",
        "skpkclearzone": "0",
        "skplusmin": "0",
        "skpossession": "0",
        "skppg": "0",
        "sksaucerpasses": "0",
        "skshg": "0",
        "skshotattempts": "0",
        "skshotonnetpct": "0.00",
        "skshotpct": "0.00",
        "skshots": "0",
        "sktakeaways": "0",
        "teamId": "501",
        "teamSide": "1",
        "toi": "60",
        "toiseconds": "3600",
        "playername": "SVNickNitro"
      },
      "787537987": {
        "class": "1",
        "glbrksavepct": "0.00",
        "glbrksaves": "0",
        "glbrkshots": "0",
        "gldsaves": "0",
        "glga": "0",
        "glgaa": "0.00",
        "glpensavepct": "0.00",
        "glpensaves": "0",
        "glpenshots": "0",
        "glpkclearzone": "0",
        "glpokechecks": "0",
        "glsavepct": "0.00",
        "glsaves": "0",
        "glshots": "0",
        "glsoperiods": "0",
        "isGuest": "1",
        "opponentClubId": "450721",
        "opponentScore": "3",
        "opponentTeamId": "500",
        "player_dnf": "0",
        "playerLevel": "10",
        "pNhlOnlineGameType": "5",
        "position": "center",
        "posSorted": "5",
        "ratingDefense": "90.00",
        "ratingOffense": "95.00",
        "ratingTeamplay": "35.00",
        "score": "6",
        "skassists": "2",
        "skbs": "3",
        "skdeflections": "1",
        "skfol": "25",
        "skfopct": "30.56",
        "skfow": "11",
        "skgiveaways": "6",
        "skgoals": "0",
        "skgwg": "0",
        "skhits": "0",
        "skinterceptions": "2",
        "skpassattempts": "19",
        "skpasses": "11",
        "skpasspct": "57.89",
        "skpenaltiesdrawn": "0",
        "skpim": "0",
        "skpkclearzone": "0",
        "skplusmin": "0",
        "skpossession": "139",
        "skppg": "0",
        "sksaucerpasses": "1",
        "skshg": "0",
        "skshotattempts": "1",
        "skshotonnetpct": "200.00",
        "skshotpct": "0.00",
        "skshots": "2",
        "sktakeaways": "1",
        "teamId": "501",
        "teamSide": "1",
        "toi": "60",
        "toiseconds": "3600",
        "playername": "BarryWoodsDong"
      },
      "1012193622": {
        "class": "15",
        "glbrksavepct": "0.00",
        "glbrksaves": "0",
        "glbrkshots": "0",
        "gldsaves": "0",
        "glga": "0",
        "glgaa": "0.00",
        "glpensavepct": "0.00",
        "glpensaves": "0",
        "glpenshots": "0",
        "glpkclearzone": "0",
        "glpokechecks": "0",
        "glsavepct": "0.00",
        "glsaves": "0",
        "glshots": "0",
        "glsoperiods": "0",
        "isGuest": "0",
        "opponentClubId": "450721",
        "opponentScore": "3",
        "opponentTeamId": "500",
        "player_dnf": "0",
        "playerLevel": "203",
        "pNhlOnlineGameType": "5",
        "position": "defenseMen",
        "posSorted": "1",
        "ratingDefense": "75.00",
        "ratingOffense": "90.00",
        "ratingTeamplay": "35.00",
        "score": "6",
        "skassists": "3",
        "skbs": "1",
        "skdeflections": "0",
        "skfol": "0",
        "skfopct": "0.00",
        "skfow": "0",
        "skgiveaways": "10",
        "skgoals": "0",
        "skgwg": "0",
        "skhits": "2",
        "skinterceptions": "6",
        "skpassattempts": "24",
        "skpasses": "18",
        "skpasspct": "75.00",
        "skpenaltiesdrawn": "1",
        "skpim": "4",
        "skpkclearzone": "0",
        "skplusmin": "0",
        "skpossession": "235",
        "skppg": "0",
        "sksaucerpasses": "2",
        "skshg": "0",
        "skshotattempts": "0",
        "skshotonnetpct": "0.00",
        "skshotpct": "0.00",
        "skshots": "0",
        "sktakeaways": "1",
        "teamId": "501",
        "teamSide": "1",
        "toi": "58",
        "toiseconds": "3478",
        "playername": "Bilal-I96I"
      },
      "1975762195": {
        "class": "2",
        "glbrksavepct": "0.00",
        "glbrksaves": "0",
        "glbrkshots": "0",
        "gldsaves": "0",
        "glga": "0",
        "glgaa": "0.00",
        "glpensavepct": "0.00",
        "glpensaves": "0",
        "glpenshots": "0",
        "glpkclearzone": "0",
        "glpokechecks": "0",
        "glsavepct": "0.00",
        "glsaves": "0",
        "glshots": "0",
        "glsoperiods": "0",
        "isGuest": "0",
        "opponentClubId": "450721",
        "opponentScore": "3",
        "opponentTeamId": "500",
        "player_dnf": "0",
        "playerLevel": "155",
        "pNhlOnlineGameType": "5",
        "position": "rightWing",
        "posSorted": "3",
        "ratingDefense": "65.00",
        "ratingOffense": "100.00",
        "ratingTeamplay": "55.00",
        "score": "6",
        "skassists": "2",
        "skbs": "0",
        "skdeflections": "0",
        "skfol": "0",
        "skfopct": "0.00",
        "skfow": "0",
        "skgiveaways": "9",
        "skgoals": "2",
        "skgwg": "0",
        "skhits": "1",
        "skinterceptions": "3",
        "skpassattempts": "11",
        "skpasses": "9",
        "skpasspct": "81.82",
        "skpenaltiesdrawn": "0",
        "skpim": "0",
        "skpkclearzone": "0",
        "skplusmin": "0",
        "skpossession": "135",
        "skppg": "1",
        "sksaucerpasses": "0",
        "skshg": "0",
        "skshotattempts": "4",
        "skshotonnetpct": "75.00",
        "skshotpct": "66.67",
        "skshots": "3",
        "sktakeaways": "1",
        "teamId": "501",
        "teamSide": "1",
        "toi": "60",
        "toiseconds": "3600",
        "playername": "Vaniskov"
      },
      "1003797820592": {
        "class": "2",
        "glbrksavepct": "0.00",
        "glbrksaves": "0",
        "glbrkshots": "0",
        "gldsaves": "0",
        "glga": "0",
        "glgaa": "0.00",
        "glpensavepct": "0.00",
        "glpensaves": "0",
        "glpenshots": "0",
        "glpkclearzone": "0",
        "glpokechecks": "0",
        "glsavepct": "0.00",
        "glsaves": "0",
        "glshots": "0",
        "glsoperiods": "0",
        "isGuest": "1",
        "opponentClubId": "450721",
        "opponentScore": "3",
        "opponentTeamId": "500",
        "player_dnf": "0",
        "playerLevel": "299",
        "pNhlOnlineGameType": "5",
        "position": "leftWing",
        "posSorted": "4",
        "ratingDefense": "70.00",
        "ratingOffense": "100.00",
        "ratingTeamplay": "50.00",
        "score": "6",
        "skassists": "2",
        "skbs": "0",
        "skdeflections": "0",
        "skfol": "0",
        "skfopct": "0.00",
        "skfow": "0",
        "skgiveaways": "4",
        "skgoals": "4",
        "skgwg": "0",
        "skhits": "0",
        "skinterceptions": "5",
        "skpassattempts": "12",
        "skpasses": "9",
        "skpasspct": "75.00",
        "skpenaltiesdrawn": "0",
        "skpim": "0",
        "skpkclearzone": "1",
        "skplusmin": "0",
        "skpossession": "135",
        "skppg": "2",
        "sksaucerpasses": "0",
        "skshg": "0",
        "skshotattempts": "9",
        "skshotonnetpct": "44.44",
        "skshotpct": "100.00",
        "skshots": "4",
        "sktakeaways": "3",
        "teamId": "501",
        "teamSide": "1",
        "toi": "60",
        "toiseconds": "3600",
        "playername": "A-H-O_20-"
      }
    },
    "450721": {
      "244124053": {
        "class": "4",
        "glbrksavepct": "0.00",
        "glbrksaves": "0",
        "glbrkshots": "0",
        "gldsaves": "0",
        "glga": "0",
        "glgaa": "0.00",
        "glpensavepct": "0.00",
        "glpensaves": "0",
        "glpenshots": "0",
        "glpkclearzone": "0",
        "glpokechecks": "0",
        "glsavepct": "0.00",
        "glsaves": "0",
        "glshots": "0",
        "glsoperiods": "0",
        "isGuest": "1",
        "opponentClubId": "440740",
        "opponentScore": "6",
        "opponentTeamId": "501",
        "player_dnf": "0",
        "playerLevel": "156",
        "pNhlOnlineGameType": "5",
        "position": "center",
        "posSorted": "5",
        "ratingDefense": "55.00",
        "ratingOffense": "70.00",
        "ratingTeamplay": "85.00",
        "score": "3",
        "skassists": "1",
        "skbs": "2",
        "skdeflections": "0",
        "skfol": "8",
        "skfopct": "72.41",
        "skfow": "21",
        "skgiveaways": "5",
        "skgoals": "0",
        "skgwg": "0",
        "skhits": "8",
        "skinterceptions": "5",
        "skpassattempts": "19",
        "skpasses": "14",
        "skpasspct": "73.68",
        "skpenaltiesdrawn": "0",
        "skpim": "5",
        "skpkclearzone": "0",
        "skplusmin": "-1",
        "skpossession": "169",
        "skppg": "0",
        "sksaucerpasses": "0",
        "skshg": "0",
        "skshotattempts": "3",
        "skshotonnetpct": "0.00",
        "skshotpct": "0.00",
        "skshots": "0",
        "sktakeaways": "4",
        "teamId": "500",
        "teamSide": "0",
        "toi": "55",
        "toiseconds": "3301",
        "playername": "s-zeze-"
      },
      "792179809": {
        "class": "15",
        "glbrksavepct": "0.00",
        "glbrksaves": "0",
        "glbrkshots": "0",
        "gldsaves": "0",
        "glga": "0",
        "glgaa": "0.00",
        "glpensavepct": "0.00",
        "glpensaves": "0",
        "glpenshots": "0",
        "glpkclearzone": "0",
        "glpokechecks": "0",
        "glsavepct": "0.00",
        "glsaves": "0",
        "glshots": "0",
        "glsoperiods": "0",
        "isGuest": "1",
        "opponentClubId": "440740",
        "opponentScore": "6",
        "opponentTeamId": "501",
        "player_dnf": "0",
        "playerLevel": "202",
        "pNhlOnlineGameType": "5",
        "position": "defenseMen",
        "posSorted": "2",
        "ratingDefense": "75.00",
        "ratingOffense": "75.00",
        "ratingTeamplay": "95.00",
        "score": "3",
        "skassists": "1",
        "skbs": "1",
        "skdeflections": "0",
        "skfol": "0",
        "skfopct": "0.00",
        "skfow": "0",
        "skgiveaways": "5",
        "skgoals": "0",
        "skgwg": "0",
        "skhits": "12",
        "skinterceptions": "6",
        "skpassattempts": "14",
        "skpasses": "8",
        "skpasspct": "57.14",
        "skpenaltiesdrawn": "0",
        "skpim": "0",
        "skpkclearzone": "1",
        "skplusmin": "0",
        "skpossession": "100",
        "skppg": "0",
        "sksaucerpasses": "0",
        "skshg": "0",
        "skshotattempts": "3",
        "skshotonnetpct": "33.33",
        "skshotpct": "0.00",
        "skshots": "1",
        "sktakeaways": "1",
        "teamId": "500",
        "teamSide": "0",
        "toi": "60",
        "toiseconds": "3600",
        "playername": "xSandin38"
      },
      "1857198471": {
        "class": "15",
        "glbrksavepct": "0.00",
        "glbrksaves": "0",
        "glbrkshots": "0",
        "gldsaves": "0",
        "glga": "0",
        "glgaa": "0.00",
        "glpensavepct": "0.00",
        "glpensaves": "0",
        "glpenshots": "0",
        "glpkclearzone": "0",
        "glpokechecks": "0",
        "glsavepct": "0.00",
        "glsaves": "0",
        "glshots": "0",
        "glsoperiods": "0",
        "isGuest": "1",
        "opponentClubId": "440740",
        "opponentScore": "6",
        "opponentTeamId": "501",
        "player_dnf": "0",
        "playerLevel": "299",
        "pNhlOnlineGameType": "5",
        "position": "leftWing",
        "posSorted": "4",
        "ratingDefense": "50.00",
        "ratingOffense": "65.00",
        "ratingTeamplay": "15.00",
        "score": "3",
        "skassists": "1",
        "skbs": "0",
        "skdeflections": "0",
        "skfol": "0",
        "skfopct": "0.00",
        "skfow": "0",
        "skgiveaways": "11",
        "skgoals": "0",
        "skgwg": "0",
        "skhits": "1",
        "skinterceptions": "9",
        "skpassattempts": "13",
        "skpasses": "4",
        "skpasspct": "30.77",
        "skpenaltiesdrawn": "2",
        "skpim": "4",
        "skpkclearzone": "0",
        "skplusmin": "-1",
        "skpossession": "169",
        "skppg": "0",
        "sksaucerpasses": "0",
        "skshg": "0",
        "skshotattempts": "4",
        "skshotonnetpct": "75.00",
        "skshotpct": "0.00",
        "skshots": "3",
        "sktakeaways": "5",
        "teamId": "500",
        "teamSide": "0",
        "toi": "57",
        "toiseconds": "3427",
        "playername": "Maesuhn"
      },
      "1915869717": {
        "class": "1",
        "glbrksavepct": "0.00",
        "glbrksaves": "0",
        "glbrkshots": "0",
        "gldsaves": "0",
        "glga": "0",
        "glgaa": "0.00",
        "glpensavepct": "0.00",
        "glpensaves": "0",
        "glpenshots": "0",
        "glpkclearzone": "0",
        "glpokechecks": "0",
        "glsavepct": "0.00",
        "glsaves": "0",
        "glshots": "0",
        "glsoperiods": "0",
        "isGuest": "0",
        "opponentClubId": "440740",
        "opponentScore": "6",
        "opponentTeamId": "501",
        "player_dnf": "0",
        "playerLevel": "172",
        "pNhlOnlineGameType": "5",
        "position": "rightWing",
        "posSorted": "3",
        "ratingDefense": "70.00",
        "ratingOffense": "85.00",
        "ratingTeamplay": "50.00",
        "score": "3",
        "skassists": "2",
        "skbs": "1",
        "skdeflections": "0",
        "skfol": "3",
        "skfopct": "57.14",
        "skfow": "4",
        "skgiveaways": "2",
        "skgoals": "1",
        "skgwg": "0",
        "skhits": "2",
        "skinterceptions": "3",
        "skpassattempts": "9",
        "skpasses": "7",
        "skpasspct": "77.78",
        "skpenaltiesdrawn": "0",
        "skpim": "0",
        "skpkclearzone": "0",
        "skplusmin": "0",
        "skpossession": "189",
        "skppg": "0",
        "sksaucerpasses": "0",
        "skshg": "0",
        "skshotattempts": "6",
        "skshotonnetpct": "66.67",
        "skshotpct": "25.00",
        "skshots": "4",
        "sktakeaways": "2",
        "teamId": "500",
        "teamSide": "0",
        "toi": "59",
        "toiseconds": "3516",
        "playername": "Tchuky-7-"
      },
      "1926645693": {
        "class": "21",
        "glbrksavepct": "0.00",
        "glbrksaves": "0",
        "glbrkshots": "0",
        "gldsaves": "0",
        "glga": "6",
        "glgaa": "6.00",
        "glpensavepct": "0.00",
        "glpensaves": "0",
        "glpenshots": "0",
        "glpkclearzone": "0",
        "glpokechecks": "0",
        "glsavepct": "0.50",
        "glsaves": "6",
        "glshots": "12",
        "glsoperiods": "0",
        "isGuest": "0",
        "opponentClubId": "440740",
        "opponentScore": "6",
        "opponentTeamId": "501",
        "player_dnf": "0",
        "playerLevel": "145",
        "pNhlOnlineGameType": "5",
        "position": "goalie",
        "posSorted": "0",
        "ratingDefense": "70.00",
        "ratingOffense": "40.00",
        "ratingTeamplay": "45.00",
        "score": "3",
        "skassists": "0",
        "skbs": "0",
        "skdeflections": "0",
        "skfol": "0",
        "skfopct": "0.00",
        "skfow": "0",
        "skgiveaways": "0",
        "skgoals": "0",
        "skgwg": "0",
        "skhits": "0",
        "skinterceptions": "0",
        "skpassattempts": "0",
        "skpasses": "0",
        "skpasspct": "0.00",
        "skpenaltiesdrawn": "0",
        "skpim": "0",
        "skpkclearzone": "0",
        "skplusmin": "0",
        "skpossession": "0",
        "skppg": "0",
        "sksaucerpasses": "0",
        "skshg": "0",
        "skshotattempts": "0",
        "skshotonnetpct": "0.00",
        "skshotpct": "0.00",
        "skshots": "0",
        "sktakeaways": "0",
        "teamId": "500",
        "teamSide": "0",
        "toi": "60",
        "toiseconds": "3600",
        "playername": "Rabb1tx14"
      },
      "1004931773441": {
        "class": "15",
        "glbrksavepct": "0.00",
        "glbrksaves": "0",
        "glbrkshots": "0",
        "gldsaves": "0",
        "glga": "0",
        "glgaa": "0.00",
        "glpensavepct": "0.00",
        "glpensaves": "0",
        "glpenshots": "0",
        "glpkclearzone": "0",
        "glpokechecks": "0",
        "glsavepct": "0.00",
        "glsaves": "0",
        "glshots": "0",
        "glsoperiods": "0",
        "isGuest": "1",
        "opponentClubId": "440740",
        "opponentScore": "6",
        "opponentTeamId": "501",
        "player_dnf": "0",
        "playerLevel": "243",
        "pNhlOnlineGameType": "5",
        "position": "defenseMen",
        "posSorted": "1",
        "ratingDefense": "70.00",
        "ratingOffense": "95.00",
        "ratingTeamplay": "60.00",
        "score": "3",
        "skassists": "1",
        "skbs": "1",
        "skdeflections": "0",
        "skfol": "0",
        "skfopct": "0.00",
        "skfow": "0",
        "skgiveaways": "8",
        "skgoals": "2",
        "skgwg": "0",
        "skhits": "1",
        "skinterceptions": "11",
        "skpassattempts": "27",
        "skpasses": "19",
        "skpasspct": "70.37",
        "skpenaltiesdrawn": "1",
        "skpim": "0",
        "skpkclearzone": "1",
        "skplusmin": "0",
        "skpossession": "280",
        "skppg": "0",
        "sksaucerpasses": "2",
        "skshg": "1",
        "skshotattempts": "4",
        "skshotonnetpct": "100.00",
        "skshotpct": "50.00",
        "skshots": "4",
        "sktakeaways": "3",
        "teamId": "500",
        "teamSide": "0",
        "toi": "60",
        "toiseconds": "3600",
        "playername": "Silverstxin"
      }
    }
  },
  "aggregate": {
    "440740": {
      "class": 56,
      "glbrksavepct": 0,
      "glbrksaves": 0,
      "glbrkshots": 1,
      "gldsaves": 0,
      "glga": 3,
      "glgaa": 3,
      "glpensavepct": 0,
      "glpensaves": 0,
      "glpenshots": 0,
      "glpkclearzone": 0,
      "glpokechecks": 0,
      "glsavepct": 0.77,
      "glsaves": 10,
      "glshots": 13,
      "glsoperiods": 0,
      "isGuest": 2,
      "opponentClubId": 2704326,
      "opponentScore": 18,
      "opponentTeamId": 3000,
      "player_dnf": 0,
      "playerLevel": 779,
      "pNhlOnlineGameType": 30,
      "position": 0,
      "posSorted": 15,
      "ratingDefense": 445,
      "ratingOffense": 530,
      "ratingTeamplay": 310,
      "score": 36,
      "skassists": 12,
      "skbs": 4,
      "skdeflections": 1,
      "skfol": 25,
      "skfopct": 30.56,
      "skfow": 11,
      "skgiveaways": 49,
      "skgoals": 6,
      "skgwg": 0,
      "skhits": 6,
      "skinterceptions": 21,
      "skpassattempts": 96,
      "skpasses": 68,
      "skpasspct": 359.71,
      "skpenaltiesdrawn": 3,
      "skpim": 6,
      "skpkclearzone": 1,
      "skplusmin": 0,
      "skpossession": 982,
      "skppg": 3,
      "sksaucerpasses": 8,
      "skshg": 0,
      "skshotattempts": 17,
      "skshotonnetpct": 386.11,
      "skshotpct": 166.67,
      "skshots": 11,
      "sktakeaways": 10,
      "teamId": 3006,
      "teamSide": 6,
      "toi": 356,
      "toiseconds": 21358
    },
    "450721": {
      "class": 71,
      "glbrksavepct": 0,
      "glbrksaves": 0,
      "glbrkshots": 0,
      "gldsaves": 0,
      "glga": 6,
      "glgaa": 6,
      "glpensavepct": 0,
      "glpensaves": 0,
      "glpenshots": 0,
      "glpkclearzone": 0,
      "glpokechecks": 0,
      "glsavepct": 0.5,
      "glsaves": 6,
      "glshots": 12,
      "glsoperiods": 0,
      "isGuest": 4,
      "opponentClubId": 2644440,
      "opponentScore": 36,
      "opponentTeamId": 3006,
      "player_dnf": 0,
      "playerLevel": 1217,
      "pNhlOnlineGameType": 30,
      "position": 0,
      "posSorted": 15,
      "ratingDefense": 390,
      "ratingOffense": 430,
      "ratingTeamplay": 350,
      "score": 18,
      "skassists": 6,
      "skbs": 5,
      "skdeflections": 0,
      "skfol": 11,
      "skfopct": 129.55,
      "skfow": 25,
      "skgiveaways": 31,
      "skgoals": 3,
      "skgwg": 0,
      "skhits": 24,
      "skinterceptions": 34,
      "skpassattempts": 82,
      "skpasses": 52,
      "skpasspct": 309.74,
      "skpenaltiesdrawn": 3,
      "skpim": 9,
      "skpkclearzone": 2,
      "skplusmin": -2,
      "skpossession": 907,
      "skppg": 0,
      "sksaucerpasses": 2,
      "skshg": 1,
      "skshotattempts": 20,
      "skshotonnetpct": 275,
      "skshotpct": 75,
      "skshots": 12,
      "sktakeaways": 15,
      "teamId": 3000,
      "teamSide": 0,
      "toi": 351,
      "toiseconds": 21044
    }
  }
}