{
  "matchId": "6798961480082",
  "timestamp": 1664499822,
  "timeAgo": {
    "number": 1,
    "unit": "hours"
  },
  "clubs": {
    "440740": {
      "clubDivision": "1",
      "cNhlOnlineGameType": "5",
      "garaw": "5",
      "gfraw": "7",
      "losses": "0",
      "memberString": "6 / 6",
      "opponentClubId": "450721",
      "opponentScore": "5",
      "opponentTeamArtAbbr": "EASHL",
      "passa": "99",
      "passc": "68",
      "ppg": "2",
      "ppo": "2",
      "result": "1",
      "score": "7",
      "scoreString": "7 - 5",
      "shots": "16",
      "teamArtAbbr": "DROP",
      "teamSide": "1",
      "toa": "311",
      "winnerByDnf": "0",
      "winnerByGoalieDnf": "0",
      "details": {
        "name": "M6 Electrified",
        "clubId": 440740,
        "regionId": 5,
        "teamId": 5070,
        "customKit": {
          "isCustomTeam": "1",
          "crestAssetId": "183",
          "useBaseAsset": "1"
        }
      },
      "goals": "7",
      "goalsAgainst": "5"
    },
    "450721": {
      "clubDivision": "3",
      "cNhlOnlineGameType": "5",
      "garaw": "7",
      "gfraw": "5",
      "losses": "1",
      "memberString": "6 / 6",
      "opponentClubId": "440740",
      "opponentScore": "7",
      "opponentTeamArtAbbr": "DROP",
      "passa": "100",
      "passc": "62",
      "ppg": "2",
      "ppo": "2",
      "result": "2",
      "score": "5",
      "scoreString": "5 - 7",
      "shots": "16",
      "teamArtAbbr": "EASHL",
      "teamSide": "0",
      "toa": "418",
      "winnerByDnf": "0",
      "winnerByGoalieDnf": "0",
      "details": {
        "name": "M6 Troublemakers",
        "clubId": 450721,
        "regionId": 5,
        "teamId": 5137,
        "customKit": {
          "isCustomTeam": "1",
          "crestAssetId": "242",
          "useBaseAsset": "1"
        }
      },
      "goals": "5",
      "goalsAgainst": "7"
    }
  },
  "players": {
    "440740": {
      "385985151": {
        "class": "15",
        "glbrksavepct": "0.00",
        "glbrksaves": "0",
        "glbrkshots": "0",
        "gldsaves": "0",
        "glga": "0",
        "glgaa": "0.00",
        "glpensavepct": "0.00",
        "glpensaves": "0",
        "glpenshots": "0",
        "glpkclearzone": "0",
        "glpokechecks": "0",
        "glsavepct": "0.00",
        "glsaves": "0",
        "glshots": "0",
        "glsoperiods": "0",
        "isGuest": "0",
        "opponentClubId": "450721",
        "opponentScore": "5",
        "opponentTeamId": "500",
        "player_dnf": "0",
        "playerLevel": "82",
        "pNhlOnlineGameType": "5",
        "position": "defenseMen",
        "posSorted": "2",
        "ratingDefense": "90.00",
        "ratingOffense": "80.00",
        "ratingTeamplay": "65.00",
        "score": "7",
        "skassists": "2",
        "skbs": "1",
        "skdeflections": "0",
        "skfol": "0",
        "skfopct": "0.00",
        "skfow": "0",
        "skgiveaways": "10",
        "skgoals": "0",
        "skgwg": "0",
        "skhits": "5",
        "skinterceptions": "10",
        "skpassattempts": "25",
        "skpasses": "18",
        "skpasspct": "72.00",
        "skpenaltiesdrawn": "0",
        "skpim": "2",
        "skpkclearzone": "0",
        "skplusmin": "2",
        "skpossession": "173",
        "skppg": "0",
        "sksaucerpasses": "2",
        "skshg": "0",
        "skshotattempts": "1",
        "skshotonnetpct": "100.00",
        "skshotpct": "0.00",
        "skshots": "1",
        "sktakeaways": "2",
        "teamId": "501",
        "teamSide": "1",
        "toi": "60",
        "toiseconds": "3593",
        "playername": "Sauc---y"
      },
      "655079392": {
        "class": "21",
        "glbrksavepct": "0.00",
        "glbrksaves": "0",
        "glbrkshots": "0",
        "gldsaves": "1",
        "glga": "5",
        "glgaa": "5.00",
        "glpensavepct": "0.00",
        "glpensaves": "0",
        "glpenshots": "0",
        "glpkclearzone": "0",
        "glpokechecks": "0",
        "glsavepct": "0.69",
        "glsaves": "11",
        "glshots": "16",
        "glsoperiods": "0",
        "isGuest": "0",
        "opponentClubId": "450721",
        "opponentScore": "5",
        "opponentTeamId": "500",
        "player_dnf": "0",
        "playerLevel": "30",
        "pNhlOnlineGameType": "5",
        "position": "goalie",
        "posSorted": "0",
        "ratingDefense": "70.00",
        "ratingOffense": "50.00",
        "ratingTeamplay": "60.00",
        "score": "7",
        "skassists": "0",
        "skbs": "0",
        "skdeflections": "0",
        "skfol": "0",
        "skfopct": "0.00",
        "skfow": "0",
        "skgiveaways": "0",
        "skgoals": "0",
        "skgwg": "0",
        "skhits": "0",
        "skinterceptions": "0",
        "skpassattempts": "0",
        "skpasses": "0",
        "skpasspct": "0.00",
        "skpenaltiesdrawn": "0",
        "skpim": "0",
        "skpkclearzone": "0",
        "skplusmin": "0",
        "skpossession": "0",
        "skppg": "0",
        "sksaucerpasses": "0",
        "skshg": "0",
        "skshotattempts": "0",
        "skshotonnetpct": "0.00",
        "skshotpct": "0.00",
        "skshots": "0",
        "sktakeaways": "0",
        "teamId": "501",
        "teamSide": "1",
        "toi": "60",
        "toiseconds": "3600",
        "playername": "SVNickNitro"
      },
      "787537987": {
        "class": "1",
        "glbrksavepct": "0.00",
        "glbrksaves": "0",
        "glbrkshots": "0",
        "gldsaves": "0",
        "glga": "0",
        "glgaa": "0.00",
        "glpensavepct": "0.00",
        "glpensaves": "0",
        "glpenshots": "0",
        "glpkclearzone": "0",
        "glpokechecks": "0",
        "glsavepct": "0.00",
        "glsaves": "0",
        "glshots": "0",
        "glsoperiods": "0",
        "isGuest": "1",
        "opponentClubId": "450721",
        "opponentScore": "5",
        "opponentTeamId": "500",
        "player_dnf": "0",
        "playerLevel": "10",
        "pNhlOnlineGameType": "5",
        "position": "center",
        "posSorted": "5",
        "ratingDefense": "75.00",
        "ratingOffense": "100.00",
        "ratingTeamplay": "80.00",
        "score": "7",
        "skassists": "3",
        "skbs": "0",
        "skdeflections": "0",
        "skfol": "14",
        "skfopct": "53.33",
        "skfow": "16",
        "skgiveaways": "13",
        "skgoals": "1",
        "skgwg": "0",
        "skhits": "3",
        "skinterceptions": "5",
        "skpassattempts": "22",
        "skpasses": "14",
        "skpasspct": "63.64",
        "skpenaltiesdrawn": "0",
        "skpim": "0",
        "skpkclearzone": "0",
        "skplusmin": "2",
        "skpossession": "226",
        "skppg": "1",
        "sksaucerpasses": "0",
        "skshg": "0",
        "skshotattempts": "3",
        "skshotonnetpct": "66.67",
        "skshotpct": "50.00",
        "skshots": "2",
        "sktakeaways": "3",
        "teamId": "501",
        "teamSide": "1",
        "toi": "60",
        "toiseconds": "3600",
        "playername": "BarryWoodsDong"
      },
      "1012193622": {
        "class": "15",
        "glbrksavepct": "0.00",
        "glbrksaves": "0",
        "glbrkshots": "0",
        "gldsaves": "0",
        "glga": "0",
        "glgaa": "0.00",
        "glpensavepct": "0.00",
        "glpensaves": "0",
        "glpenshots": "0",
        "glpkclearzone": "0",
        "glpokechecks": "0",
        "glsavepct": "0.00",
        "glsaves": "0",
        "glshots": "0",
        "glsoperiods": "0",
        "isGuest": "0",
        "opponentClubId": "450721",
        "opponentScore": "5",
        "opponentTeamId": "500",
        "player_dnf": "0",
        "playerLevel": "203",
        "pNhlOnlineGameType": "5",
        "position": "defenseMen",
        "posSorted": "1",
        "ratingDefense": "60.00",
        "ratingOffense": "60.00",
        "ratingTeamplay": "75.00",
        "score": "7",
        "skassists": "0",
        "skbs": "1",
        "skdeflections": "0",
        "skfol": "0",
        "skfopct": "0.00",
        "skfow": "0",
        "skgiveaways": "6",
        "skgoals": "0",
        "skgwg": "0",
        "skhits": "6",
        "skinterceptions": "9",
        "skpassattempts": "17",
        "skpasses": "9",
        "skpasspct": "52.94",
        "skpenaltiesdrawn": "1",
        "skpim": "0",
        "skpkclearzone": "0",
        "skplusmin": "2",
        "skpossession": "185",
        "skppg": "0",
        "sksaucerpasses": "1",
        "skshg": "0",
        "skshotattempts": "2",
        "skshotonnetpct": "50.00",
        "skshotpct": "0.00",
        "skshots": "1",
        "sktakeaways": "3",
        "teamId": "501",
        "teamSide": "1",
        "toi": "60",
        "toiseconds": "3600",
        "playername": "Bilal-I96I"
      },
      "1003797820592": {
        "class": "2",
        "glbrksavepct": "0.00",
        "glbrksaves": "0",
        "glbrkshots": "0",
        "gldsaves": "0",
        "glga": "0",
        "glgaa": "0.00",
        "glpensavepct": "0.00",
        "glpensaves": "0",
        "glpenshots": "0",
        "glpkclearzone": "0",
        "glpokechecks": "0",
        "glsavepct": "0.00",
        "glsaves": "0",
        "glshots": "0",
        "glsoperiods": "0",
        "isGuest": "1",
        "opponentClubId": "450721",
        "opponentScore": "5",
        "opponentTeamId": "500",
        "player_dnf": "0",
        "playerLevel": "299",
        "pNhlOnlineGameType": "5",
        "position": "leftWing",
        "posSorted": "4",
        "ratingDefense": "55.00",
        "ratingOffense": "100.00",
        "ratingTeamplay": "65.00",
        "score": "7",
        "skassists": "1",
        "skbs": "0",
        "skdeflections": "0",
        "skfol": "0",
        "skfopct": "0.00",
        "skfow": "0",
        "skgiveaways": "6",
        "skgoals": "4",
        "skgwg": "0",
        "skhits": "1",
        "skinterceptions": "7",
        "skpassattempts": "11",
        "skpasses": "8",
        "skpasspct": "72.73",
        "skpenaltiesdrawn": "1",
        "skpim": "0",
        "skpkclearzone": "0",
        "skplusmin": "2",
        "skpossession": "137",
        "skppg": "1",
        "sksaucerpasses": "0",
        "skshg": "0",
        "skshotattempts": "7",
        "skshotonnetpct": "85.71",
        "skshotpct": "66.67",
        "skshots": "6",
        "sktakeaways": "5",
        "teamId": "501",
        "teamSide": "1",
        "toi": "60",
        "toiseconds": "3600",
        "playername": "A-H-O_20-"
      },
      "1004704581653": {
        "class": "15",
        "glbrksavepct": "0.00",
        "glbrksaves": "0",
        "glbrkshots": "0",
        "gldsaves": "0",
        "glga": "0",
        "glgaa": "0.00",
        "glpensavepct": "0.00",
        "glpensaves": "0",
        "glpenshots": "0",
        "glpkclearzone": "0",
        "glpokechecks": "0",
        "glsavepct": "0.00",
        "glsaves": "0",
        "glshots": "0",
        "glsoperiods": "0",
        "isGuest": "1",
        "opponentClubId": "450721",
        "opponentScore": "5",
        "opponentTeamId": "500",
        "player_dnf": "0",
        "playerLevel": "261",
        "pNhlOnlineGameType": "5",
        "position": "rightWing",
        "posSorted": "3",
        "ratingDefense": "60.00",
        "ratingOffense": "100.00",
        "ratingTeamplay": "45.00",
        "score": "7",
        "skassists": "3",
        "skbs": "0",
        "skdeflections": "0",
        "skfol": "0",
        "skfopct": "0.00",
        "skfow": "0",
        "skgiveaways": "19",
        "skgoals": "2",
        "skgwg": "0",
        "skhits": "1",
        "skinterceptions": "7",
        "skpassattempts": "24",
        "skpasses": "19",
        "skpasspct": "79.17",
        "skpenaltiesdrawn": "1",
        "skpim": "2",
        "skpkclearzone": "0",
        "skplusmin": "2",
        "skpossession": "249",
        "skppg": "0",
        "sksaucerpasses": "0",
        "skshg": "0",
        "skshotattempts": "4",
        "skshotonnetpct": "75.00",
        "skshotpct": "66.67",
        "skshots": "3",
        "sktakeaways": "3",
        "teamId": "501",
        "teamSide": "1",
        "toi": "60",
        "toiseconds": "3574",
        "playername": "xBxllxgxrde-"
      }
    },
    "450721": {
      "1248857979": {
        "class": "15",
        "glbrksavepct": "0.00",
        "glbrksaves": "0",
        "glbrkshots": "0",
        "gldsaves": "0",
        "glga": "0",
        "glgaa": "0.00",
        "glpensavepct": "0.00",
        "glpensaves": "0",
        "glpenshots": "0",
        "glpkclearzone": "0",
        "glpokechecks": "0",
        "glsavepct": "0.00",
        "glsaves": "0",
        "glshots": "0",
        "glsoperiods": "0",
        "isGuest": "1",
        "opponentClubId": "440740",
        "opponentScore": "7",
        "opponentTeamId": "501",
        "player_dnf": "0",
        "playerLevel": "248",
        "pNhlOnlineGameType": "5",
        "position": "defenseMen",
        "posSorted": "2",
        "ratingDefense": "60.00",
        "ratingOffense": "70.00",
        "ratingTeamplay": "55.00",
        "score": "5",
        "skassists": "1",
        "skbs": "1",
        "skdeflections": "0",
        "skfol": "0",
        "skfopct": "0.00",
        "skfow": "0",
        "skgiveaways": "17",
        "skgoals": "0",
        "skgwg": "0",
        "skhits": "7",
        "skinterceptions": "8",
        "skpassattempts": "22",
        "skpasses": "11",
        "skpasspct": "50.00",
        "skpenaltiesdrawn": "0",
        "skpim": "2",
        "skpkclearzone": "0",
        "skplusmin": "-2",
        "skpossession": "193",
        "skppg": "0",
        "sksaucerpasses": "2",
        "skshg": "0",
        "skshotattempts": "0",
        "skshotonnetpct": "0.00",
        "skshotpct": "0.00",
        "skshots": "0",
        "sktakeaways": "4",
        "teamId": "500",
        "teamSide": "0",
        "toi": "58",
        "toiseconds": "3497",
        "playername": "YuNgWuN413"
      },
      "1677503527": {
        "class": "15",
        "glbrksavepct": "0.00",
        "glbrksaves": "0",
        "glbrkshots": "0",
        "gldsaves": "0",
        "glga": "0",
        "glgaa": "0.00",
        "glpensavepct": "0.00",
        "glpensaves": "0",
        "glpenshots": "0",
        "glpkclearzone": "0",
        "glpokechecks": "0",
        "glsavepct": "0.00",
        "glsaves": "0",
        "glshots": "0",
        "glsoperiods": "0",
        "isGuest": "1",
        "opponentClubId": "440740",
        "opponentScore": "7",
        "opponentTeamId": "501",
        "player_dnf": "0",
        "playerLevel": "107",
        "pNhlOnlineGameType": "5",
        "position": "leftWing",
        "posSorted": "4",
        "ratingDefense": "55.00",
        "ratingOffense": "100.00",
        "ratingTeamplay": "25.00",
        "score": "5",
        "skassists": "1",
        "skbs": "0",
        "skdeflections": "0",
        "skfol": "0",
        "skfopct": "0.00",
        "skfow": "0",
        "skgiveaways": "9",
        "skgoals": "2",
        "skgwg": "0",
        "skhits": "0",
        "skinterceptions": "6",
        "skpassattempts": "19",
        "skpasses": "13",
        "skpasspct": "68.42",
        "skpenaltiesdrawn": "0",
        "skpim": "2",
        "skpkclearzone": "0",
        "skplusmin": "-2",
        "skpossession": "172",
        "skppg": "1",
        "sksaucerpasses": "0",
        "skshg": "0",
        "skshotattempts": "4",
        "skshotonnetpct": "50.00",
        "skshotpct": "100.00",
        "skshots": "2",
        "sktakeaways": "4",
        "teamId": "500",
        "teamSide": "0",
        "toi": "60",
        "toiseconds": "3594",
        "playername": "Toeffoli"
      },
      "1754078827": {
        "class": "1",
        "glbrksavepct": "0.00",
        "glbrksaves": "0",
        "glbrkshots": "0",
        "gldsaves": "0",
        "glga": "0",
        "glgaa": "0.00",
        "glpensavepct": "0.00",
        "glpensaves": "0",
        "glpenshots": "0",
        "glpkclearzone": "0",
        "glpokechecks": "0",
        "glsavepct": "0.00",
        "glsaves": "0",
        "glshots": "0",
        "glsoperiods": "0",
        "isGuest": "0",
        "opponentClubId": "440740",
        "opponentScore": "7",
        "opponentTeamId": "501",
        "player_dnf": "0",
        "playerLevel": "284",
        "pNhlOnlineGameType": "5",
        "position": "center",
        "posSorted": "5",
        "ratingDefense": "45.00",
        "ratingOffense": "100.00",
        "ratingTeamplay": "75.00",
        "score": "5",
        "skassists": "0",
        "skbs": "0",
        "skdeflections": "0",
        "skfol": "16",
        "skfopct": "46.67",
        "skfow": "14",
        "skgiveaways": "8",
        "skgoals": "3",
        "skgwg": "0",
        "skhits": "2",
        "skinterceptions": "6",
        "skpassattempts": "16",
        "skpasses": "11",
        "skpasspct": "68.75",
        "skpenaltiesdrawn": "0",
        "skpim": "0",
        "skpkclearzone": "0",
        "skplusmin": "-2",
        "skpossession": "252",
        "skppg": "1",
        "sksaucerpasses": "2",
        "skshg": "0",
        "skshotattempts": "3",
        "skshotonnetpct": "100.00",
        "skshotpct": "100.00",
        "skshots": "3",
        "sktakeaways": "4",
        "teamId": "500",
        "teamSide": "0",
        "toi": "60",
        "toiseconds": "3600",
        "playername": "Tekk112"
      },
      "1857603419": {
        "class": "15",
        "glbrksavepct": "0.00",
        "glbrksaves": "0",
        "glbrkshots": "0",
        "gldsaves": "0",
        "glga": "0",
        "glgaa": "0.00",
        "glpensavepct": "0.00",
        "glpensaves": "0",
        "glpenshots": "0",
        "glpkclearzone": "0",
        "glpokechecks": "0",
        "glsavepct": "0.00",
        "glsaves": "0",
        "glshots": "0",
        "glsoperiods": "0",
        "isGuest": "1",
        "opponentClubId": "440740",
        "opponentScore": "7",
        "opponentTeamId": "501",
        "player_dnf": "0",
        "playerLevel": "299",
        "pNhlOnlineGameType": "5",
        "position": "defenseMen",
        "posSorted": "1",
        "ratingDefense": "50.00",
        "ratingOffense": "75.00",
        "ratingTeamplay": "60.00",
        "score": "5",
        "skassists": "2",
        "skbs": "0",
        "skdeflections": "0",
        "skfol": "0",
        "skfopct": "0.00",
        "skfow": "0",
        "skgiveaways": "6",
        "skgoals": "0",
        "skgwg": "0",
        "skhits": "3",
        "skinterceptions": "9",
        "skpassattempts": "16",
        "skpasses": "10",
        "skpasspct": "62.50",
        "skpenaltiesdrawn": "1",
        "skpim": "2",
        "skpkclearzone": "1",
        "skplusmin": "-2",
        "skpossession": "168",
        "skppg": "0",
        "sksaucerpasses": "0",
        "skshg": "0",
        "skshotattempts": "1",
        "skshotonnetpct": "0.00",
        "skshotpct": "0.00",
        "skshots": "0",
        "sktakeaways": "3",
        "teamId": "500",
        "teamSide": "0",
        "toi": "60",
        "toiseconds": "3600",
        "playername": "Letang--"
      },
      "1926645693": {
        "class": "21",
        "glbrksavepct": "0.00",
        "glbrksaves": "0",
        "glbrkshots": "1",
        "gldsaves": "0",
        "glga": "7",
        "glgaa": "7.00",
        "glpensavepct": "0.00",
        "glpensaves": "0",
        "glpenshots": "0",
        "glpkclearzone": "0",
        "glpokechecks": "0",
        "glsavepct": "0.56",
        "glsaves": "9",
        "glshots": "16",
        "glsoperiods": "0",
        "isGuest": "0",
        "opponentClubId": "440740",
        "opponentScore": "7",
        "opponentTeamId": "501",
        "player_dnf": "0",
        "playerLevel": "146",
        "pNhlOnlineGameType": "5",
        "position": "goalie",
        "posSorted": "0",
        "ratingDefense": "70.00",
        "ratingOffense": "35.00",
        "ratingTeamplay": "40.00",
        "score": "5",
        "skassists": "0",
        "skbs": "0",
        "skdeflections": "0",
        "skfol": "0",
        "skfopct": "0.00",
        "skfow": "0",
        "skgiveaways": "0",
        "skgoals": "0",
        "skgwg": "0",
        "skhits": "0",
        "skinterceptions": "0",
        "skpassattempts": "0",
        "skpasses": "0",
        "skpasspct": "0.00",
        "skpenaltiesdrawn": "0",
        "skpim": "0",
        "skpkclearzone": "0",
        "skplusmin": "0",
        "skpossession": "0",
        "skppg": "0",
        "sksaucerpasses": "0",
        "skshg": "0",
        "skshotattempts": "0",
        "skshotonnetpct": "0.00",
        "skshotpct": "0.00",
        "skshots": "0",
        "sktakeaways": "0",
        "teamId": "500",
        "teamSide": "0",
        "toi": "60",
        "toiseconds": "3600",
        "playername": "Rabb1tx14"
      },
      "1952356637": {
        "class": "2",
        "glbrksavepct": "0.00",
        "glbrksaves": "0",
        "glbrkshots": "0",
        "gldsaves": "0",
        "glga": "0",
        "glgaa": "0.00",
        "glpensavepct": "0.00",
        "glpensaves": "0",
        "glpenshots": "0",
        "glpkclearzone": "0",
        "glpokechecks": "0",
        "glsavepct": "0.00",
        "glsaves": "0",
        "glshots": "0",
        "glsoperiods": "0",
        "isGuest": "1",
        "opponentClubId": "440740",
        "opponentScore": "7",
        "opponentTeamId": "501",
        "player_dnf": "0",
        "playerLevel": "293",
        "pNhlOnlineGameType": "5",
        "position": "rightWing",
        "posSorted": "3",
        "ratingDefense": "50.00",
        "ratingOffense": "85.00",
        "ratingTeamplay": "75.00",
        "score": "5",
        "skassists": "2",
        "skbs": "0",
        "skdeflections": "0",
        "skfol": "0",
        "skfopct": "0.00",
        "skfow": "0",
        "skgiveaways": "12",
        "skgoals": "0",
        "skgwg": "0",
        "skhits": "3",
        "skinterceptions": "6",
        "skpassattempts": "24",
        "skpasses": "15",
        "skpasspct": "62.50",
        "skpenaltiesdrawn": "1",
        "skpim": "0",
        "skpkclearzone": "0",
        "skplusmin": "-2",
        "skpossession": "267",
        "skppg": "0",
        "sksaucerpasses": "1",
        "skshg": "0",
        "skshotattempts": "6",
        "skshotonnetpct": "66.67",
        "skshotpct": "0.00",
        "skshots": "4",
        "sktakeaways": "4",
        "teamId": "500",
        "teamSide": "0",
        "toi": "60",
        "toiseconds": "3600",
        "playername": "XxCR33_SniPeRxX"
      }
    }
  },
  "aggregate": {
    "440740": {
      "class": 69,
      "glbrksavepct": 0,
      "glbrksaves": 0,
      "glbrkshots": 0,
      "gldsaves": 1,
      "glga": 5,
      "glgaa": 5,
      "glpensavepct": 0,
      "glpensaves": 0,
      "glpenshots": 0,
      "glpkclearzone": 0,
      "glpokechecks": 0,
      "glsavepct": 0.69,
      "glsaves": 11,
      "glshots": 16,
      "glsoperiods": 0,
      "isGuest": 3,
      "opponentClubId": 2704326,
      "opponentScore": 30,
      "opponentTeamId": 3000,
      "player_dnf": 0,
      "playerLevel": 885,
      "pNhlOnlineGameType": 30,
      "position": 0,
      "posSorted": 15,
      "ratingDefense": 410,
      "ratingOffense": 490,
      "ratingTeamplay": 390,
      "score": 42,
      "skassists": 9,
      "skbs": 2,
      "skdeflections": 0,
      "skfol": 14,
      "skfopct": 53.33,
      "skfow": 16,
      "skgiveaways": 54,
      "skgoals": 7,
      "skgwg": 0,
      "skhits": 16,
      "skinterceptions": 38,
      "skpassattempts": 99,
      "skpasses": 68,
      "skpasspct": 340.48,
      "skpenaltiesdrawn": 3,
      "skpim": 4,
      "skpkclearzone": 0,
      "skplusmin": 10,
      "skpossession": 970,
      "skppg": 2,
      "sksaucerpasses": 3,
      "skshg": 0,
      "skshotattempts": 17,
      "skshotonnetpct": 377.38,
      "skshotpct": 183.34,
      "skshots": 13,
      "sktakeaways": 16,
      "teamId": 3006,
      "teamSide": 6,
      "toi": 360,
      "toiseconds": 21567
    },
    "450721": {
      "class": 69,
      "glbrksavepct": 0,
      "glbrksaves": 0,
      "glbrkshots": 1,
      "gldsaves": 0,
      "glga": 7,
      "glgaa": 7,
      "glpensavepct": 0,
      "glpensaves": 0,
      "glpenshots": 0,
      "glpkclearzone": 0,
      "glpokechecks": 0,
      "glsavepct": 0.56,
      "glsaves": 9,
      "glshots": 16,
      "glsoperiods": 0,
      "isGuest": 4,
      "opponentClubId": 2644440,
      "opponentScore": 42,
      "opponentTeamId": 3006,
      "player_dnf": 0,
      "playerLevel": 1377,
      "pNhlOnlineGameType": 30,
      "position": 0,
      "posSorted": 15,
      "ratingDefense": 330,
      "ratingOffense": 465,
      "ratingTeamplay": 330,
      "score": 30,
      "skassists": 6,
      "skbs": 1,
      "skdeflections": 0,
      "skfol": 16,
      "skfopct": 46.67,
      "skfow": 14,
      "skgiveaways": 52,
      "skgoals": 5,
      "skgwg": 0,
      "skhits": 15,
      "skinterceptions": 35,
      "skpassattempts": 97,
      "skpasses": 60,
      "skpasspct": 312.17,
      "skpenaltiesdrawn": 2,
      "skpim": 6,
      "skpkclearzone": 1,
      "skplusmin": -10,
      "skpossession": 1052,
      "skppg": 2,
      "sksaucerpasses": 5,
      "skshg": 0,
      "skshotattempts": 14,
      "skshotonnetpct": 216.67,
      "skshotpct": 200,
      "skshots": 9,
      "sktakeaways": 19,
      "teamId": 3000,
      "teamSide": 0,
      "toi": 358,
      "toiseconds": 21491
    }
  }
}