{
  "matchId": "6798552740493",
  "timestamp": 1664415775,
  "timeAgo": {
    "number": 1,
    "unit": "days"
  },
  "clubs": {
    "440740": {
      "clubDivision": "1",
      "cNhlOnlineGameType": "5",
      "garaw": "8",
      "gfraw": "1",
      "losses": "1",
      "memberString": "6 / 6",
      "opponentClubId": "450721",
      "opponentScore": "8",
      "opponentTeamArtAbbr": "DROP",
      "passa": "32",
      "passc": "26",
      "ppg": "0",
      "ppo": "1",
      "result": "10",
      "score": "1",
      "scoreString": "1 - 8",
      "shots": "8",
      "teamArtAbbr": "EASHL",
      "teamSide": "0",
      "toa": "82",
      "winnerByDnf": "0",
      "winnerByGoalieDnf": "0",
      "details": {
        "name": "M6 Electrified",
        "clubId": 440740,
        "regionId": 5,
        "teamId": 5070,
        "customKit": {
          "isCustomTeam": "1",
          "crestAssetId": "183",
          "useBaseAsset": "1"
        }
      },
      "goals": "1",
      "goalsAgainst": "8"
    },
    "450721": {
      "clubDivision": "3",
      "cNhlOnlineGameType": "5",
      "garaw": "1",
      "gfraw": "8",
      "losses": "0",
      "memberString": "6 / 6",
      "opponentClubId": "440740",
      "opponentScore": "1",
      "opponentTeamArtAbbr": "EASHL",
      "passa": "61",
      "passc": "44",
      "ppg": "4",
      "ppo": "6",
      "result": "16385",
      "score": "8",
      "scoreString": "8 - 1",
      "shots": "13",
      "teamArtAbbr": "DROP",
      "teamSide": "1",
      "toa": "307",
      "winnerByDnf": "1",
      "winnerByGoalieDnf": "1",
      "details": {
        "name": "M6 Troublemakers",
        "clubId": 450721,
        "regionId": 5,
        "teamId": 5137,
        "customKit": {
          "isCustomTeam": "1",
          "crestAssetId": "242",
          "useBaseAsset": "1"
        }
      },
      "goals": "8",
      "goalsAgainst": "1"
    }
  },
  "players": {
    "440740": {
      "261807399": {
        "class": "6",
        "glbrksavepct": "0.00",
        "glbrksaves": "0",
        "glbrkshots": "0",
        "gldsaves": "0",
        "glga": "0",
        "glgaa": "0.00",
        "glpensavepct": "0.00",
        "glpensaves": "0",
        "glpenshots": "0",
        "glpkclearzone": "0",
        "glpokechecks": "0",
        "glsavepct": "0.00",
        "glsaves": "0",
        "glshots": "0",
        "glsoperiods": "0",
        "isGuest": "1",
        "opponentClubId": "450721",
        "opponentScore": "8",
        "opponentTeamId": "501",
        "player_dnf": "0",
        "playerLevel": "196",
        "pNhlOnlineGameType": "5",
        "position": "leftWing",
        "posSorted": "4",
        "ratingDefense": "50.00",
        "ratingOffense": "65.00",
        "ratingTeamplay": "15.00",
        "score": "1",
        "skassists": "0",
        "skbs": "0",
        "skdeflections": "0",
        "skfol": "0",
        "skfopct": "0.00",
        "skfow": "0",
        "skgiveaways": "2",
        "skgoals": "1",
        "skgwg": "0",
        "skhits": "1",
        "skinterceptions": "2",
        "skpassattempts": "6",
        "skpasses": "4",
        "skpasspct": "66.67",
        "skpenaltiesdrawn": "0",
        "skpim": "2",
        "skpkclearzone": "1",
        "skplusmin": "-3",
        "skpossession": "73",
        "skppg": "0",
        "sksaucerpasses": "0",
        "skshg": "1",
        "skshotattempts": "4",
        "skshotonnetpct": "100.00",
        "skshotpct": "25.00",
        "skshots": "4",
        "sktakeaways": "2",
        "teamId": "500",
        "teamSide": "0",
        "toi": "32",
        "toiseconds": "1930",
        "playername": "BingBongByron69"
      },
      "880469871": {
        "class": "21",
        "glbrksavepct": "0.00",
        "glbrksaves": "0",
        "glbrkshots": "0",
        "gldsaves": "0",
        "glga": "8",
        "glgaa": "14.55",
        "glpensavepct": "0.00",
        "glpensaves": "0",
        "glpenshots": "0",
        "glpkclearzone": "0",
        "glpokechecks": "0",
        "glsavepct": "0.43",
        "glsaves": "6",
        "glshots": "14",
        "glsoperiods": "0",
        "isGuest": "0",
        "opponentClubId": "450721",
        "opponentScore": "8",
        "opponentTeamId": "501",
        "player_dnf": "1",
        "playerLevel": "188",
        "pNhlOnlineGameType": "5",
        "position": "goalie",
        "posSorted": "0",
        "ratingDefense": "60.00",
        "ratingOffense": "10.00",
        "ratingTeamplay": "45.00",
        "score": "1",
        "skassists": "0",
        "skbs": "0",
        "skdeflections": "0",
        "skfol": "0",
        "skfopct": "0.00",
        "skfow": "0",
        "skgiveaways": "0",
        "skgoals": "0",
        "skgwg": "0",
        "skhits": "0",
        "skinterceptions": "0",
        "skpassattempts": "0",
        "skpasses": "0",
        "skpasspct": "0.00",
        "skpenaltiesdrawn": "0",
        "skpim": "0",
        "skpkclearzone": "0",
        "skplusmin": "0",
        "skpossession": "0",
        "skppg": "0",
        "sksaucerpasses": "0",
        "skshg": "0",
        "skshotattempts": "0",
        "skshotonnetpct": "0.00",
        "skshotpct": "0.00",
        "skshots": "0",
        "sktakeaways": "0",
        "teamId": "500",
        "teamSide": "0",
        "toi": "33",
        "toiseconds": "1963",
        "playername": "Seagull_3134"
      },
      "1138007442": {
        "class": "15",
        "glbrksavepct": "0.00",
        "glbrksaves": "0",
        "glbrkshots": "0",
        "gldsaves": "0",
        "glga": "0",
        "glgaa": "0.00",
        "glpensavepct": "0.00",
        "glpensaves": "0",
        "glpenshots": "0",
        "glpkclearzone": "0",
        "glpokechecks": "0",
        "glsavepct": "0.00",
        "glsaves": "0",
        "glshots": "0",
        "glsoperiods": "0",
        "isGuest": "1",
        "opponentClubId": "450721",
        "opponentScore": "8",
        "opponentTeamId": "501",
        "player_dnf": "0",
        "playerLevel": "209",
        "pNhlOnlineGameType": "5",
        "position": "rightWing",
        "posSorted": "3",
        "ratingDefense": "45.00",
        "ratingOffense": "55.00",
        "ratingTeamplay": "35.00",
        "score": "1",
        "skassists": "0",
        "skbs": "0",
        "skdeflections": "0",
        "skfol": "2",
        "skfopct": "0.00",
        "skfow": "0",
        "skgiveaways": "0",
        "skgoals": "0",
        "skgwg": "0",
        "skhits": "1",
        "skinterceptions": "1",
        "skpassattempts": "4",
        "skpasses": "3",
        "skpasspct": "75.00",
        "skpenaltiesdrawn": "0",
        "skpim": "2",
        "skpkclearzone": "0",
        "skplusmin": "-3",
        "skpossession": "43",
        "skppg": "0",
        "sksaucerpasses": "0",
        "skshg": "0",
        "skshotattempts": "1",
        "skshotonnetpct": "100.00",
        "skshotpct": "0.00",
        "skshots": "1",
        "sktakeaways": "1",
        "teamId": "500",
        "teamSide": "0",
        "toi": "29",
        "toiseconds": "1749",
        "playername": "Col4Bin420"
      },
      "1716696597": {
        "class": "14",
        "glbrksavepct": "0.00",
        "glbrksaves": "0",
        "glbrkshots": "0",
        "gldsaves": "0",
        "glga": "0",
        "glgaa": "0.00",
        "glpensavepct": "0.00",
        "glpensaves": "0",
        "glpenshots": "0",
        "glpkclearzone": "0",
        "glpokechecks": "0",
        "glsavepct": "0.00",
        "glsaves": "0",
        "glshots": "0",
        "glsoperiods": "0",
        "isGuest": "0",
        "opponentClubId": "450721",
        "opponentScore": "8",
        "opponentTeamId": "501",
        "player_dnf": "0",
        "playerLevel": "39",
        "pNhlOnlineGameType": "5",
        "position": "defenseMen",
        "posSorted": "1",
        "ratingDefense": "25.00",
        "ratingOffense": "55.00",
        "ratingTeamplay": "25.00",
        "score": "1",
        "skassists": "0",
        "skbs": "0",
        "skdeflections": "0",
        "skfol": "0",
        "skfopct": "0.00",
        "skfow": "0",
        "skgiveaways": "2",
        "skgoals": "0",
        "skgwg": "0",
        "skhits": "4",
        "skinterceptions": "2",
        "skpassattempts": "2",
        "skpasses": "2",
        "skpasspct": "100.00",
        "skpenaltiesdrawn": "0",
        "skpim": "4",
        "skpkclearzone": "0",
        "skplusmin": "-3",
        "skpossession": "32",
        "skppg": "0",
        "sksaucerpasses": "0",
        "skshg": "0",
        "skshotattempts": "0",
        "skshotonnetpct": "0.00",
        "skshotpct": "0.00",
        "skshots": "0",
        "sktakeaways": "2",
        "teamId": "500",
        "teamSide": "0",
        "toi": "30",
        "toiseconds": "1783",
        "playername": "KDogRacing29"
      },
      "1004204818872": {
        "class": "15",
        "glbrksavepct": "0.00",
        "glbrksaves": "0",
        "glbrkshots": "0",
        "gldsaves": "0",
        "glga": "0",
        "glgaa": "0.00",
        "glpensavepct": "0.00",
        "glpensaves": "0",
        "glpenshots": "0",
        "glpkclearzone": "0",
        "glpokechecks": "0",
        "glsavepct": "0.00",
        "glsaves": "0",
        "glshots": "0",
        "glsoperiods": "0",
        "isGuest": "1",
        "opponentClubId": "450721",
        "opponentScore": "8",
        "opponentTeamId": "501",
        "player_dnf": "0",
        "playerLevel": "141",
        "pNhlOnlineGameType": "5",
        "position": "defenseMen",
        "posSorted": "2",
        "ratingDefense": "50.00",
        "ratingOffense": "65.00",
        "ratingTeamplay": "70.00",
        "score": "1",
        "skassists": "1",
        "skbs": "0",
        "skdeflections": "0",
        "skfol": "0",
        "skfopct": "0.00",
        "skfow": "0",
        "skgiveaways": "6",
        "skgoals": "0",
        "skgwg": "0",
        "skhits": "5",
        "skinterceptions": "8",
        "skpassattempts": "11",
        "skpasses": "9",
        "skpasspct": "81.82",
        "skpenaltiesdrawn": "0",
        "skpim": "0",
        "skpkclearzone": "3",
        "skplusmin": "-3",
        "skpossession": "111",
        "skppg": "0",
        "sksaucerpasses": "0",
        "skshg": "0",
        "skshotattempts": "1",
        "skshotonnetpct": "0.00",
        "skshotpct": "0.00",
        "skshots": "0",
        "sktakeaways": "7",
        "teamId": "500",
        "teamSide": "0",
        "toi": "33",
        "toiseconds": "1963",
        "playername": "mattybeastmode12"
      },
      "1004704581653": {
        "class": "5",
        "glbrksavepct": "0.00",
        "glbrksaves": "0",
        "glbrkshots": "0",
        "gldsaves": "0",
        "glga": "0",
        "glgaa": "0.00",
        "glpensavepct": "0.00",
        "glpensaves": "0",
        "glpenshots": "0",
        "glpkclearzone": "0",
        "glpokechecks": "0",
        "glsavepct": "0.00",
        "glsaves": "0",
        "glshots": "0",
        "glsoperiods": "0",
        "isGuest": "1",
        "opponentClubId": "450721",
        "opponentScore": "8",
        "opponentTeamId": "501",
        "player_dnf": "0",
        "playerLevel": "261",
        "pNhlOnlineGameType": "5",
        "position": "center",
        "posSorted": "5",
        "ratingDefense": "55.00",
        "ratingOffense": "55.00",
        "ratingTeamplay": "85.00",
        "score": "1",
        "skassists": "0",
        "skbs": "0",
        "skdeflections": "0",
        "skfol": "13",
        "skfopct": "35.00",
        "skfow": "7",
        "skgiveaways": "6",
        "skgoals": "0",
        "skgwg": "0",
        "skhits": "12",
        "skinterceptions": "2",
        "skpassattempts": "7",
        "skpasses": "7",
        "skpasspct": "100.00",
        "skpenaltiesdrawn": "1",
        "skpim": "2",
        "skpkclearzone": "0",
        "skplusmin": "-4",
        "skpossession": "91",
        "skppg": "0",
        "sksaucerpasses": "0",
        "skshg": "0",
        "skshotattempts": "3",
        "skshotonnetpct": "66.67",
        "skshotpct": "0.00",
        "skshots": "2",
        "sktakeaways": "2",
        "teamId": "500",
        "teamSide": "0",
        "toi": "31",
        "toiseconds": "1883",
        "playername": "xBxllxgxrde-"
      }
    },
    "450721": {
      "178617183": {
        "class": "21",
        "glbrksavepct": "0.00",
        "glbrksaves": "0",
        "glbrkshots": "0",
        "gldsaves": "0",
        "glga": "1",
        "glgaa": "1.82",
        "glpensavepct": "0.00",
        "glpensaves": "0",
        "glpenshots": "0",
        "glpkclearzone": "0",
        "glpokechecks": "0",
        "glsavepct": "0.88",
        "glsaves": "7",
        "glshots": "8",
        "glsoperiods": "0",
        "isGuest": "0",
        "opponentClubId": "440740",
        "opponentScore": "1",
        "opponentTeamId": "500",
        "player_dnf": "0",
        "playerLevel": "132",
        "pNhlOnlineGameType": "5",
        "position": "goalie",
        "posSorted": "0",
        "ratingDefense": "60.00",
        "ratingOffense": "60.00",
        "ratingTeamplay": "55.00",
        "score": "8",
        "skassists": "0",
        "skbs": "0",
        "skdeflections": "0",
        "skfol": "0",
        "skfopct": "0.00",
        "skfow": "0",
        "skgiveaways": "0",
        "skgoals": "0",
        "skgwg": "0",
        "skhits": "0",
        "skinterceptions": "0",
        "skpassattempts": "0",
        "skpasses": "0",
        "skpasspct": "0.00",
        "skpenaltiesdrawn": "0",
        "skpim": "0",
        "skpkclearzone": "0",
        "skplusmin": "0",
        "skpossession": "0",
        "skppg": "0",
        "sksaucerpasses": "0",
        "skshg": "0",
        "skshotattempts": "0",
        "skshotonnetpct": "0.00",
        "skshotpct": "0.00",
        "skshots": "0",
        "sktakeaways": "0",
        "teamId": "501",
        "teamSide": "1",
        "toi": "33",
        "toiseconds": "1963",
        "playername": "falcolover"
      },
      "1248857979": {
        "class": "15",
        "glbrksavepct": "0.00",
        "glbrksaves": "0",
        "glbrkshots": "0",
        "gldsaves": "0",
        "glga": "0",
        "glgaa": "0.00",
        "glpensavepct": "0.00",
        "glpensaves": "0",
        "glpenshots": "0",
        "glpkclearzone": "0",
        "glpokechecks": "0",
        "glsavepct": "0.00",
        "glsaves": "0",
        "glshots": "0",
        "glsoperiods": "0",
        "isGuest": "1",
        "opponentClubId": "440740",
        "opponentScore": "1",
        "opponentTeamId": "500",
        "player_dnf": "0",
        "playerLevel": "248",
        "pNhlOnlineGameType": "5",
        "position": "defenseMen",
        "posSorted": "2",
        "ratingDefense": "55.00",
        "ratingOffense": "80.00",
        "ratingTeamplay": "15.00",
        "score": "8",
        "skassists": "2",
        "skbs": "1",
        "skdeflections": "0",
        "skfol": "0",
        "skfopct": "0.00",
        "skfow": "0",
        "skgiveaways": "4",
        "skgoals": "0",
        "skgwg": "0",
        "skhits": "0",
        "skinterceptions": "1",
        "skpassattempts": "15",
        "skpasses": "12",
        "skpasspct": "80.00",
        "skpenaltiesdrawn": "0",
        "skpim": "0",
        "skpkclearzone": "0",
        "skplusmin": "3",
        "skpossession": "187",
        "skppg": "0",
        "sksaucerpasses": "1",
        "skshg": "0",
        "skshotattempts": "0",
        "skshotonnetpct": "0.00",
        "skshotpct": "0.00",
        "skshots": "0",
        "sktakeaways": "1",
        "teamId": "501",
        "teamSide": "1",
        "toi": "33",
        "toiseconds": "1963",
        "playername": "YuNgWuN413"
      },
      "1695286344": {
        "class": "2",
        "glbrksavepct": "0.00",
        "glbrksaves": "0",
        "glbrkshots": "0",
        "gldsaves": "0",
        "glga": "0",
        "glgaa": "0.00",
        "glpensavepct": "0.00",
        "glpensaves": "0",
        "glpenshots": "0",
        "glpkclearzone": "0",
        "glpokechecks": "0",
        "glsavepct": "0.00",
        "glsaves": "0",
        "glshots": "0",
        "glsoperiods": "0",
        "isGuest": "1",
        "opponentClubId": "440740",
        "opponentScore": "1",
        "opponentTeamId": "500",
        "player_dnf": "0",
        "playerLevel": "208",
        "pNhlOnlineGameType": "5",
        "position": "leftWing",
        "posSorted": "4",
        "ratingDefense": "55.00",
        "ratingOffense": "100.00",
        "ratingTeamplay": "0.00",
        "score": "8",
        "skassists": "4",
        "skbs": "0",
        "skdeflections": "0",
        "skfol": "0",
        "skfopct": "0.00",
        "skfow": "0",
        "skgiveaways": "6",
        "skgoals": "3",
        "skgwg": "0",
        "skhits": "0",
        "skinterceptions": "3",
        "skpassattempts": "13",
        "skpasses": "9",
        "skpasspct": "69.23",
        "skpenaltiesdrawn": "2",
        "skpim": "2",
        "skpkclearzone": "0",
        "skplusmin": "3",
        "skpossession": "116",
        "skppg": "0",
        "sksaucerpasses": "0",
        "skshg": "0",
        "skshotattempts": "5",
        "skshotonnetpct": "80.00",
        "skshotpct": "75.00",
        "skshots": "4",
        "sktakeaways": "3",
        "teamId": "501",
        "teamSide": "1",
        "toi": "31",
        "toiseconds": "1843",
        "playername": "Lambert--22"
      },
      "1754078827": {
        "class": "1",
        "glbrksavepct": "0.00",
        "glbrksaves": "0",
        "glbrkshots": "0",
        "gldsaves": "0",
        "glga": "0",
        "glgaa": "0.00",
        "glpensavepct": "0.00",
        "glpensaves": "0",
        "glpenshots": "0",
        "glpkclearzone": "0",
        "glpokechecks": "0",
        "glsavepct": "0.00",
        "glsaves": "0",
        "glshots": "0",
        "glsoperiods": "0",
        "isGuest": "0",
        "opponentClubId": "440740",
        "opponentScore": "1",
        "opponentTeamId": "500",
        "player_dnf": "0",
        "playerLevel": "284",
        "pNhlOnlineGameType": "5",
        "position": "center",
        "posSorted": "5",
        "ratingDefense": "65.00",
        "ratingOffense": "100.00",
        "ratingTeamplay": "80.00",
        "score": "8",
        "skassists": "1",
        "skbs": "0",
        "skdeflections": "0",
        "skfol": "7",
        "skfopct": "68.18",
        "skfow": "15",
        "skgiveaways": "4",
        "skgoals": "3",
        "skgwg": "0",
        "skhits": "2",
        "skinterceptions": "2",
        "skpassattempts": "11",
        "skpasses": "9",
        "skpasspct": "81.82",
        "skpenaltiesdrawn": "2",
        "skpim": "0",
        "skpkclearzone": "1",
        "skplusmin": "3",
        "skpossession": "111",
        "skppg": "3",
        "sksaucerpasses": "1",
        "skshg": "0",
        "skshotattempts": "4",
        "skshotonnetpct": "75.00",
        "skshotpct": "100.00",
        "skshots": "3",
        "sktakeaways": "0",
        "teamId": "501",
        "teamSide": "1",
        "toi": "33",
        "toiseconds": "1963",
        "playername": "Tekk112"
      },
      "1839064560": {
        "class": "15",
        "glbrksavepct": "0.00",
        "glbrksaves": "0",
        "glbrkshots": "0",
        "gldsaves": "0",
        "glga": "0",
        "glgaa": "0.00",
        "glpensavepct": "0.00",
        "glpensaves": "0",
        "glpenshots": "0",
        "glpkclearzone": "0",
        "glpokechecks": "0",
        "glsavepct": "0.00",
        "glsaves": "0",
        "glshots": "0",
        "glsoperiods": "0",
        "isGuest": "1",
        "opponentClubId": "440740",
        "opponentScore": "1",
        "opponentTeamId": "500",
        "player_dnf": "0",
        "playerLevel": "188",
        "pNhlOnlineGameType": "5",
        "position": "defenseMen",
        "posSorted": "1",
        "ratingDefense": "50.00",
        "ratingOffense": "65.00",
        "ratingTeamplay": "30.00",
        "score": "8",
        "skassists": "1",
        "skbs": "1",
        "skdeflections": "0",
        "skfol": "0",
        "skfopct": "0.00",
        "skfow": "0",
        "skgiveaways": "7",
        "skgoals": "0",
        "skgwg": "0",
        "skhits": "1",
        "skinterceptions": "3",
        "skpassattempts": "8",
        "skpasses": "4",
        "skpasspct": "50.00",
        "skpenaltiesdrawn": "0",
        "skpim": "0",
        "skpkclearzone": "0",
        "skplusmin": "3",
        "skpossession": "119",
        "skppg": "0",
        "sksaucerpasses": "0",
        "skshg": "0",
        "skshotattempts": "0",
        "skshotonnetpct": "0.00",
        "skshotpct": "0.00",
        "skshots": "0",
        "sktakeaways": "1",
        "teamId": "501",
        "teamSide": "1",
        "toi": "33",
        "toiseconds": "1963",
        "playername": "Buck_PmT"
      },
      "1857603419": {
        "class": "2",
        "glbrksavepct": "0.00",
        "glbrksaves": "0",
        "glbrkshots": "0",
        "gldsaves": "0",
        "glga": "0",
        "glgaa": "0.00",
        "glpensavepct": "0.00",
        "glpensaves": "0",
        "glpenshots": "0",
        "glpkclearzone": "0",
        "glpokechecks": "0",
        "glsavepct": "0.00",
        "glsaves": "0",
        "glshots": "0",
        "glsoperiods": "0",
        "isGuest": "1",
        "opponentClubId": "440740",
        "opponentScore": "1",
        "opponentTeamId": "500",
        "player_dnf": "0",
        "playerLevel": "299",
        "pNhlOnlineGameType": "5",
        "position": "rightWing",
        "posSorted": "3",
        "ratingDefense": "60.00",
        "ratingOffense": "100.00",
        "ratingTeamplay": "60.00",
        "score": "8",
        "skassists": "4",
        "skbs": "0",
        "skdeflections": "0",
        "skfol": "0",
        "skfopct": "0.00",
        "skfow": "0",
        "skgiveaways": "8",
        "skgoals": "2",
        "skgwg": "0",
        "skhits": "1",
        "skinterceptions": "2",
        "skpassattempts": "13",
        "skpasses": "9",
        "skpasspct": "69.23",
        "skpenaltiesdrawn": "1",
        "skpim": "0",
        "skpkclearzone": "0",
        "skplusmin": "3",
        "skpossession": "148",
        "skppg": "1",
        "sksaucerpasses": "1",
        "skshg": "0",
        "skshotattempts": "7",
        "skshotonnetpct": "85.71",
        "skshotpct": "33.33",
        "skshots": "6",
        "sktakeaways": "2",
        "teamId": "501",
        "teamSide": "1",
        "toi": "33",
        "toiseconds": "1963",
        "playername": "Letang--"
      }
    }
  },
  "aggregate": {
    "440740": {
      "class": 76,
      "glbrksavepct": 0,
      "glbrksaves": 0,
      "glbrkshots": 0,
      "gldsaves": 0,
      "glga": 8,
      "glgaa": 14.55,
      "glpensavepct": 0,
      "glpensaves": 0,
      "glpenshots": 0,
      "glpkclearzone": 0,
      "glpokechecks": 0,
      "glsavepct": 0.43,
      "glsaves": 6,
      "glshots": 14,
      "glsoperiods": 0,
      "isGuest": 4,
      "opponentClubId": 2704326,
      "opponentScore": 48,
      "opponentTeamId": 3006,
      "player_dnf": 1,
      "playerLevel": 1034,
      "pNhlOnlineGameType": 30,
      "position": 0,
      "posSorted": 15,
      "ratingDefense": 285,
      "ratingOffense": 305,
      "ratingTeamplay": 275,
      "score": 6,
      "skassists": 1,
      "skbs": 0,
      "skdeflections": 0,
      "skfol": 15,
      "skfopct": 35,
      "skfow": 7,
      "skgiveaways": 16,
      "skgoals": 1,
      "skgwg": 0,
      "skhits": 23,
      "skinterceptions": 15,
      "skpassattempts": 30,
      "skpasses": 25,
      "skpasspct": 423.49,
      "skpenaltiesdrawn": 1,
      "skpim": 10,
      "skpkclearzone": 4,
      "skplusmin": -16,
      "skpossession": 350,
      "skppg": 0,
      "sksaucerpasses": 0,
      "skshg": 1,
      "skshotattempts": 9,
      "skshotonnetpct": 266.67,
      "skshotpct": 25,
      "skshots": 7,
      "sktakeaways": 14,
      "teamId": 3000,
      "teamSide": 0,
      "toi": 188,
      "toiseconds": 11271
    },
    "450721": {
      "class": 56,
      "glbrksavepct": 0,
      "glbrksaves": 0,
      "glbrkshots": 0,
      "gldsaves": 0,
      "glga": 1,
      "glgaa": 1.82,
      "glpensavepct": 0,
      "glpensaves": 0,
      "glpenshots": 0,
      "glpkclearzone": 0,
      "glpokechecks": 0,
      "glsavepct": 0.88,
      "glsaves": 7,
      "glshots": 8,
      "glsoperiods": 0,
      "isGuest": 4,
      "opponentClubId": 2644440,
      "opponentScore": 6,
      "opponentTeamId": 3000,
      "player_dnf": 0,
      "playerLevel": 1359,
      "pNhlOnlineGameType": 30,
      "position": 0,
      "posSorted": 15,
      "ratingDefense": 345,
      "ratingOffense": 505,
      "ratingTeamplay": 240,
      "score": 48,
      "skassists": 12,
      "skbs": 2,
      "skdeflections": 0,
      "skfol": 7,
      "skfopct": 68.18,
      "skfow": 15,
      "skgiveaways": 29,
      "skgoals": 8,
      "skgwg": 0,
      "skhits": 4,
      "skinterceptions": 11,
      "skpassattempts": 60,
      "skpasses": 43,
      "skpasspct": 350.28,
      "skpenaltiesdrawn": 5,
      "skpim": 2,
      "skpkclearzone": 1,
      "skplusmin": 15,
      "skpossession": 681,
      "skppg": 4,
      "sksaucerpasses": 3,
      "skshg": 0,
      "skshotattempts": 16,
      "skshotonnetpct": 240.71,
      "skshotpct": 208.33,
      "skshots": 13,
      "sktakeaways": 7,
      "teamId": 3006,
      "teamSide": 6,
      "toi": 196,
      "toiseconds": 11658
    }
  }
}