{
  "matchId": "6802498170387",
  "timestamp": 1664413678,
  "timeAgo": {
    "number": 1,
    "unit": "days"
  },
  "clubs": {
    "440740": {
      "clubDivision": "1",
      "cNhlOnlineGameType": "5",
      "garaw": "3",
      "gfraw": "2",
      "losses": "0",
      "memberString": "6 / 6",
      "opponentClubId": "450721",
      "opponentScore": "3",
      "opponentTeamArtAbbr": "DROP",
      "passa": "75",
      "passc": "47",
      "ppg": "0",
      "ppo": "0",
      "result": "6",
      "score": "2",
      "scoreString": "2 - 3",
      "shots": "6",
      "teamArtAbbr": "EASHL",
      "teamSide": "0",
      "toa": "161",
      "winnerByDnf": "0",
      "winnerByGoalieDnf": "0",
      "details": {
        "name": "M6 Electrified",
        "clubId": 440740,
        "regionId": 5,
        "teamId": 5070,
        "customKit": {
          "isCustomTeam": "1",
          "crestAssetId": "183",
          "useBaseAsset": "1"
        }
      },
      "goals": "2",
      "goalsAgainst": "3"
    },
    "450721": {
      "clubDivision": "3",
      "cNhlOnlineGameType": "5",
      "garaw": "2",
      "gfraw": "3",
      "losses": "0",
      "memberString": "6 / 6",
      "opponentClubId": "440740",
      "opponentScore": "2",
      "opponentTeamArtAbbr": "EASHL",
      "passa": "141",
      "passc": "98",
      "ppg": "1",
      "ppo": "4",
      "result": "5",
      "score": "3",
      "scoreString": "3 - 2",
      "shots": "16",
      "teamArtAbbr": "DROP",
      "teamSide": "1",
      "toa": "652",
      "winnerByDnf": "0",
      "winnerByGoalieDnf": "0",
      "details": {
        "name": "M6 Troublemakers",
        "clubId": 450721,
        "regionId": 5,
        "teamId": 5137,
        "customKit": {
          "isCustomTeam": "1",
          "crestAssetId": "242",
          "useBaseAsset": "1"
        }
      },
      "goals": "3",
      "goalsAgainst": "2"
    }
  },
  "players": {
    "440740": {
      "261807399": {
        "class": "6",
        "glbrksavepct": "0.00",
        "glbrksaves": "0",
        "glbrkshots": "0",
        "gldsaves": "0",
        "glga": "0",
        "glgaa": "0.00",
        "glpensavepct": "0.00",
        "glpensaves": "0",
        "glpenshots": "0",
        "glpkclearzone": "0",
        "glpokechecks": "0",
        "glsavepct": "0.00",
        "glsaves": "0",
        "glshots": "0",
        "glsoperiods": "0",
        "isGuest": "1",
        "opponentClubId": "450721",
        "opponentScore": "3",
        "opponentTeamId": "501",
        "player_dnf": "0",
        "playerLevel": "196",
        "pNhlOnlineGameType": "5",
        "position": "leftWing",
        "posSorted": "4",
        "ratingDefense": "65.00",
        "ratingOffense": "65.00",
        "ratingTeamplay": "40.00",
        "score": "2",
        "skassists": "0",
        "skbs": "0",
        "skdeflections": "0",
        "skfol": "0",
        "skfopct": "0.00",
        "skfow": "0",
        "skgiveaways": "10",
        "skgoals": "1",
        "skgwg": "0",
        "skhits": "0",
        "skinterceptions": "2",
        "skpassattempts": "11",
        "skpasses": "6",
        "skpasspct": "54.55",
        "skpenaltiesdrawn": "0",
        "skpim": "0",
        "skpkclearzone": "0",
        "skplusmin": "1",
        "skpossession": "106",
        "skppg": "0",
        "sksaucerpasses": "0",
        "skshg": "0",
        "skshotattempts": "2",
        "skshotonnetpct": "50.00",
        "skshotpct": "100.00",
        "skshots": "1",
        "sktakeaways": "0",
        "teamId": "500",
        "teamSide": "0",
        "toi": "63",
        "toiseconds": "3803",
        "playername": "BingBongByron69"
      },
      "385985151": {
        "class": "15",
        "glbrksavepct": "0.00",
        "glbrksaves": "0",
        "glbrkshots": "0",
        "gldsaves": "0",
        "glga": "0",
        "glgaa": "0.00",
        "glpensavepct": "0.00",
        "glpensaves": "0",
        "glpenshots": "0",
        "glpkclearzone": "0",
        "glpokechecks": "0",
        "glsavepct": "0.00",
        "glsaves": "0",
        "glshots": "0",
        "glsoperiods": "0",
        "isGuest": "0",
        "opponentClubId": "450721",
        "opponentScore": "3",
        "opponentTeamId": "501",
        "player_dnf": "0",
        "playerLevel": "82",
        "pNhlOnlineGameType": "5",
        "position": "defenseMen",
        "posSorted": "2",
        "ratingDefense": "100.00",
        "ratingOffense": "65.00",
        "ratingTeamplay": "50.00",
        "score": "2",
        "skassists": "0",
        "skbs": "2",
        "skdeflections": "0",
        "skfol": "0",
        "skfopct": "0.00",
        "skfow": "0",
        "skgiveaways": "14",
        "skgoals": "0",
        "skgwg": "0",
        "skhits": "0",
        "skinterceptions": "10",
        "skpassattempts": "17",
        "skpasses": "12",
        "skpasspct": "70.59",
        "skpenaltiesdrawn": "0",
        "skpim": "2",
        "skpkclearzone": "1",
        "skplusmin": "1",
        "skpossession": "248",
        "skppg": "0",
        "sksaucerpasses": "3",
        "skshg": "0",
        "skshotattempts": "3",
        "skshotonnetpct": "66.67",
        "skshotpct": "0.00",
        "skshots": "2",
        "sktakeaways": "6",
        "teamId": "500",
        "teamSide": "0",
        "toi": "61",
        "toiseconds": "3684",
        "playername": "Sauc---y"
      },
      "880469871": {
        "class": "21",
        "glbrksavepct": "0.00",
        "glbrksaves": "0",
        "glbrkshots": "0",
        "gldsaves": "0",
        "glga": "3",
        "glgaa": "2.86",
        "glpensavepct": "0.00",
        "glpensaves": "0",
        "glpenshots": "1",
        "glpkclearzone": "0",
        "glpokechecks": "0",
        "glsavepct": "0.81",
        "glsaves": "13",
        "glshots": "16",
        "glsoperiods": "0",
        "isGuest": "0",
        "opponentClubId": "450721",
        "opponentScore": "3",
        "opponentTeamId": "501",
        "player_dnf": "0",
        "playerLevel": "188",
        "pNhlOnlineGameType": "5",
        "position": "goalie",
        "posSorted": "0",
        "ratingDefense": "80.00",
        "ratingOffense": "60.00",
        "ratingTeamplay": "45.00",
        "score": "2",
        "skassists": "0",
        "skbs": "0",
        "skdeflections": "0",
        "skfol": "0",
        "skfopct": "0.00",
        "skfow": "0",
        "skgiveaways": "0",
        "skgoals": "0",
        "skgwg": "0",
        "skhits": "0",
        "skinterceptions": "0",
        "skpassattempts": "0",
        "skpasses": "0",
        "skpasspct": "0.00",
        "skpenaltiesdrawn": "0",
        "skpim": "0",
        "skpkclearzone": "0",
        "skplusmin": "0",
        "skpossession": "0",
        "skppg": "0",
        "sksaucerpasses": "0",
        "skshg": "0",
        "skshotattempts": "0",
        "skshotonnetpct": "0.00",
        "skshotpct": "0.00",
        "skshots": "0",
        "sktakeaways": "0",
        "teamId": "500",
        "teamSide": "0",
        "toi": "63",
        "toiseconds": "3803",
        "playername": "Seagull_3134"
      },
      "1138007442": {
        "class": "2",
        "glbrksavepct": "0.00",
        "glbrksaves": "0",
        "glbrkshots": "0",
        "gldsaves": "0",
        "glga": "0",
        "glgaa": "0.00",
        "glpensavepct": "0.00",
        "glpensaves": "0",
        "glpenshots": "0",
        "glpkclearzone": "0",
        "glpokechecks": "0",
        "glsavepct": "0.00",
        "glsaves": "0",
        "glshots": "0",
        "glsoperiods": "0",
        "isGuest": "1",
        "opponentClubId": "450721",
        "opponentScore": "3",
        "opponentTeamId": "501",
        "player_dnf": "0",
        "playerLevel": "209",
        "pNhlOnlineGameType": "5",
        "position": "rightWing",
        "posSorted": "3",
        "ratingDefense": "70.00",
        "ratingOffense": "75.00",
        "ratingTeamplay": "45.00",
        "score": "2",
        "skassists": "1",
        "skbs": "1",
        "skdeflections": "0",
        "skfol": "0",
        "skfopct": "0.00",
        "skfow": "0",
        "skgiveaways": "10",
        "skgoals": "1",
        "skgwg": "0",
        "skhits": "2",
        "skinterceptions": "4",
        "skpassattempts": "14",
        "skpasses": "6",
        "skpasspct": "42.86",
        "skpenaltiesdrawn": "0",
        "skpim": "2",
        "skpkclearzone": "1",
        "skplusmin": "1",
        "skpossession": "150",
        "skppg": "0",
        "sksaucerpasses": "0",
        "skshg": "0",
        "skshotattempts": "1",
        "skshotonnetpct": "100.00",
        "skshotpct": "100.00",
        "skshots": "1",
        "sktakeaways": "2",
        "teamId": "500",
        "teamSide": "0",
        "toi": "59",
        "toiseconds": "3565",
        "playername": "Col4Bin420"
      },
      "1867569276": {
        "class": "15",
        "glbrksavepct": "0.00",
        "glbrksaves": "0",
        "glbrkshots": "0",
        "gldsaves": "0",
        "glga": "0",
        "glgaa": "0.00",
        "glpensavepct": "0.00",
        "glpensaves": "0",
        "glpenshots": "0",
        "glpkclearzone": "0",
        "glpokechecks": "0",
        "glsavepct": "0.00",
        "glsaves": "0",
        "glshots": "0",
        "glsoperiods": "0",
        "isGuest": "1",
        "opponentClubId": "450721",
        "opponentScore": "3",
        "opponentTeamId": "501",
        "player_dnf": "0",
        "playerLevel": "208",
        "pNhlOnlineGameType": "5",
        "position": "defenseMen",
        "posSorted": "1",
        "ratingDefense": "100.00",
        "ratingOffense": "55.00",
        "ratingTeamplay": "40.00",
        "score": "2",
        "skassists": "0",
        "skbs": "0",
        "skdeflections": "0",
        "skfol": "0",
        "skfopct": "0.00",
        "skfow": "0",
        "skgiveaways": "7",
        "skgoals": "0",
        "skgwg": "0",
        "skhits": "0",
        "skinterceptions": "7",
        "skpassattempts": "18",
        "skpasses": "15",
        "skpasspct": "83.33",
        "skpenaltiesdrawn": "0",
        "skpim": "2",
        "skpkclearzone": "2",
        "skplusmin": "1",
        "skpossession": "191",
        "skppg": "0",
        "sksaucerpasses": "1",
        "skshg": "0",
        "skshotattempts": "1",
        "skshotonnetpct": "100.00",
        "skshotpct": "0.00",
        "skshots": "1",
        "sktakeaways": "2",
        "teamId": "500",
        "teamSide": "0",
        "toi": "63",
        "toiseconds": "3798",
        "playername": "xVerci-"
      },
      "1004704581653": {
        "class": "1",
        "glbrksavepct": "0.00",
        "glbrksaves": "0",
        "glbrkshots": "0",
        "gldsaves": "0",
        "glga": "0",
        "glgaa": "0.00",
        "glpensavepct": "0.00",
        "glpensaves": "0",
        "glpenshots": "0",
        "glpkclearzone": "0",
        "glpokechecks": "0",
        "glsavepct": "0.00",
        "glsaves": "0",
        "glshots": "0",
        "glsoperiods": "0",
        "isGuest": "1",
        "opponentClubId": "450721",
        "opponentScore": "3",
        "opponentTeamId": "501",
        "player_dnf": "0",
        "playerLevel": "261",
        "pNhlOnlineGameType": "5",
        "position": "center",
        "posSorted": "5",
        "ratingDefense": "100.00",
        "ratingOffense": "60.00",
        "ratingTeamplay": "60.00",
        "score": "2",
        "skassists": "1",
        "skbs": "2",
        "skdeflections": "0",
        "skfol": "10",
        "skfopct": "60.00",
        "skfow": "15",
        "skgiveaways": "13",
        "skgoals": "0",
        "skgwg": "0",
        "skhits": "1",
        "skinterceptions": "18",
        "skpassattempts": "14",
        "skpasses": "7",
        "skpasspct": "50.00",
        "skpenaltiesdrawn": "1",
        "skpim": "2",
        "skpkclearzone": "1",
        "skplusmin": "1",
        "skpossession": "169",
        "skppg": "0",
        "sksaucerpasses": "0",
        "skshg": "0",
        "skshotattempts": "1",
        "skshotonnetpct": "100.00",
        "skshotpct": "0.00",
        "skshots": "1",
        "sktakeaways": "9",
        "teamId": "500",
        "teamSide": "0",
        "toi": "63",
        "toiseconds": "3803",
        "playername": "xBxllxgxrde-"
      }
    },
    "450721": {
      "178617183": {
        "class": "21",
        "glbrksavepct": "0.00",
        "glbrksaves": "0",
        "glbrkshots": "0",
        "gldsaves": "0",
        "glga": "2",
        "glgaa": "1.90",
        "glpensavepct": "0.00",
        "glpensaves": "0",
        "glpenshots": "0",
        "glpkclearzone": "0",
        "glpokechecks": "0",
        "glsavepct": "0.67",
        "glsaves": "4",
        "glshots": "6",
        "glsoperiods": "0",
        "isGuest": "0",
        "opponentClubId": "440740",
        "opponentScore": "2",
        "opponentTeamId": "500",
        "player_dnf": "0",
        "playerLevel": "132",
        "pNhlOnlineGameType": "5",
        "position": "goalie",
        "posSorted": "0",
        "ratingDefense": "70.00",
        "ratingOffense": "40.00",
        "ratingTeamplay": "60.00",
        "score": "3",
        "skassists": "0",
        "skbs": "0",
        "skdeflections": "0",
        "skfol": "0",
        "skfopct": "0.00",
        "skfow": "0",
        "skgiveaways": "0",
        "skgoals": "0",
        "skgwg": "0",
        "skhits": "0",
        "skinterceptions": "0",
        "skpassattempts": "0",
        "skpasses": "0",
        "skpasspct": "0.00",
        "skpenaltiesdrawn": "0",
        "skpim": "0",
        "skpkclearzone": "0",
        "skplusmin": "0",
        "skpossession": "0",
        "skppg": "0",
        "sksaucerpasses": "0",
        "skshg": "0",
        "skshotattempts": "0",
        "skshotonnetpct": "0.00",
        "skshotpct": "0.00",
        "skshots": "0",
        "sktakeaways": "0",
        "teamId": "501",
        "teamSide": "1",
        "toi": "63",
        "toiseconds": "3800",
        "playername": "falcolover"
      },
      "1248857979": {
        "class": "15",
        "glbrksavepct": "0.00",
        "glbrksaves": "0",
        "glbrkshots": "0",
        "gldsaves": "0",
        "glga": "0",
        "glgaa": "0.00",
        "glpensavepct": "0.00",
        "glpensaves": "0",
        "glpenshots": "0",
        "glpkclearzone": "0",
        "glpokechecks": "0",
        "glsavepct": "0.00",
        "glsaves": "0",
        "glshots": "0",
        "glsoperiods": "0",
        "isGuest": "1",
        "opponentClubId": "440740",
        "opponentScore": "2",
        "opponentTeamId": "500",
        "player_dnf": "0",
        "playerLevel": "248",
        "pNhlOnlineGameType": "5",
        "position": "defenseMen",
        "posSorted": "2",
        "ratingDefense": "75.00",
        "ratingOffense": "75.00",
        "ratingTeamplay": "65.00",
        "score": "3",
        "skassists": "2",
        "skbs": "0",
        "skdeflections": "0",
        "skfol": "0",
        "skfopct": "0.00",
        "skfow": "0",
        "skgiveaways": "14",
        "skgoals": "0",
        "skgwg": "0",
        "skhits": "1",
        "skinterceptions": "11",
        "skpassattempts": "28",
        "skpasses": "17",
        "skpasspct": "60.71",
        "skpenaltiesdrawn": "1",
        "skpim": "0",
        "skpkclearzone": "0",
        "skplusmin": "-1",
        "skpossession": "298",
        "skppg": "0",
        "sksaucerpasses": "3",
        "skshg": "0",
        "skshotattempts": "3",
        "skshotonnetpct": "66.67",
        "skshotpct": "0.00",
        "skshots": "2",
        "sktakeaways": "5",
        "teamId": "501",
        "teamSide": "1",
        "toi": "63",
        "toiseconds": "3803",
        "playername": "YuNgWuN413"
      },
      "1677503527": {
        "class": "15",
        "glbrksavepct": "0.00",
        "glbrksaves": "0",
        "glbrkshots": "0",
        "gldsaves": "0",
        "glga": "0",
        "glgaa": "0.00",
        "glpensavepct": "0.00",
        "glpensaves": "0",
        "glpenshots": "0",
        "glpkclearzone": "0",
        "glpokechecks": "0",
        "glsavepct": "0.00",
        "glsaves": "0",
        "glshots": "0",
        "glsoperiods": "0",
        "isGuest": "1",
        "opponentClubId": "440740",
        "opponentScore": "2",
        "opponentTeamId": "500",
        "player_dnf": "0",
        "playerLevel": "107",
        "pNhlOnlineGameType": "5",
        "position": "leftWing",
        "posSorted": "4",
        "ratingDefense": "60.00",
        "ratingOffense": "90.00",
        "ratingTeamplay": "65.00",
        "score": "3",
        "skassists": "1",
        "skbs": "0",
        "skdeflections": "0",
        "skfol": "0",
        "skfopct": "0.00",
        "skfow": "0",
        "skgiveaways": "7",
        "skgoals": "1",
        "skgwg": "0",
        "skhits": "1",
        "skinterceptions": "1",
        "skpassattempts": "31",
        "skpasses": "20",
        "skpasspct": "64.52",
        "skpenaltiesdrawn": "0",
        "skpim": "0",
        "skpkclearzone": "0",
        "skplusmin": "-1",
        "skpossession": "196",
        "skppg": "1",
        "sksaucerpasses": "0",
        "skshg": "0",
        "skshotattempts": "7",
        "skshotonnetpct": "42.86",
        "skshotpct": "33.33",
        "skshots": "3",
        "sktakeaways": "1",
        "teamId": "501",
        "teamSide": "1",
        "toi": "63",
        "toiseconds": "3803",
        "playername": "Toeffoli"
      },
      "1754078827": {
        "class": "1",
        "glbrksavepct": "0.00",
        "glbrksaves": "0",
        "glbrkshots": "0",
        "gldsaves": "0",
        "glga": "0",
        "glgaa": "0.00",
        "glpensavepct": "0.00",
        "glpensaves": "0",
        "glpenshots": "0",
        "glpkclearzone": "0",
        "glpokechecks": "0",
        "glsavepct": "0.00",
        "glsaves": "0",
        "glshots": "0",
        "glsoperiods": "0",
        "isGuest": "0",
        "opponentClubId": "440740",
        "opponentScore": "2",
        "opponentTeamId": "500",
        "player_dnf": "0",
        "playerLevel": "284",
        "pNhlOnlineGameType": "5",
        "position": "center",
        "posSorted": "5",
        "ratingDefense": "70.00",
        "ratingOffense": "100.00",
        "ratingTeamplay": "80.00",
        "score": "3",
        "skassists": "1",
        "skbs": "0",
        "skdeflections": "0",
        "skfol": "15",
        "skfopct": "40.00",
        "skfow": "10",
        "skgiveaways": "14",
        "skgoals": "2",
        "skgwg": "1",
        "skhits": "2",
        "skinterceptions": "7",
        "skpassattempts": "30",
        "skpasses": "17",
        "skpasspct": "56.67",
        "skpenaltiesdrawn": "2",
        "skpim": "0",
        "skpkclearzone": "0",
        "skplusmin": "-1",
        "skpossession": "300",
        "skppg": "0",
        "sksaucerpasses": "0",
        "skshg": "0",
        "skshotattempts": "6",
        "skshotonnetpct": "100.00",
        "skshotpct": "33.33",
        "skshots": "6",
        "sktakeaways": "5",
        "teamId": "501",
        "teamSide": "1",
        "toi": "63",
        "toiseconds": "3803",
        "playername": "Tekk112"
      },
      "1839064560": {
        "class": "15",
        "glbrksavepct": "0.00",
        "glbrksaves": "0",
        "glbrkshots": "0",
        "gldsaves": "0",
        "glga": "0",
        "glgaa": "0.00",
        "glpensavepct": "0.00",
        "glpensaves": "0",
        "glpenshots": "0",
        "glpkclearzone": "0",
        "glpokechecks": "0",
        "glsavepct": "0.00",
        "glsaves": "0",
        "glshots": "0",
        "glsoperiods": "0",
        "isGuest": "1",
        "opponentClubId": "440740",
        "opponentScore": "2",
        "opponentTeamId": "500",
        "player_dnf": "0",
        "playerLevel": "188",
        "pNhlOnlineGameType": "5",
        "position": "defenseMen",
        "posSorted": "1",
        "ratingDefense": "65.00",
        "ratingOffense": "60.00",
        "ratingTeamplay": "65.00",
        "score": "3",
        "skassists": "0",
        "skbs": "0",
        "skdeflections": "0",
        "skfol": "0",
        "skfopct": "0.00",
        "skfow": "0",
        "skgiveaways": "14",
        "skgoals": "0",
        "skgwg": "0",
        "skhits": "3",
        "skinterceptions": "8",
        "skpassattempts": "17",
        "skpasses": "14",
        "skpasspct": "82.35",
        "skpenaltiesdrawn": "0",
        "skpim": "2",
        "skpkclearzone": "0",
        "skplusmin": "-1",
        "skpossession": "140",
        "skppg": "0",
        "sksaucerpasses": "1",
        "skshg": "0",
        "skshotattempts": "1",
        "skshotonnetpct": "100.00",
        "skshotpct": "0.00",
        "skshots": "1",
        "sktakeaways": "4",
        "teamId": "501",
        "teamSide": "1",
        "toi": "63",
        "toiseconds": "3803",
        "playername": "Buck_PmT"
      },
      "1857603419": {
        "class": "2",
        "glbrksavepct": "0.00",
        "glbrksaves": "0",
        "glbrkshots": "0",
        "gldsaves": "0",
        "glga": "0",
        "glgaa": "0.00",
        "glpensavepct": "0.00",
        "glpensaves": "0",
        "glpenshots": "0",
        "glpkclearzone": "0",
        "glpokechecks": "0",
        "glsavepct": "0.00",
        "glsaves": "0",
        "glshots": "0",
        "glsoperiods": "0",
        "isGuest": "1",
        "opponentClubId": "440740",
        "opponentScore": "2",
        "opponentTeamId": "500",
        "player_dnf": "0",
        "playerLevel": "299",
        "pNhlOnlineGameType": "5",
        "position": "rightWing",
        "posSorted": "3",
        "ratingDefense": "70.00",
        "ratingOffense": "75.00",
        "ratingTeamplay": "70.00",
        "score": "3",
        "skassists": "0",
        "skbs": "0",
        "skdeflections": "0",
        "skfol": "0",
        "skfopct": "0.00",
        "skfow": "0",
        "skgiveaways": "11",
        "skgoals": "0",
        "skgwg": "0",
        "skhits": "1",
        "skinterceptions": "7",
        "skpassattempts": "35",
        "skpasses": "30",
        "skpasspct": "85.71",
        "skpenaltiesdrawn": "1",
        "skpim": "0",
        "skpkclearzone": "0",
        "skplusmin": "-1",
        "skpossession": "334",
        "skppg": "0",
        "sksaucerpasses": "1",
        "skshg": "0",
        "skshotattempts": "5",
        "skshotonnetpct": "40.00",
        "skshotpct": "0.00",
        "skshots": "2",
        "sktakeaways": "5",
        "teamId": "501",
        "teamSide": "1",
        "toi": "63",
        "toiseconds": "3803",
        "playername": "Letang--"
      }
    }
  },
  "aggregate": {
    "440740": {
      "class": 60,
      "glbrksavepct": 0,
      "glbrksaves": 0,
      "glbrkshots": 0,
      "gldsaves": 0,
      "glga": 3,
      "glgaa": 2.86,
      "glpensavepct": 0,
      "glpensaves": 0,
      "glpenshots": 1,
      "glpkclearzone": 0,
      "glpokechecks": 0,
      "glsavepct": 0.81,
      "glsaves": 13,
      "glshots": 16,
      "glsoperiods": 0,
      "isGuest": 4,
      "opponentClubId": 2704326,
      "opponentScore": 18,
      "opponentTeamId": 3006,
      "player_dnf": 0,
      "playerLevel": 1144,
      "pNhlOnlineGameType": 30,
      "position": 0,
      "posSorted": 15,
      "ratingDefense": 515,
      "ratingOffense": 380,
      "ratingTeamplay": 280,
      "score": 12,
      "skassists": 2,
      "skbs": 5,
      "skdeflections": 0,
      "skfol": 10,
      "skfopct": 60,
      "skfow": 15,
      "skgiveaways": 54,
      "skgoals": 2,
      "skgwg": 0,
      "skhits": 3,
      "skinterceptions": 41,
      "skpassattempts": 74,
      "skpasses": 46,
      "skpasspct": 301.33,
      "skpenaltiesdrawn": 1,
      "skpim": 8,
      "skpkclearzone": 5,
      "skplusmin": 5,
      "skpossession": 864,
      "skppg": 0,
      "sksaucerpasses": 4,
      "skshg": 0,
      "skshotattempts": 8,
      "skshotonnetpct": 416.67,
      "skshotpct": 200,
      "skshots": 6,
      "sktakeaways": 19,
      "teamId": 3000,
      "teamSide": 0,
      "toi": 372,
      "toiseconds": 22456
    },
    "450721": {
      "class": 69,
      "glbrksavepct": 0,
      "glbrksaves": 0,
      "glbrkshots": 0,
      "gldsaves": 0,
      "glga": 2,
      "glgaa": 1.9,
      "glpensavepct": 0,
      "glpensaves": 0,
      "glpenshots": 0,
      "glpkclearzone": 0,
      "glpokechecks": 0,
      "glsavepct": 0.67,
      "glsaves": 4,
      "glshots": 6,
      "glsoperiods": 0,
      "isGuest": 4,
      "opponentClubId": 2644440,
      "opponentScore": 12,
      "opponentTeamId": 3000,
      "player_dnf": 0,
      "playerLevel": 1258,
      "pNhlOnlineGameType": 30,
      "position": 0,
      "posSorted": 15,
      "ratingDefense": 410,
      "ratingOffense": 440,
      "ratingTeamplay": 405,
      "score": 18,
      "skassists": 4,
      "skbs": 0,
      "skdeflections": 0,
      "skfol": 15,
      "skfopct": 40,
      "skfow": 10,
      "skgiveaways": 60,
      "skgoals": 3,
      "skgwg": 1,
      "skhits": 8,
      "skinterceptions": 34,
      "skpassattempts": 141,
      "skpasses": 98,
      "skpasspct": 349.96,
      "skpenaltiesdrawn": 4,
      "skpim": 2,
      "skpkclearzone": 0,
      "skplusmin": -5,
      "skpossession": 1268,
      "skppg": 1,
      "sksaucerpasses": 5,
      "skshg": 0,
      "skshotattempts": 22,
      "skshotonnetpct": 349.53,
      "skshotpct": 66.66,
      "skshots": 14,
      "sktakeaways": 20,
      "teamId": 3006,
      "teamSide": 6,
      "toi": 378,
      "toiseconds": 22815
    }
  }
}