{
  "matchId": "6812326280031",
  "timestamp": 1664503952,
  "timeAgo": {
    "number": 9,
    "unit": "minutes"
  },
  "clubs": {
    "440740": {
      "clubDivision": "1",
      "cNhlOnlineGameType": "5",
      "garaw": "9",
      "gfraw": "0",
      "losses": "1",
      "memberString": "6 / 6",
      "opponentClubId": "450721",
      "opponentScore": "9",
      "opponentTeamArtAbbr": "EASHL",
      "passa": "26",
      "passc": "16",
      "ppg": "0",
      "ppo": "0",
      "result": "10",
      "score": "0",
      "scoreString": "0 - 9",
      "shots": "3",
      "teamArtAbbr": "DROP",
      "teamSide": "1",
      "toa": "71",
      "winnerByDnf": "0",
      "winnerByGoalieDnf": "0",
      "details": {
        "name": "M6 Electrified",
        "clubId": 440740,
        "regionId": 5,
        "teamId": 5070,
        "customKit": {
          "isCustomTeam": "1",
          "crestAssetId": "183",
          "useBaseAsset": "1"
        }
      },
      "goals": "0",
      "goalsAgainst": "9"
    },
    "450721": {
      "clubDivision": "3",
      "cNhlOnlineGameType": "5",
      "garaw": "0",
      "gfraw": "9",
      "losses": "0",
      "memberString": "6 / 6",
      "opponentClubId": "440740",
      "opponentScore": "0",
      "opponentTeamArtAbbr": "DROP",
      "passa": "62",
      "passc": "41",
      "ppg": "2",
      "ppo": "4",
      "result": "16385",
      "score": "9",
      "scoreString": "9 - 0",
      "shots": "17",
      "teamArtAbbr": "EASHL",
      "teamSide": "0",
      "toa": "276",
      "winnerByDnf": "1",
      "winnerByGoalieDnf": "0",
      "details": {
        "name": "M6 Troublemakers",
        "clubId": 450721,
        "regionId": 5,
        "teamId": 5137,
        "customKit": {
          "isCustomTeam": "1",
          "crestAssetId": "242",
          "useBaseAsset": "1"
        }
      },
      "goals": "9",
      "goalsAgainst": "0"
    }
  },
  "players": {
    "440740": {
      "655079392": {
        "class": "21",
        "glbrksavepct": "0.00",
        "glbrksaves": "0",
        "glbrkshots": "0",
        "gldsaves": "0",
        "glga": "9",
        "glgaa": "18.62",
        "glpensavepct": "0.00",
        "glpensaves": "0",
        "glpenshots": "0",
        "glpkclearzone": "0",
        "glpokechecks": "0",
        "glsavepct": "0.47",
        "glsaves": "8",
        "glshots": "17",
        "glsoperiods": "0",
        "isGuest": "0",
        "opponentClubId": "450721",
        "opponentScore": "9",
        "opponentTeamId": "500",
        "player_dnf": "0",
        "playerLevel": "30",
        "pNhlOnlineGameType": "5",
        "position": "goalie",
        "posSorted": "0",
        "ratingDefense": "65.00",
        "ratingOffense": "25.00",
        "ratingTeamplay": "50.00",
        "score": "0",
        "skassists": "0",
        "skbs": "0",
        "skdeflections": "0",
        "skfol": "0",
        "skfopct": "0.00",
        "skfow": "0",
        "skgiveaways": "0",
        "skgoals": "0",
        "skgwg": "0",
        "skhits": "0",
        "skinterceptions": "0",
        "skpassattempts": "0",
        "skpasses": "0",
        "skpasspct": "0.00",
        "skpenaltiesdrawn": "0",
        "skpim": "0",
        "skpkclearzone": "0",
        "skplusmin": "0",
        "skpossession": "0",
        "skppg": "0",
        "sksaucerpasses": "0",
        "skshg": "0",
        "skshotattempts": "0",
        "skshotonnetpct": "0.00",
        "skshotpct": "0.00",
        "skshots": "0",
        "sktakeaways": "0",
        "teamId": "501",
        "teamSide": "1",
        "toi": "29",
        "toiseconds": "1755",
        "playername": "SVNickNitro"
      },
      "787537987": {
        "class": "1",
        "glbrksavepct": "0.00",
        "glbrksaves": "0",
        "glbrkshots": "0",
        "gldsaves": "0",
        "glga": "0",
        "glgaa": "0.00",
        "glpensavepct": "0.00",
        "glpensaves": "0",
        "glpenshots": "0",
        "glpkclearzone": "0",
        "glpokechecks": "0",
        "glsavepct": "0.00",
        "glsaves": "0",
        "glshots": "0",
        "glsoperiods": "0",
        "isGuest": "1",
        "opponentClubId": "450721",
        "opponentScore": "9",
        "opponentTeamId": "500",
        "player_dnf": "1",
        "playerLevel": "10",
        "pNhlOnlineGameType": "5",
        "position": "center",
        "posSorted": "5",
        "ratingDefense": "25.00",
        "ratingOffense": "55.00",
        "ratingTeamplay": "70.00",
        "score": "0",
        "skassists": "0",
        "skbs": "0",
        "skdeflections": "0",
        "skfol": "10",
        "skfopct": "50.00",
        "skfow": "10",
        "skgiveaways": "6",
        "skgoals": "0",
        "skgwg": "0",
        "skhits": "4",
        "skinterceptions": "3",
        "skpassattempts": "5",
        "skpasses": "3",
        "skpasspct": "60.00",
        "skpenaltiesdrawn": "0",
        "skpim": "0",
        "skpkclearzone": "0",
        "skplusmin": "-5",
        "skpossession": "43",
        "skppg": "0",
        "sksaucerpasses": "1",
        "skshg": "0",
        "skshotattempts": "1",
        "skshotonnetpct": "100.00",
        "skshotpct": "0.00",
        "skshots": "1",
        "sktakeaways": "3",
        "teamId": "501",
        "teamSide": "1",
        "toi": "24",
        "toiseconds": "1420",
        "playername": "BarryWoodsDong"
      },
      "1012193622": {
        "class": "15",
        "glbrksavepct": "0.00",
        "glbrksaves": "0",
        "glbrkshots": "0",
        "gldsaves": "0",
        "glga": "0",
        "glgaa": "0.00",
        "glpensavepct": "0.00",
        "glpensaves": "0",
        "glpenshots": "0",
        "glpkclearzone": "0",
        "glpokechecks": "0",
        "glsavepct": "0.00",
        "glsaves": "0",
        "glshots": "0",
        "glsoperiods": "0",
        "isGuest": "0",
        "opponentClubId": "450721",
        "opponentScore": "9",
        "opponentTeamId": "500",
        "player_dnf": "1",
        "playerLevel": "203",
        "pNhlOnlineGameType": "5",
        "position": "defenseMen",
        "posSorted": "2",
        "ratingDefense": "30.00",
        "ratingOffense": "50.00",
        "ratingTeamplay": "45.00",
        "score": "0",
        "skassists": "0",
        "skbs": "0",
        "skdeflections": "0",
        "skfol": "0",
        "skfopct": "0.00",
        "skfow": "0",
        "skgiveaways": "3",
        "skgoals": "0",
        "skgwg": "0",
        "skhits": "4",
        "skinterceptions": "4",
        "skpassattempts": "4",
        "skpasses": "2",
        "skpasspct": "50.00",
        "skpenaltiesdrawn": "0",
        "skpim": "2",
        "skpkclearzone": "3",
        "skplusmin": "-6",
        "skpossession": "41",
        "skppg": "0",
        "sksaucerpasses": "0",
        "skshg": "0",
        "skshotattempts": "0",
        "skshotonnetpct": "0.00",
        "skshotpct": "0.00",
        "skshots": "0",
        "sktakeaways": "1",
        "teamId": "501",
        "teamSide": "1",
        "toi": "23",
        "toiseconds": "1381",
        "playername": "Bilal-I96I"
      },
      "1135212727": {
        "class": "15",
        "glbrksavepct": "0.00",
        "glbrksaves": "0",
        "glbrkshots": "0",
        "gldsaves": "0",
        "glga": "0",
        "glgaa": "0.00",
        "glpensavepct": "0.00",
        "glpensaves": "0",
        "glpenshots": "0",
        "glpkclearzone": "0",
        "glpokechecks": "0",
        "glsavepct": "0.00",
        "glsaves": "0",
        "glshots": "0",
        "glsoperiods": "0",
        "isGuest": "1",
        "opponentClubId": "450721",
        "opponentScore": "9",
        "opponentTeamId": "500",
        "player_dnf": "1",
        "playerLevel": "164",
        "pNhlOnlineGameType": "5",
        "position": "defenseMen",
        "posSorted": "1",
        "ratingDefense": "15.00",
        "ratingOffense": "50.00",
        "ratingTeamplay": "20.00",
        "score": "0",
        "skassists": "0",
        "skbs": "0",
        "skdeflections": "0",
        "skfol": "0",
        "skfopct": "0.00",
        "skfow": "0",
        "skgiveaways": "0",
        "skgoals": "0",
        "skgwg": "0",
        "skhits": "0",
        "skinterceptions": "2",
        "skpassattempts": "2",
        "skpasses": "1",
        "skpasspct": "50.00",
        "skpenaltiesdrawn": "0",
        "skpim": "4",
        "skpkclearzone": "1",
        "skplusmin": "-6",
        "skpossession": "35",
        "skppg": "0",
        "sksaucerpasses": "0",
        "skshg": "0",
        "skshotattempts": "0",
        "skshotonnetpct": "0.00",
        "skshotpct": "0.00",
        "skshots": "0",
        "sktakeaways": "1",
        "teamId": "501",
        "teamSide": "1",
        "toi": "22",
        "toiseconds": "1300",
        "playername": "Mr_Janack12"
      },
      "1003797820592": {
        "class": "2",
        "glbrksavepct": "0.00",
        "glbrksaves": "0",
        "glbrkshots": "0",
        "gldsaves": "0",
        "glga": "0",
        "glgaa": "0.00",
        "glpensavepct": "0.00",
        "glpensaves": "0",
        "glpenshots": "0",
        "glpkclearzone": "0",
        "glpokechecks": "0",
        "glsavepct": "0.00",
        "glsaves": "0",
        "glshots": "0",
        "glsoperiods": "0",
        "isGuest": "1",
        "opponentClubId": "450721",
        "opponentScore": "9",
        "opponentTeamId": "500",
        "player_dnf": "1",
        "playerLevel": "299",
        "pNhlOnlineGameType": "5",
        "position": "leftWing",
        "posSorted": "4",
        "ratingDefense": "30.00",
        "ratingOffense": "50.00",
        "ratingTeamplay": "5.00",
        "score": "0",
        "skassists": "0",
        "skbs": "0",
        "skdeflections": "0",
        "skfol": "0",
        "skfopct": "0.00",
        "skfow": "0",
        "skgiveaways": "6",
        "skgoals": "0",
        "skgwg": "0",
        "skhits": "0",
        "skinterceptions": "3",
        "skpassattempts": "6",
        "skpasses": "4",
        "skpasspct": "66.67",
        "skpenaltiesdrawn": "0",
        "skpim": "0",
        "skpkclearzone": "0",
        "skplusmin": "-7",
        "skpossession": "43",
        "skppg": "0",
        "sksaucerpasses": "0",
        "skshg": "0",
        "skshotattempts": "1",
        "skshotonnetpct": "0.00",
        "skshotpct": "0.00",
        "skshots": "0",
        "sktakeaways": "1",
        "teamId": "501",
        "teamSide": "1",
        "toi": "29",
        "toiseconds": "1755",
        "playername": "A-H-O_20-"
      },
      "1004704581653": {
        "class": "15",
        "glbrksavepct": "0.00",
        "glbrksaves": "0",
        "glbrkshots": "0",
        "gldsaves": "0",
        "glga": "0",
        "glgaa": "0.00",
        "glpensavepct": "0.00",
        "glpensaves": "0",
        "glpenshots": "0",
        "glpkclearzone": "0",
        "glpokechecks": "0",
        "glsavepct": "0.00",
        "glsaves": "0",
        "glshots": "0",
        "glsoperiods": "0",
        "isGuest": "1",
        "opponentClubId": "450721",
        "opponentScore": "9",
        "opponentTeamId": "500",
        "player_dnf": "1",
        "playerLevel": "261",
        "pNhlOnlineGameType": "5",
        "position": "rightWing",
        "posSorted": "3",
        "ratingDefense": "40.00",
        "ratingOffense": "55.00",
        "ratingTeamplay": "40.00",
        "score": "0",
        "skassists": "0",
        "skbs": "0",
        "skdeflections": "0",
        "skfol": "0",
        "skfopct": "0.00",
        "skfow": "0",
        "skgiveaways": "2",
        "skgoals": "0",
        "skgwg": "0",
        "skhits": "0",
        "skinterceptions": "5",
        "skpassattempts": "6",
        "skpasses": "3",
        "skpasspct": "50.00",
        "skpenaltiesdrawn": "1",
        "skpim": "12",
        "skpkclearzone": "1",
        "skplusmin": "-6",
        "skpossession": "55",
        "skppg": "0",
        "sksaucerpasses": "0",
        "skshg": "0",
        "skshotattempts": "2",
        "skshotonnetpct": "100.00",
        "skshotpct": "0.00",
        "skshots": "2",
        "sktakeaways": "3",
        "teamId": "501",
        "teamSide": "1",
        "toi": "25",
        "toiseconds": "1484",
        "playername": "xBxllxgxrde-"
      }
    },
    "450721": {
      "178617183": {
        "class": "21",
        "glbrksavepct": "0.00",
        "glbrksaves": "0",
        "glbrkshots": "0",
        "gldsaves": "0",
        "glga": "0",
        "glgaa": "0.00",
        "glpensavepct": "0.00",
        "glpensaves": "0",
        "glpenshots": "0",
        "glpkclearzone": "0",
        "glpokechecks": "0",
        "glsavepct": "1.00",
        "glsaves": "3",
        "glshots": "3",
        "glsoperiods": "0",
        "isGuest": "0",
        "opponentClubId": "440740",
        "opponentScore": "0",
        "opponentTeamId": "501",
        "player_dnf": "0",
        "playerLevel": "132",
        "pNhlOnlineGameType": "5",
        "position": "goalie",
        "posSorted": "0",
        "ratingDefense": "60.00",
        "ratingOffense": "55.00",
        "ratingTeamplay": "50.00",
        "score": "9",
        "skassists": "0",
        "skbs": "0",
        "skdeflections": "0",
        "skfol": "0",
        "skfopct": "0.00",
        "skfow": "0",
        "skgiveaways": "0",
        "skgoals": "0",
        "skgwg": "0",
        "skhits": "0",
        "skinterceptions": "0",
        "skpassattempts": "0",
        "skpasses": "0",
        "skpasspct": "0.00",
        "skpenaltiesdrawn": "0",
        "skpim": "0",
        "skpkclearzone": "0",
        "skplusmin": "0",
        "skpossession": "0",
        "skppg": "0",
        "sksaucerpasses": "0",
        "skshg": "0",
        "skshotattempts": "0",
        "skshotonnetpct": "0.00",
        "skshotpct": "0.00",
        "skshots": "0",
        "sktakeaways": "0",
        "teamId": "500",
        "teamSide": "0",
        "toi": "29",
        "toiseconds": "1755",
        "playername": "falcolover"
      },
      "1248857979": {
        "class": "15",
        "glbrksavepct": "0.00",
        "glbrksaves": "0",
        "glbrkshots": "0",
        "gldsaves": "0",
        "glga": "0",
        "glgaa": "0.00",
        "glpensavepct": "0.00",
        "glpensaves": "0",
        "glpenshots": "0",
        "glpkclearzone": "0",
        "glpokechecks": "0",
        "glsavepct": "0.00",
        "glsaves": "0",
        "glshots": "0",
        "glsoperiods": "0",
        "isGuest": "1",
        "opponentClubId": "440740",
        "opponentScore": "0",
        "opponentTeamId": "501",
        "player_dnf": "0",
        "playerLevel": "248",
        "pNhlOnlineGameType": "5",
        "position": "defenseMen",
        "posSorted": "2",
        "ratingDefense": "65.00",
        "ratingOffense": "85.00",
        "ratingTeamplay": "55.00",
        "score": "9",
        "skassists": "3",
        "skbs": "0",
        "skdeflections": "0",
        "skfol": "0",
        "skfopct": "0.00",
        "skfow": "0",
        "skgiveaways": "12",
        "skgoals": "0",
        "skgwg": "0",
        "skhits": "2",
        "skinterceptions": "4",
        "skpassattempts": "21",
        "skpasses": "13",
        "skpasspct": "61.90",
        "skpenaltiesdrawn": "1",
        "skpim": "0",
        "skpkclearzone": "0",
        "skplusmin": "7",
        "skpossession": "208",
        "skppg": "0",
        "sksaucerpasses": "2",
        "skshg": "0",
        "skshotattempts": "0",
        "skshotonnetpct": "0.00",
        "skshotpct": "0.00",
        "skshots": "0",
        "sktakeaways": "1",
        "teamId": "500",
        "teamSide": "0",
        "toi": "29",
        "toiseconds": "1755",
        "playername": "YuNgWuN413"
      },
      "1695286344": {
        "class": "2",
        "glbrksavepct": "0.00",
        "glbrksaves": "0",
        "glbrkshots": "0",
        "gldsaves": "0",
        "glga": "0",
        "glgaa": "0.00",
        "glpensavepct": "0.00",
        "glpensaves": "0",
        "glpenshots": "0",
        "glpkclearzone": "0",
        "glpokechecks": "0",
        "glsavepct": "0.00",
        "glsaves": "0",
        "glshots": "0",
        "glsoperiods": "0",
        "isGuest": "1",
        "opponentClubId": "440740",
        "opponentScore": "0",
        "opponentTeamId": "501",
        "player_dnf": "0",
        "playerLevel": "208",
        "pNhlOnlineGameType": "5",
        "position": "leftWing",
        "posSorted": "4",
        "ratingDefense": "55.00",
        "ratingOffense": "100.00",
        "ratingTeamplay": "60.00",
        "score": "9",
        "skassists": "3",
        "skbs": "0",
        "skdeflections": "0",
        "skfol": "0",
        "skfopct": "0.00",
        "skfow": "0",
        "skgiveaways": "5",
        "skgoals": "3",
        "skgwg": "0",
        "skhits": "1",
        "skinterceptions": "1",
        "skpassattempts": "17",
        "skpasses": "12",
        "skpasspct": "70.59",
        "skpenaltiesdrawn": "1",
        "skpim": "0",
        "skpkclearzone": "0",
        "skplusmin": "7",
        "skpossession": "123",
        "skppg": "2",
        "sksaucerpasses": "1",
        "skshg": "0",
        "skshotattempts": "5",
        "skshotonnetpct": "100.00",
        "skshotpct": "60.00",
        "skshots": "5",
        "sktakeaways": "1",
        "teamId": "500",
        "teamSide": "0",
        "toi": "29",
        "toiseconds": "1755",
        "playername": "Lambert--22"
      },
      "1754078827": {
        "class": "1",
        "glbrksavepct": "0.00",
        "glbrksaves": "0",
        "glbrkshots": "0",
        "gldsaves": "0",
        "glga": "0",
        "glgaa": "0.00",
        "glpensavepct": "0.00",
        "glpensaves": "0",
        "glpenshots": "0",
        "glpkclearzone": "0",
        "glpokechecks": "0",
        "glsavepct": "0.00",
        "glsaves": "0",
        "glshots": "0",
        "glsoperiods": "0",
        "isGuest": "0",
        "opponentClubId": "440740",
        "opponentScore": "0",
        "opponentTeamId": "501",
        "player_dnf": "0",
        "playerLevel": "284",
        "pNhlOnlineGameType": "5",
        "position": "center",
        "posSorted": "5",
        "ratingDefense": "65.00",
        "ratingOffense": "100.00",
        "ratingTeamplay": "75.00",
        "score": "9",
        "skassists": "4",
        "skbs": "0",
        "skdeflections": "0",
        "skfol": "11",
        "skfopct": "56.00",
        "skfow": "14",
        "skgiveaways": "1",
        "skgoals": "1",
        "skgwg": "0",
        "skhits": "0",
        "skinterceptions": "3",
        "skpassattempts": "10",
        "skpasses": "7",
        "skpasspct": "70.00",
        "skpenaltiesdrawn": "0",
        "skpim": "0",
        "skpkclearzone": "0",
        "skplusmin": "7",
        "skpossession": "105",
        "skppg": "0",
        "sksaucerpasses": "0",
        "skshg": "0",
        "skshotattempts": "3",
        "skshotonnetpct": "66.67",
        "skshotpct": "50.00",
        "skshots": "2",
        "sktakeaways": "3",
        "teamId": "500",
        "teamSide": "0",
        "toi": "29",
        "toiseconds": "1755",
        "playername": "Tekk112"
      },
      "1857603419": {
        "class": "15",
        "glbrksavepct": "0.00",
        "glbrksaves": "0",
        "glbrkshots": "0",
        "gldsaves": "0",
        "glga": "0",
        "glgaa": "0.00",
        "glpensavepct": "0.00",
        "glpensaves": "0",
        "glpenshots": "0",
        "glpkclearzone": "0",
        "glpokechecks": "0",
        "glsavepct": "0.00",
        "glsaves": "0",
        "glshots": "0",
        "glsoperiods": "0",
        "isGuest": "1",
        "opponentClubId": "440740",
        "opponentScore": "0",
        "opponentTeamId": "501",
        "player_dnf": "0",
        "playerLevel": "299",
        "pNhlOnlineGameType": "5",
        "position": "defenseMen",
        "posSorted": "1",
        "ratingDefense": "60.00",
        "ratingOffense": "75.00",
        "ratingTeamplay": "55.00",
        "score": "9",
        "skassists": "0",
        "skbs": "0",
        "skdeflections": "0",
        "skfol": "0",
        "skfopct": "0.00",
        "skfow": "0",
        "skgiveaways": "6",
        "skgoals": "1",
        "skgwg": "0",
        "skhits": "0",
        "skinterceptions": "1",
        "skpassattempts": "7",
        "skpasses": "4",
        "skpasspct": "57.14",
        "skpenaltiesdrawn": "0",
        "skpim": "0",
        "skpkclearzone": "0",
        "skplusmin": "7",
        "skpossession": "149",
        "skppg": "0",
        "sksaucerpasses": "0",
        "skshg": "0",
        "skshotattempts": "2",
        "skshotonnetpct": "100.00",
        "skshotpct": "50.00",
        "skshots": "2",
        "sktakeaways": "1",
        "teamId": "500",
        "teamSide": "0",
        "toi": "29",
        "toiseconds": "1755",
        "playername": "Letang--"
      },
      "1952356637": {
        "class": "2",
        "glbrksavepct": "0.00",
        "glbrksaves": "0",
        "glbrkshots": "0",
        "gldsaves": "0",
        "glga": "0",
        "glgaa": "0.00",
        "glpensavepct": "0.00",
        "glpensaves": "0",
        "glpenshots": "0",
        "glpkclearzone": "0",
        "glpokechecks": "0",
        "glsavepct": "0.00",
        "glsaves": "0",
        "glshots": "0",
        "glsoperiods": "0",
        "isGuest": "1",
        "opponentClubId": "440740",
        "opponentScore": "0",
        "opponentTeamId": "501",
        "player_dnf": "0",
        "playerLevel": "293",
        "pNhlOnlineGameType": "5",
        "position": "rightWing",
        "posSorted": "3",
        "ratingDefense": "60.00",
        "ratingOffense": "100.00",
        "ratingTeamplay": "85.00",
        "score": "9",
        "skassists": "3",
        "skbs": "0",
        "skdeflections": "0",
        "skfol": "0",
        "skfopct": "0.00",
        "skfow": "0",
        "skgiveaways": "4",
        "skgoals": "4",
        "skgwg": "0",
        "skhits": "3",
        "skinterceptions": "3",
        "skpassattempts": "7",
        "skpasses": "5",
        "skpasspct": "71.43",
        "skpenaltiesdrawn": "2",
        "skpim": "10",
        "skpkclearzone": "0",
        "skplusmin": "6",
        "skpossession": "117",
        "skppg": "0",
        "sksaucerpasses": "1",
        "skshg": "0",
        "skshotattempts": "8",
        "skshotonnetpct": "75.00",
        "skshotpct": "66.67",
        "skshots": "6",
        "sktakeaways": "3",
        "teamId": "500",
        "teamSide": "0",
        "toi": "27",
        "toiseconds": "1603",
        "playername": "XxCR33_SniPeRxX"
      }
    }
  },
  "aggregate": {
    "440740": {
      "class": 69,
      "glbrksavepct": 0,
      "glbrksaves": 0,
      "glbrkshots": 0,
      "gldsaves": 0,
      "glga": 9,
      "glgaa": 18.62,
      "glpensavepct": 0,
      "glpensaves": 0,
      "glpenshots": 0,
      "glpkclearzone": 0,
      "glpokechecks": 0,
      "glsavepct": 0.47,
      "glsaves": 8,
      "glshots": 17,
      "glsoperiods": 0,
      "isGuest": 4,
      "opponentClubId": 2704326,
      "opponentScore": 54,
      "opponentTeamId": 3000,
      "player_dnf": 5,
      "playerLevel": 967,
      "pNhlOnlineGameType": 30,
      "position": 0,
      "posSorted": 15,
      "ratingDefense": 205,
      "ratingOffense": 285,
      "ratingTeamplay": 230,
      "score": 0,
      "skassists": 0,
      "skbs": 0,
      "skdeflections": 0,
      "skfol": 10,
      "skfopct": 50,
      "skfow": 10,
      "skgiveaways": 17,
      "skgoals": 0,
      "skgwg": 0,
      "skhits": 8,
      "skinterceptions": 17,
      "skpassattempts": 23,
      "skpasses": 13,
      "skpasspct": 276.67,
      "skpenaltiesdrawn": 1,
      "skpim": 18,
      "skpkclearzone": 5,
      "skplusmin": -30,
      "skpossession": 217,
      "skppg": 0,
      "sksaucerpasses": 1,
      "skshg": 0,
      "skshotattempts": 4,
      "skshotonnetpct": 200,
      "skshotpct": 0,
      "skshots": 3,
      "sktakeaways": 9,
      "teamId": 3006,
      "teamSide": 6,
      "toi": 152,
      "toiseconds": 9095
    },
    "450721": {
      "class": 56,
      "glbrksavepct": 0,
      "glbrksaves": 0,
      "glbrkshots": 0,
      "gldsaves": 0,
      "glga": 0,
      "glgaa": 0,
      "glpensavepct": 0,
      "glpensaves": 0,
      "glpenshots": 0,
      "glpkclearzone": 0,
      "glpokechecks": 0,
      "glsavepct": 1,
      "glsaves": 3,
      "glshots": 3,
      "glsoperiods": 0,
      "isGuest": 4,
      "opponentClubId": 2644440,
      "opponentScore": 0,
      "opponentTeamId": 3006,
      "player_dnf": 0,
      "playerLevel": 1464,
      "pNhlOnlineGameType": 30,
      "position": 0,
      "posSorted": 15,
      "ratingDefense": 365,
      "ratingOffense": 515,
      "ratingTeamplay": 380,
      "score": 54,
      "skassists": 13,
      "skbs": 0,
      "skdeflections": 0,
      "skfol": 11,
      "skfopct": 56,
      "skfow": 14,
      "skgiveaways": 28,
      "skgoals": 9,
      "skgwg": 0,
      "skhits": 6,
      "skinterceptions": 12,
      "skpassattempts": 62,
      "skpasses": 41,
      "skpasspct": 331.06,
      "skpenaltiesdrawn": 4,
      "skpim": 10,
      "skpkclearzone": 0,
      "skplusmin": 34,
      "skpossession": 702,
      "skppg": 2,
      "sksaucerpasses": 4,
      "skshg": 0,
      "skshotattempts": 18,
      "skshotonnetpct": 341.67,
      "skshotpct": 226.67,
      "skshots": 15,
      "sktakeaways": 9,
      "teamId": 3000,
      "teamSide": 0,
      "toi": 172,
      "toiseconds": 10378
    }
  }
}